station_id,station_name,timestamp,water_level_m,discharge_cms,longitude,latitude,flood_status,fetched_at
01AK007,NACKAWIC STREAM NEAR TEMPERANCE VALE,2026-08-31T10:35:00Z,0.543,0.203,-67.23961,46.04878,NORMAL,2026-09-29T052155Z
01AK007,NACKAWIC STREAM NEAR TEMPERANCE VALE,2026-08-31T10:40:00Z,0.544,0.206,-67.23961,46.04878,NORMAL,2026-09-29T052155Z
01AK007,NACKAWIC STREAM NEAR TEMPERANCE VALE,2026-08-31T10:45:00Z,0.544,0.206,-67.23961,46.04878,NORMAL,2026-09-29T052155Z
01AK007,NACKAWIC STREAM NEAR TEMPERANCE VALE,2026-08-31T10:50:00Z,0.544,0.206,-67.23961,46.04878,NORMAL,2026-09-29T052155Z
01AK007,NACKAWIC STREAM NEAR TEMPERANCE VALE,2026-08-31T10:55:00Z,0.544,0.206,-67.23961,46.04878,NORMAL,2026-09-29T052155Z
01AK007,NACKAWIC STREAM NEAR TEMPERANCE VALE,2026-08-31T11:00:00Z,0.543,0.203,-67.23961,46.04878,NORMAL,2026-09-29T052155Z
01AK007,NACKAWIC STREAM NEAR TEMPERANCE VALE,2026-08-31T11:35:00Z,0.543,0.203,-67.23961,46.04878,NORMAL,2026-09-29T052155Z
01AK007,NACKAWIC STREAM NEAR TEMPERANCE VALE,2026-08-31T11:40:00Z,0.543,0.203,-67.23961,46.04878,NORMAL,2026-09-29T052155Z
01AK007,NACKAWIC STREAM NEAR TEMPERANCE VALE,2026-08-31T11:45:00Z,0.543,0.203,-67.23961,46.04878,NORMAL,2026-09-29T052155Z
01AK007,NACKAWIC STREAM NEAR TEMPERANCE VALE,2026-08-31T11:50:00Z,0.542,0.199,-67.23961,46.04878,NORMAL,2026-09-29T052155Z
01AK007,NACKAWIC STREAM NEAR TEMPERANCE VALE,2026-08-31T11:55:00Z,0.544,0.206,-67.23961,46.04878,NORMAL,2026-09-29T052155Z
01AK007,NACKAWIC STREAM NEAR TEMPERANCE VALE,2026-08-31T12:00:00Z,0.543,0.203,-67.23961,46.04878,NORMAL,2026-09-29T052155Z
01AK007,NACKAWIC STREAM NEAR TEMPERANCE VALE,2026-08-31T12:05:00Z,0.543,0.203,-67.23961,46.04878,NORMAL,2026-09-29T052155Z
01AK007,NACKAWIC STREAM NEAR TEMPERANCE VALE,2026-08-31T12:10:00Z,0.543,0.203,-67.23961,46.04878,NORMAL,2026-09-29T052155Z
01AK007,NACKAWIC STREAM NEAR TEMPERANCE VALE,2026-08-31T12:15:00Z,0.543,0.203,-67.23961,46.04878,NORMAL,2026-09-29T052155Z
01AK007,NACKAWIC STREAM NEAR TEMPERANCE VALE,2026-08-31T12:20:00Z,0.542,0.199,-67.23961,46.04878,NORMAL,2026-09-29T052155Z
01AK007,NACKAWIC STREAM NEAR TEMPERANCE VALE,2026-08-31T12:25:00Z,0.542,0.199,-67.23961,46.04878,NORMAL,2026-09-29T052155Z
01AK007,NACKAWIC STREAM NEAR TEMPERANCE VALE,2026-08-31T12:30:00Z,0.544,0.206,-67.23961,46.04878,NORMAL,2026-09-29T052155Z
01AK007,NACKAWIC STREAM NEAR TEMPERANCE VALE,2026-08-31T12:35:00Z,0.543,0.203,-67.23961,46.04878,NORMAL,2026-09-29T052155Z
01AK007,NACKAWIC STREAM NEAR TEMPERANCE VALE,2026-08-31T12:40:00Z,0.543,0.203,-67.23961,46.04878,NORMAL,2026-09-29T052155Z
01AK007,NACKAWIC STREAM NEAR TEMPERANCE VALE,2026-08-31T12:45:00Z,0.543,0.203,-67.23961,46.04878,NORMAL,2026-09-29T052155Z
01AK007,NACKAWIC STREAM NEAR TEMPERANCE VALE,2026-08-31T11:05:00Z,0.543,0.203,-67.23961,46.04878,NORMAL,2026-09-29T052155Z
01AK007,NACKAWIC STREAM NEAR TEMPERANCE VALE,2026-08-31T11:10:00Z,0.543,0.203,-67.23961,46.04878,NORMAL,2026-09-29T052155Z
01AK007,NACKAWIC STREAM NEAR TEMPERANCE VALE,2026-08-31T11:15:00Z,0.544,0.206,-67.23961,46.04878,NORMAL,2026-09-29T052155Z
01AK007,NACKAWIC STREAM NEAR TEMPERANCE VALE,2026-08-31T11:20:00Z,0.544,0.206,-67.23961,46.04878,NORMAL,2026-09-29T052155Z
01AK007,NACKAWIC STREAM NEAR TEMPERANCE VALE,2026-08-31T11:25:00Z,0.543,0.203,-67.23961,46.04878,NORMAL,2026-09-29T052155Z
01AK007,NACKAWIC STREAM NEAR TEMPERANCE VALE,2026-08-31T11:30:00Z,0.543,0.203,-67.23961,46.04878,NORMAL,2026-09-29T052155Z
01AK007,NACKAWIC STREAM NEAR TEMPERANCE VALE,2026-08-31T10:05:00Z,0.545,0.21,-67.23961,46.04878,NORMAL,2026-09-29T052155Z
01AK007,NACKAWIC STREAM NEAR TEMPERANCE VALE,2026-08-31T10:10:00Z,0.545,0.21,-67.23961,46.04878,NORMAL,2026-09-29T052155Z
01AK007,NACKAWIC STREAM NEAR TEMPERANCE VALE,2026-08-31T10:15:00Z,0.544,0.206,-67.23961,46.04878,NORMAL,2026-09-29T052155Z
01AK007,NACKAWIC STREAM NEAR TEMPERANCE VALE,2026-08-31T10:20:00Z,0.544,0.206,-67.23961,46.04878,NORMAL,2026-09-29T052155Z
01AK007,NACKAWIC STREAM NEAR TEMPERANCE VALE,2026-08-31T10:25:00Z,0.544,0.206,-67.23961,46.04878,NORMAL,2026-09-29T052155Z
01AK007,NACKAWIC STREAM NEAR TEMPERANCE VALE,2026-08-31T10:30:00Z,0.544,0.206,-67.23961,46.04878,NORMAL,2026-09-29T052155Z
01AK007,NACKAWIC STREAM NEAR TEMPERANCE VALE,2026-08-31T12:50:00Z,0.543,0.203,-67.23961,46.04878,NORMAL,2026-09-29T052155Z
01AK007,NACKAWIC STREAM NEAR TEMPERANCE VALE,2026-08-31T12:55:00Z,0.542,0.199,-67.23961,46.04878,NORMAL,2026-09-29T052155Z
01AK007,NACKAWIC STREAM NEAR TEMPERANCE VALE,2026-08-31T13:00:00Z,0.542,0.199,-67.23961,46.04878,NORMAL,2026-09-29T052155Z
01AK007,NACKAWIC STREAM NEAR TEMPERANCE VALE,2026-08-31T13:05:00Z,0.543,0.203,-67.23961,46.04878,NORMAL,2026-09-29T052155Z
01AK007,NACKAWIC STREAM NEAR TEMPERANCE VALE,2026-08-31T13:10:00Z,0.543,0.203,-67.23961,46.04878,NORMAL,2026-09-29T052155Z
01AK007,NACKAWIC STREAM NEAR TEMPERANCE VALE,2026-08-31T13:15:00Z,0.543,0.203,-67.23961,46.04878,NORMAL,2026-09-29T052155Z
01AK007,NACKAWIC STREAM NEAR TEMPERANCE VALE,2026-08-31T13:20:00Z,0.543,0.203,-67.23961,46.04878,NORMAL,2026-09-29T052155Z
01AK007,NACKAWIC STREAM NEAR TEMPERANCE VALE,2026-08-31T13:25:00Z,0.543,0.203,-67.23961,46.04878,NORMAL,2026-09-29T052155Z
01AK007,NACKAWIC STREAM NEAR TEMPERANCE VALE,2026-08-31T13:30:00Z,0.542,0.199,-67.23961,46.04878,NORMAL,2026-09-29T052155Z
01AK007,NACKAWIC STREAM NEAR TEMPERANCE VALE,2026-08-31T13:35:00Z,0.542,0.199,-67.23961,46.04878,NORMAL,2026-09-29T052155Z
01AK007,NACKAWIC STREAM NEAR TEMPERANCE VALE,2026-08-31T13:40:00Z,0.543,0.203,-67.23961,46.04878,NORMAL,2026-09-29T052155Z
01AK007,NACKAWIC STREAM NEAR TEMPERANCE VALE,2026-08-31T13:45:00Z,0.543,0.203,-67.23961,46.04878,NORMAL,2026-09-29T052155Z
01AK007,NACKAWIC STREAM NEAR TEMPERANCE VALE,2026-08-31T13:50:00Z,0.542,0.199,-67.23961,46.04878,NORMAL,2026-09-29T052155Z
01AK007,NACKAWIC STREAM NEAR TEMPERANCE VALE,2026-08-31T13:55:00Z,0.542,0.199,-67.23961,46.04878,NORMAL,2026-09-29T052155Z
01AK007,NACKAWIC STREAM NEAR TEMPERANCE VALE,2026-08-31T14:00:00Z,0.542,0.199,-67.23961,46.04878,NORMAL,2026-09-29T052155Z
01AK007,NACKAWIC STREAM NEAR TEMPERANCE VALE,2026-08-31T14:05:00Z,0.542,0.199,-67.23961,46.04878,NORMAL,2026-09-29T052155Z
01AK007,NACKAWIC STREAM NEAR TEMPERANCE VALE,2026-08-31T14:10:00Z,0.541,0.196,-67.23961,46.04878,NORMAL,2026-09-29T052155Z
01AK007,NACKAWIC STREAM NEAR TEMPERANCE VALE,2026-08-31T14:15:00Z,0.542,0.199,-67.23961,46.04878,NORMAL,2026-09-29T052155Z
01AK007,NACKAWIC STREAM NEAR TEMPERANCE VALE,2026-08-31T14:20:00Z,0.541,0.196,-67.23961,46.04878,NORMAL,2026-09-29T052155Z
01AK007,NACKAWIC STREAM NEAR TEMPERANCE VALE,2026-08-31T14:25:00Z,0.541,0.196,-67.23961,46.04878,NORMAL,2026-09-29T052155Z
01AK007,NACKAWIC STREAM NEAR TEMPERANCE VALE,2026-08-31T14:30:00Z,0.541,0.196,-67.23961,46.04878,NORMAL,2026-09-29T052155Z
01AK007,NACKAWIC STREAM NEAR TEMPERANCE VALE,2026-08-31T14:35:00Z,0.541,0.196,-67.23961,46.04878,NORMAL,2026-09-29T052155Z
01AK007,NACKAWIC STREAM NEAR TEMPERANCE VALE,2026-08-31T15:35:00Z,0.54,0.192,-67.23961,46.04878,NORMAL,2026-09-29T052155Z
01AK007,NACKAWIC STREAM NEAR TEMPERANCE VALE,2026-08-31T15:40:00Z,0.54,0.192,-67.23961,46.04878,NORMAL,2026-09-29T052155Z
01AK007,NACKAWIC STREAM NEAR TEMPERANCE VALE,2026-08-31T15:45:00Z,0.539,0.189,-67.23961,46.04878,NORMAL,2026-09-29T052155Z
01AK007,NACKAWIC STREAM NEAR TEMPERANCE VALE,2026-08-31T15:50:00Z,0.54,0.192,-67.23961,46.04878,NORMAL,2026-09-29T052155Z
01AK007,NACKAWIC STREAM NEAR TEMPERANCE VALE,2026-08-31T15:55:00Z,0.54,0.192,-67.23961,46.04878,NORMAL,2026-09-29T052155Z
01AK007,NACKAWIC STREAM NEAR TEMPERANCE VALE,2026-08-31T16:00:00Z,0.54,0.192,-67.23961,46.04878,NORMAL,2026-09-29T052155Z
01AK007,NACKAWIC STREAM NEAR TEMPERANCE VALE,2026-08-31T16:05:00Z,0.54,0.192,-67.23961,46.04878,NORMAL,2026-09-29T052155Z
01AK007,NACKAWIC STREAM NEAR TEMPERANCE VALE,2026-08-31T16:10:00Z,0.539,0.189,-67.23961,46.04878,NORMAL,2026-09-29T052155Z
01AK007,NACKAWIC STREAM NEAR TEMPERANCE VALE,2026-08-31T16:15:00Z,0.539,0.189,-67.23961,46.04878,NORMAL,2026-09-29T052155Z
01AK007,NACKAWIC STREAM NEAR TEMPERANCE VALE,2026-08-31T16:20:00Z,0.539,0.189,-67.23961,46.04878,NORMAL,2026-09-29T052155Z
01AK007,NACKAWIC STREAM NEAR TEMPERANCE VALE,2026-08-31T16:25:00Z,0.54,0.192,-67.23961,46.04878,NORMAL,2026-09-29T052155Z
01AK007,NACKAWIC STREAM NEAR TEMPERANCE VALE,2026-08-31T16:30:00Z,0.539,0.189,-67.23961,46.04878,NORMAL,2026-09-29T052155Z
01AK007,NACKAWIC STREAM NEAR TEMPERANCE VALE,2026-08-31T15:10:00Z,0.54,0.192,-67.23961,46.04878,NORMAL,2026-09-29T052155Z
01AK007,NACKAWIC STREAM NEAR TEMPERANCE VALE,2026-08-31T15:15:00Z,0.54,0.192,-67.23961,46.04878,NORMAL,2026-09-29T052155Z
01AK007,NACKAWIC STREAM NEAR TEMPERANCE VALE,2026-08-31T15:20:00Z,0.541,0.196,-67.23961,46.04878,NORMAL,2026-09-29T052155Z
01AK007,NACKAWIC STREAM NEAR TEMPERANCE VALE,2026-08-31T15:25:00Z,0.54,0.192,-67.23961,46.04878,NORMAL,2026-09-29T052155Z
01AK007,NACKAWIC STREAM NEAR TEMPERANCE VALE,2026-08-31T15:30:00Z,0.54,0.192,-67.23961,46.04878,NORMAL,2026-09-29T052155Z
01AK007,NACKAWIC STREAM NEAR TEMPERANCE VALE,2026-08-31T14:40:00Z,0.541,0.196,-67.23961,46.04878,NORMAL,2026-09-29T052155Z
01AK007,NACKAWIC STREAM NEAR TEMPERANCE VALE,2026-08-31T14:45:00Z,0.542,0.199,-67.23961,46.04878,NORMAL,2026-09-29T052155Z
01AK007,NACKAWIC STREAM NEAR TEMPERANCE VALE,2026-08-31T14:50:00Z,0.541,0.196,-67.23961,46.04878,NORMAL,2026-09-29T052155Z
01AK007,NACKAWIC STREAM NEAR TEMPERANCE VALE,2026-08-31T14:55:00Z,0.541,0.196,-67.23961,46.04878,NORMAL,2026-09-29T052155Z
01AK007,NACKAWIC STREAM NEAR TEMPERANCE VALE,2026-08-31T15:00:00Z,0.541,0.196,-67.23961,46.04878,NORMAL,2026-09-29T052155Z
01AK007,NACKAWIC STREAM NEAR TEMPERANCE VALE,2026-08-31T15:05:00Z,0.541,0.196,-67.23961,46.04878,NORMAL,2026-09-29T052155Z
01AK007,NACKAWIC STREAM NEAR TEMPERANCE VALE,2026-08-31T16:35:00Z,0.539,0.189,-67.23961,46.04878,NORMAL,2026-09-29T052155Z
01AK007,NACKAWIC STREAM NEAR TEMPERANCE VALE,2026-08-31T16:40:00Z,0.539,0.189,-67.23961,46.04878,NORMAL,2026-09-29T052155Z
01AK007,NACKAWIC STREAM NEAR TEMPERANCE VALE,2026-08-31T16:45:00Z,0.538,0.185,-67.23961,46.04878,NORMAL,2026-09-29T052155Z
01AK007,NACKAWIC STREAM NEAR TEMPERANCE VALE,2026-08-31T16:50:00Z,0.538,0.185,-67.23961,46.04878,NORMAL,2026-09-29T052155Z
01AK007,NACKAWIC STREAM NEAR TEMPERANCE VALE,2026-08-31T16:55:00Z,0.539,0.189,-67.23961,46.04878,NORMAL,2026-09-29T052155Z
01AK007,NACKAWIC STREAM NEAR TEMPERANCE VALE,2026-08-31T17:00:00Z,0.539,0.189,-67.23961,46.04878,NORMAL,2026-09-29T052155Z
01AK007,NACKAWIC STREAM NEAR TEMPERANCE VALE,2026-08-31T17:05:00Z,0.539,0.189,-67.23961,46.04878,NORMAL,2026-09-29T052155Z
01AK007,NACKAWIC STREAM NEAR TEMPERANCE VALE,2026-08-31T17:10:00Z,0.538,0.185,-67.23961,46.04878,NORMAL,2026-09-29T052155Z
01AK007,NACKAWIC STREAM NEAR TEMPERANCE VALE,2026-08-31T17:15:00Z,0.538,0.185,-67.23961,46.04878,NORMAL,2026-09-29T052155Z
01AK007,NACKAWIC STREAM NEAR TEMPERANCE VALE,2026-08-31T17:20:00Z,0.538,0.185,-67.23961,46.04878,NORMAL,2026-09-29T052155Z
01AK007,NACKAWIC STREAM NEAR TEMPERANCE VALE,2026-08-31T17:25:00Z,0.538,0.185,-67.23961,46.04878,NORMAL,2026-09-29T052155Z
01AK007,NACKAWIC STREAM NEAR TEMPERANCE VALE,2026-08-31T17:30:00Z,0.538,0.185,-67.23961,46.04878,NORMAL,2026-09-29T052155Z
01AK007,NACKAWIC STREAM NEAR TEMPERANCE VALE,2026-08-31T17:35:00Z,0.538,0.185,-67.23961,46.04878,NORMAL,2026-09-29T052155Z
01AK007,NACKAWIC STREAM NEAR TEMPERANCE VALE,2026-08-31T17:40:00Z,0.538,0.185,-67.23961,46.04878,NORMAL,2026-09-29T052155Z
01AK007,NACKAWIC STREAM NEAR TEMPERANCE VALE,2026-08-31T17:45:00Z,0.538,0.185,-67.23961,46.04878,NORMAL,2026-09-29T052155Z
01AK007,NACKAWIC STREAM NEAR TEMPERANCE VALE,2026-08-31T17:50:00Z,0.537,0.182,-67.23961,46.04878,NORMAL,2026-09-29T052155Z
01AK007,NACKAWIC STREAM NEAR TEMPERANCE VALE,2026-08-31T17:55:00Z,0.537,0.182,-67.23961,46.04878,NORMAL,2026-09-29T052155Z
01AK007,NACKAWIC STREAM NEAR TEMPERANCE VALE,2026-08-31T18:00:00Z,0.538,0.185,-67.23961,46.04878,NORMAL,2026-09-29T052155Z
01AK007,NACKAWIC STREAM NEAR TEMPERANCE VALE,2026-08-31T18:05:00Z,0.538,0.185,-67.23961,46.04878,NORMAL,2026-09-29T052155Z
01AK007,NACKAWIC STREAM NEAR TEMPERANCE VALE,2026-08-31T18:10:00Z,0.537,0.182,-67.23961,46.04878,NORMAL,2026-09-29T052155Z
01AK007,NACKAWIC STREAM NEAR TEMPERANCE VALE,2026-08-31T18:15:00Z,0.537,0.182,-67.23961,46.04878,NORMAL,2026-09-29T052155Z
01AK007,NACKAWIC STREAM NEAR TEMPERANCE VALE,2026-08-31T18:20:00Z,0.537,0.182,-67.23961,46.04878,NORMAL,2026-09-29T052155Z
01AK007,NACKAWIC STREAM NEAR TEMPERANCE VALE,2026-08-31T18:25:00Z,0.536,0.179,-67.23961,46.04878,NORMAL,2026-09-29T052155Z
01AK007,NACKAWIC STREAM NEAR TEMPERANCE VALE,2026-08-31T18:30:00Z,0.537,0.182,-67.23961,46.04878,NORMAL,2026-09-29T052155Z
01AK007,NACKAWIC STREAM NEAR TEMPERANCE VALE,2026-08-31T18:35:00Z,0.537,0.182,-67.23961,46.04878,NORMAL,2026-09-29T052155Z
01AK007,NACKAWIC STREAM NEAR TEMPERANCE VALE,2026-08-31T18:40:00Z,0.537,0.182,-67.23961,46.04878,NORMAL,2026-09-29T052155Z
01AK007,NACKAWIC STREAM NEAR TEMPERANCE VALE,2026-08-31T18:45:00Z,0.537,0.182,-67.23961,46.04878,NORMAL,2026-09-29T052155Z
01AK007,NACKAWIC STREAM NEAR TEMPERANCE VALE,2026-08-31T18:50:00Z,0.536,0.179,-67.23961,46.04878,NORMAL,2026-09-29T052155Z
01AK007,NACKAWIC STREAM NEAR TEMPERANCE VALE,2026-08-31T18:55:00Z,0.536,0.179,-67.23961,46.04878,NORMAL,2026-09-29T052155Z
01AK007,NACKAWIC STREAM NEAR TEMPERANCE VALE,2026-08-31T19:00:00Z,0.538,0.185,-67.23961,46.04878,NORMAL,2026-09-29T052155Z
01AK007,NACKAWIC STREAM NEAR TEMPERANCE VALE,2026-08-31T19:05:00Z,0.537,0.182,-67.23961,46.04878,NORMAL,2026-09-29T052155Z
01AK007,NACKAWIC STREAM NEAR TEMPERANCE VALE,2026-08-31T19:10:00Z,0.537,0.182,-67.23961,46.04878,NORMAL,2026-09-29T052155Z
01AK007,NACKAWIC STREAM NEAR TEMPERANCE VALE,2026-08-31T19:15:00Z,0.537,0.182,-67.23961,46.04878,NORMAL,2026-09-29T052155Z
01AK007,NACKAWIC STREAM NEAR TEMPERANCE VALE,2026-08-31T19:20:00Z,0.536,0.179,-67.23961,46.04878,NORMAL,2026-09-29T052155Z
01AK007,NACKAWIC STREAM NEAR TEMPERANCE VALE,2026-08-31T19:25:00Z,0.536,0.179,-67.23961,46.04878,NORMAL,2026-09-29T052155Z
01AK007,NACKAWIC STREAM NEAR TEMPERANCE VALE,2026-08-31T19:30:00Z,0.536,0.179,-67.23961,46.04878,NORMAL,2026-09-29T052155Z
01AK007,NACKAWIC STREAM NEAR TEMPERANCE VALE,2026-08-31T19:35:00Z,0.536,0.179,-67.23961,46.04878,NORMAL,2026-09-29T052155Z
01AK007,NACKAWIC STREAM NEAR TEMPERANCE VALE,2026-08-31T19:40:00Z,0.535,0.175,-67.23961,46.04878,NORMAL,2026-09-29T052155Z
01AK007,NACKAWIC STREAM NEAR TEMPERANCE VALE,2026-08-31T19:45:00Z,0.536,0.179,-67.23961,46.04878,NORMAL,2026-09-29T052155Z
01AK007,NACKAWIC STREAM NEAR TEMPERANCE VALE,2026-08-31T19:50:00Z,0.536,0.179,-67.23961,46.04878,NORMAL,2026-09-29T052155Z
01AK007,NACKAWIC STREAM NEAR TEMPERANCE VALE,2026-08-31T19:55:00Z,0.536,0.179,-67.23961,46.04878,NORMAL,2026-09-29T052155Z
01AK007,NACKAWIC STREAM NEAR TEMPERANCE VALE,2026-08-31T20:00:00Z,0.536,0.179,-67.23961,46.04878,NORMAL,2026-09-29T052155Z
01AK007,NACKAWIC STREAM NEAR TEMPERANCE VALE,2026-08-31T00:05:00Z,0.557,0.256,-67.23961,46.04878,NORMAL,2026-09-29T052155Z
01AK007,NACKAWIC STREAM NEAR TEMPERANCE VALE,2026-08-31T00:10:00Z,0.557,0.256,-67.23961,46.04878,NORMAL,2026-09-29T052155Z
01AK007,NACKAWIC STREAM NEAR TEMPERANCE VALE,2026-08-31T00:15:00Z,0.556,0.252,-67.23961,46.04878,NORMAL,2026-09-29T052155Z
01AK007,NACKAWIC STREAM NEAR TEMPERANCE VALE,2026-08-31T00:20:00Z,0.557,0.256,-67.23961,46.04878,NORMAL,2026-09-29T052155Z
01AK007,NACKAWIC STREAM NEAR TEMPERANCE VALE,2026-08-31T00:25:00Z,0.557,0.256,-67.23961,46.04878,NORMAL,2026-09-29T052155Z
01AK007,NACKAWIC STREAM NEAR TEMPERANCE VALE,2026-08-31T00:30:00Z,0.556,0.252,-67.23961,46.04878,NORMAL,2026-09-29T052155Z
01AK007,NACKAWIC STREAM NEAR TEMPERANCE VALE,2026-08-31T00:35:00Z,0.556,0.252,-67.23961,46.04878,NORMAL,2026-09-29T052155Z
01AK007,NACKAWIC STREAM NEAR TEMPERANCE VALE,2026-08-31T00:40:00Z,0.556,0.252,-67.23961,46.04878,NORMAL,2026-09-29T052155Z
01AK007,NACKAWIC STREAM NEAR TEMPERANCE VALE,2026-08-31T00:45:00Z,0.556,0.252,-67.23961,46.04878,NORMAL,2026-09-29T052155Z
01AK007,NACKAWIC STREAM NEAR TEMPERANCE VALE,2026-08-31T00:50:00Z,0.556,0.252,-67.23961,46.04878,NORMAL,2026-09-29T052155Z
01AK007,NACKAWIC STREAM NEAR TEMPERANCE VALE,2026-08-31T00:55:00Z,0.556,0.252,-67.23961,46.04878,NORMAL,2026-09-29T052155Z
01AK007,NACKAWIC STREAM NEAR TEMPERANCE VALE,2026-08-31T01:00:00Z,0.556,0.252,-67.23961,46.04878,NORMAL,2026-09-29T052155Z
01AK007,NACKAWIC STREAM NEAR TEMPERANCE VALE,2026-08-31T01:05:00Z,0.555,0.248,-67.23961,46.04878,NORMAL,2026-09-29T052155Z
01AK007,NACKAWIC STREAM NEAR TEMPERANCE VALE,2026-08-31T01:10:00Z,0.555,0.248,-67.23961,46.04878,NORMAL,2026-09-29T052155Z
01AK007,NACKAWIC STREAM NEAR TEMPERANCE VALE,2026-08-31T01:15:00Z,0.555,0.248,-67.23961,46.04878,NORMAL,2026-09-29T052155Z
01AK007,NACKAWIC STREAM NEAR TEMPERANCE VALE,2026-08-31T01:20:00Z,0.556,0.252,-67.23961,46.04878,NORMAL,2026-09-29T052155Z
01AK007,NACKAWIC STREAM NEAR TEMPERANCE VALE,2026-08-31T01:25:00Z,0.556,0.252,-67.23961,46.04878,NORMAL,2026-09-29T052155Z
01AK007,NACKAWIC STREAM NEAR TEMPERANCE VALE,2026-08-31T01:30:00Z,0.555,0.248,-67.23961,46.04878,NORMAL,2026-09-29T052155Z
01AK007,NACKAWIC STREAM NEAR TEMPERANCE VALE,2026-08-31T00:00:00Z,0.557,0.256,-67.23961,46.04878,NORMAL,2026-09-29T052155Z
01AK007,NACKAWIC STREAM NEAR TEMPERANCE VALE,2026-08-31T01:35:00Z,0.555,0.248,-67.23961,46.04878,NORMAL,2026-09-29T052155Z
01AK007,NACKAWIC STREAM NEAR TEMPERANCE VALE,2026-08-31T01:40:00Z,0.555,0.248,-67.23961,46.04878,NORMAL,2026-09-29T052155Z
01AK007,NACKAWIC STREAM NEAR TEMPERANCE VALE,2026-08-31T01:45:00Z,0.554,0.244,-67.23961,46.04878,NORMAL,2026-09-29T052155Z
01AK007,NACKAWIC STREAM NEAR TEMPERANCE VALE,2026-08-31T01:50:00Z,0.555,0.248,-67.23961,46.04878,NORMAL,2026-09-29T052155Z
01AK007,NACKAWIC STREAM NEAR TEMPERANCE VALE,2026-08-31T01:55:00Z,0.555,0.248,-67.23961,46.04878,NORMAL,2026-09-29T052155Z
01AK007,NACKAWIC STREAM NEAR TEMPERANCE VALE,2026-08-31T02:00:00Z,0.554,0.244,-67.23961,46.04878,NORMAL,2026-09-29T052155Z
01AK007,NACKAWIC STREAM NEAR TEMPERANCE VALE,2026-08-31T02:05:00Z,0.554,0.244,-67.23961,46.04878,NORMAL,2026-09-29T052155Z
01AK007,NACKAWIC STREAM NEAR TEMPERANCE VALE,2026-08-31T02:10:00Z,0.554,0.244,-67.23961,46.04878,NORMAL,2026-09-29T052155Z
01AK007,NACKAWIC STREAM NEAR TEMPERANCE VALE,2026-08-31T02:15:00Z,0.554,0.244,-67.23961,46.04878,NORMAL,2026-09-29T052155Z
01AK007,NACKAWIC STREAM NEAR TEMPERANCE VALE,2026-08-31T02:20:00Z,0.554,0.244,-67.23961,46.04878,NORMAL,2026-09-29T052155Z
01AK007,NACKAWIC STREAM NEAR TEMPERANCE VALE,2026-08-31T02:25:00Z,0.555,0.248,-67.23961,46.04878,NORMAL,2026-09-29T052155Z
01AK007,NACKAWIC STREAM NEAR TEMPERANCE VALE,2026-08-31T02:30:00Z,0.554,0.244,-67.23961,46.04878,NORMAL,2026-09-29T052155Z
01AK007,NACKAWIC STREAM NEAR TEMPERANCE VALE,2026-08-31T02:35:00Z,0.554,0.244,-67.23961,46.04878,NORMAL,2026-09-29T052155Z
01AK007,NACKAWIC STREAM NEAR TEMPERANCE VALE,2026-08-31T02:40:00Z,0.554,0.244,-67.23961,46.04878,NORMAL,2026-09-29T052155Z
01AK007,NACKAWIC STREAM NEAR TEMPERANCE VALE,2026-08-31T02:45:00Z,0.553,0.24,-67.23961,46.04878,NORMAL,2026-09-29T052155Z
01AK007,NACKAWIC STREAM NEAR TEMPERANCE VALE,2026-08-31T02:50:00Z,0.553,0.24,-67.23961,46.04878,NORMAL,2026-09-29T052155Z
01AK007,NACKAWIC STREAM NEAR TEMPERANCE VALE,2026-08-31T02:55:00Z,0.554,0.244,-67.23961,46.04878,NORMAL,2026-09-29T052155Z
01AK007,NACKAWIC STREAM NEAR TEMPERANCE VALE,2026-08-31T03:00:00Z,0.554,0.244,-67.23961,46.04878,NORMAL,2026-09-29T052155Z
01AK007,NACKAWIC STREAM NEAR TEMPERANCE VALE,2026-08-31T03:05:00Z,0.554,0.244,-67.23961,46.04878,NORMAL,2026-09-29T052155Z
01AK007,NACKAWIC STREAM NEAR TEMPERANCE VALE,2026-08-31T03:10:00Z,0.553,0.24,-67.23961,46.04878,NORMAL,2026-09-29T052155Z
01AK007,NACKAWIC STREAM NEAR TEMPERANCE VALE,2026-08-31T03:15:00Z,0.553,0.24,-67.23961,46.04878,NORMAL,2026-09-29T052155Z
01AK007,NACKAWIC STREAM NEAR TEMPERANCE VALE,2026-08-31T03:20:00Z,0.553,0.24,-67.23961,46.04878,NORMAL,2026-09-29T052155Z
01AK007,NACKAWIC STREAM NEAR TEMPERANCE VALE,2026-08-31T03:25:00Z,0.554,0.244,-67.23961,46.04878,NORMAL,2026-09-29T052155Z
01AK007,NACKAWIC STREAM NEAR TEMPERANCE VALE,2026-08-31T03:30:00Z,0.553,0.24,-67.23961,46.04878,NORMAL,2026-09-29T052155Z
01AK007,NACKAWIC STREAM NEAR TEMPERANCE VALE,2026-08-31T03:35:00Z,0.553,0.24,-67.23961,46.04878,NORMAL,2026-09-29T052155Z
01AK007,NACKAWIC STREAM NEAR TEMPERANCE VALE,2026-08-31T03:40:00Z,0.553,0.24,-67.23961,46.04878,NORMAL,2026-09-29T052155Z
01AK007,NACKAWIC STREAM NEAR TEMPERANCE VALE,2026-08-31T03:45:00Z,0.553,0.24,-67.23961,46.04878,NORMAL,2026-09-29T052155Z
01AK007,NACKAWIC STREAM NEAR TEMPERANCE VALE,2026-08-31T03:50:00Z,0.552,0.236,-67.23961,46.04878,NORMAL,2026-09-29T052155Z
01AK007,NACKAWIC STREAM NEAR TEMPERANCE VALE,2026-08-31T03:55:00Z,0.553,0.24,-67.23961,46.04878,NORMAL,2026-09-29T052155Z
01AK007,NACKAWIC STREAM NEAR TEMPERANCE VALE,2026-08-31T04:00:00Z,0.553,0.24,-67.23961,46.04878,NORMAL,2026-09-29T052155Z
01AK007,NACKAWIC STREAM NEAR TEMPERANCE VALE,2026-08-31T04:05:00Z,0.553,0.24,-67.23961,46.04878,NORMAL,2026-09-29T052155Z
01AK007,NACKAWIC STREAM NEAR TEMPERANCE VALE,2026-08-31T04:10:00Z,0.552,0.236,-67.23961,46.04878,NORMAL,2026-09-29T052155Z
01AK007,NACKAWIC STREAM NEAR TEMPERANCE VALE,2026-08-31T04:15:00Z,0.552,0.236,-67.23961,46.04878,NORMAL,2026-09-29T052155Z
01AK007,NACKAWIC STREAM NEAR TEMPERANCE VALE,2026-08-31T04:20:00Z,0.552,0.236,-67.23961,46.04878,NORMAL,2026-09-29T052155Z
01AK007,NACKAWIC STREAM NEAR TEMPERANCE VALE,2026-08-31T04:25:00Z,0.552,0.236,-67.23961,46.04878,NORMAL,2026-09-29T052155Z
01AK007,NACKAWIC STREAM NEAR TEMPERANCE VALE,2026-08-31T04:30:00Z,0.552,0.236,-67.23961,46.04878,NORMAL,2026-09-29T052155Z
01AK007,NACKAWIC STREAM NEAR TEMPERANCE VALE,2026-08-31T04:35:00Z,0.552,0.236,-67.23961,46.04878,NORMAL,2026-09-29T052155Z
01AK007,NACKAWIC STREAM NEAR TEMPERANCE VALE,2026-08-31T04:40:00Z,0.552,0.236,-67.23961,46.04878,NORMAL,2026-09-29T052155Z
01AK007,NACKAWIC STREAM NEAR TEMPERANCE VALE,2026-08-31T04:45:00Z,0.552,0.236,-67.23961,46.04878,NORMAL,2026-09-29T052155Z
01AK007,NACKAWIC STREAM NEAR TEMPERANCE VALE,2026-08-31T04:50:00Z,0.551,0.233,-67.23961,46.04878,NORMAL,2026-09-29T052155Z
01AK007,NACKAWIC STREAM NEAR TEMPERANCE VALE,2026-08-31T04:55:00Z,0.551,0.233,-67.23961,46.04878,NORMAL,2026-09-29T052155Z
01AK007,NACKAWIC STREAM NEAR TEMPERANCE VALE,2026-08-31T05:00:00Z,0.552,0.236,-67.23961,46.04878,NORMAL,2026-09-29T052155Z
01AK007,NACKAWIC STREAM NEAR TEMPERANCE VALE,2026-08-31T05:05:00Z,0.552,0.236,-67.23961,46.04878,NORMAL,2026-09-29T052155Z
01AK007,NACKAWIC STREAM NEAR TEMPERANCE VALE,2026-08-31T05:10:00Z,0.551,0.233,-67.23961,46.04878,NORMAL,2026-09-29T052155Z
01AK007,NACKAWIC STREAM NEAR TEMPERANCE VALE,2026-08-31T05:15:00Z,0.551,0.233,-67.23961,46.04878,NORMAL,2026-09-29T052155Z
01AK007,NACKAWIC STREAM NEAR TEMPERANCE VALE,2026-08-31T05:20:00Z,0.551,0.233,-67.23961,46.04878,NORMAL,2026-09-29T052155Z
01AK007,NACKAWIC STREAM NEAR TEMPERANCE VALE,2026-08-31T05:25:00Z,0.55,0.229,-67.23961,46.04878,NORMAL,2026-09-29T052155Z
01AK007,NACKAWIC STREAM NEAR TEMPERANCE VALE,2026-08-31T05:30:00Z,0.55,0.229,-67.23961,46.04878,NORMAL,2026-09-29T052155Z
01AK007,NACKAWIC STREAM NEAR TEMPERANCE VALE,2026-08-31T05:33:01Z,0.551,0.233,-67.23961,46.04878,NORMAL,2026-09-29T052155Z
01AK007,NACKAWIC STREAM NEAR TEMPERANCE VALE,2026-08-31T05:35:00Z,0.551,0.233,-67.23961,46.04878,NORMAL,2026-09-29T052155Z
01AK007,NACKAWIC STREAM NEAR TEMPERANCE VALE,2026-08-31T05:40:00Z,0.551,0.233,-67.23961,46.04878,NORMAL,2026-09-29T052155Z
01AK007,NACKAWIC STREAM NEAR TEMPERANCE VALE,2026-08-31T05:45:00Z,0.551,0.233,-67.23961,46.04878,NORMAL,2026-09-29T052155Z
01AK007,NACKAWIC STREAM NEAR TEMPERANCE VALE,2026-08-31T05:50:00Z,0.55,0.229,-67.23961,46.04878,NORMAL,2026-09-29T052155Z
01AK007,NACKAWIC STREAM NEAR TEMPERANCE VALE,2026-08-31T05:55:00Z,0.55,0.229,-67.23961,46.04878,NORMAL,2026-09-29T052155Z
01AK007,NACKAWIC STREAM NEAR TEMPERANCE VALE,2026-08-31T06:00:00Z,0.55,0.229,-67.23961,46.04878,NORMAL,2026-09-29T052155Z
01AK007,NACKAWIC STREAM NEAR TEMPERANCE VALE,2026-08-31T06:05:00Z,0.549,0.225,-67.23961,46.04878,NORMAL,2026-09-29T052155Z
01AK007,NACKAWIC STREAM NEAR TEMPERANCE VALE,2026-08-31T06:10:00Z,0.55,0.229,-67.23961,46.04878,NORMAL,2026-09-29T052155Z
01AK007,NACKAWIC STREAM NEAR TEMPERANCE VALE,2026-08-31T06:15:00Z,0.55,0.229,-67.23961,46.04878,NORMAL,2026-09-29T052155Z
01AK007,NACKAWIC STREAM NEAR TEMPERANCE VALE,2026-08-31T06:20:00Z,0.55,0.229,-67.23961,46.04878,NORMAL,2026-09-29T052155Z
01AK007,NACKAWIC STREAM NEAR TEMPERANCE VALE,2026-08-31T06:25:00Z,0.549,0.225,-67.23961,46.04878,NORMAL,2026-09-29T052155Z
01AK007,NACKAWIC STREAM NEAR TEMPERANCE VALE,2026-08-31T06:30:00Z,0.549,0.225,-67.23961,46.04878,NORMAL,2026-09-29T052155Z
01AK007,NACKAWIC STREAM NEAR TEMPERANCE VALE,2026-08-31T06:35:00Z,0.549,0.225,-67.23961,46.04878,NORMAL,2026-09-29T052155Z
01AK007,NACKAWIC STREAM NEAR TEMPERANCE VALE,2026-08-31T06:40:00Z,0.55,0.229,-67.23961,46.04878,NORMAL,2026-09-29T052155Z
01AK007,NACKAWIC STREAM NEAR TEMPERANCE VALE,2026-08-31T06:45:00Z,0.549,0.225,-67.23961,46.04878,NORMAL,2026-09-29T052155Z
01AK007,NACKAWIC STREAM NEAR TEMPERANCE VALE,2026-08-31T06:50:00Z,0.549,0.225,-67.23961,46.04878,NORMAL,2026-09-29T052155Z
01AK007,NACKAWIC STREAM NEAR TEMPERANCE VALE,2026-08-31T06:55:00Z,0.549,0.225,-67.23961,46.04878,NORMAL,2026-09-29T052155Z
01AK007,NACKAWIC STREAM NEAR TEMPERANCE VALE,2026-08-31T07:00:00Z,0.548,0.221,-67.23961,46.04878,NORMAL,2026-09-29T052155Z
01AK007,NACKAWIC STREAM NEAR TEMPERANCE VALE,2026-08-31T07:35:00Z,0.547,0.217,-67.23961,46.04878,NORMAL,2026-09-29T052155Z
01AK007,NACKAWIC STREAM NEAR TEMPERANCE VALE,2026-08-31T07:40:00Z,0.547,0.217,-67.23961,46.04878,NORMAL,2026-09-29T052155Z
01AK007,NACKAWIC STREAM NEAR TEMPERANCE VALE,2026-08-31T07:45:00Z,0.547,0.217,-67.23961,46.04878,NORMAL,2026-09-29T052155Z
01AK007,NACKAWIC STREAM NEAR TEMPERANCE VALE,2026-08-31T07:50:00Z,0.548,0.221,-67.23961,46.04878,NORMAL,2026-09-29T052155Z
01AK007,NACKAWIC STREAM NEAR TEMPERANCE VALE,2026-08-31T07:55:00Z,0.547,0.217,-67.23961,46.04878,NORMAL,2026-09-29T052155Z
01AK007,NACKAWIC STREAM NEAR TEMPERANCE VALE,2026-08-31T08:00:00Z,0.547,0.217,-67.23961,46.04878,NORMAL,2026-09-29T052155Z
01AK007,NACKAWIC STREAM NEAR TEMPERANCE VALE,2026-08-31T07:05:00Z,0.548,0.221,-67.23961,46.04878,NORMAL,2026-09-29T052155Z
01AK007,NACKAWIC STREAM NEAR TEMPERANCE VALE,2026-08-31T07:10:00Z,0.548,0.221,-67.23961,46.04878,NORMAL,2026-09-29T052155Z
01AK007,NACKAWIC STREAM NEAR TEMPERANCE VALE,2026-08-31T07:15:00Z,0.549,0.225,-67.23961,46.04878,NORMAL,2026-09-29T052155Z
01AK007,NACKAWIC STREAM NEAR TEMPERANCE VALE,2026-08-31T07:20:00Z,0.548,0.221,-67.23961,46.04878,NORMAL,2026-09-29T052155Z
01AK007,NACKAWIC STREAM NEAR TEMPERANCE VALE,2026-08-31T07:25:00Z,0.548,0.221,-67.23961,46.04878,NORMAL,2026-09-29T052155Z
01AK007,NACKAWIC STREAM NEAR TEMPERANCE VALE,2026-08-31T07:30:00Z,0.548,0.221,-67.23961,46.04878,NORMAL,2026-09-29T052155Z
01AK007,NACKAWIC STREAM NEAR TEMPERANCE VALE,2026-08-31T08:05:00Z,0.547,0.217,-67.23961,46.04878,NORMAL,2026-09-29T052155Z
01AK007,NACKAWIC STREAM NEAR TEMPERANCE VALE,2026-08-31T08:10:00Z,0.546,0.214,-67.23961,46.04878,NORMAL,2026-09-29T052155Z
01AK007,NACKAWIC STREAM NEAR TEMPERANCE VALE,2026-08-31T08:15:00Z,0.546,0.214,-67.23961,46.04878,NORMAL,2026-09-29T052155Z
01AK007,NACKAWIC STREAM NEAR TEMPERANCE VALE,2026-08-31T08:20:00Z,0.546,0.214,-67.23961,46.04878,NORMAL,2026-09-29T052155Z
01AK007,NACKAWIC STREAM NEAR TEMPERANCE VALE,2026-08-31T08:25:00Z,0.547,0.217,-67.23961,46.04878,NORMAL,2026-09-29T052155Z
01AK007,NACKAWIC STREAM NEAR TEMPERANCE VALE,2026-08-31T08:30:00Z,0.547,0.217,-67.23961,46.04878,NORMAL,2026-09-29T052155Z
01AK007,NACKAWIC STREAM NEAR TEMPERANCE VALE,2026-08-31T08:35:00Z,0.546,0.214,-67.23961,46.04878,NORMAL,2026-09-29T052155Z
01AK007,NACKAWIC STREAM NEAR TEMPERANCE VALE,2026-08-31T08:40:00Z,0.546,0.214,-67.23961,46.04878,NORMAL,2026-09-29T052155Z
01AK007,NACKAWIC STREAM NEAR TEMPERANCE VALE,2026-08-31T08:45:00Z,0.546,0.214,-67.23961,46.04878,NORMAL,2026-09-29T052155Z
01AK007,NACKAWIC STREAM NEAR TEMPERANCE VALE,2026-08-31T08:50:00Z,0.545,0.21,-67.23961,46.04878,NORMAL,2026-09-29T052155Z
01AK007,NACKAWIC STREAM NEAR TEMPERANCE VALE,2026-08-31T08:55:00Z,0.546,0.214,-67.23961,46.04878,NORMAL,2026-09-29T052155Z
01AK007,NACKAWIC STREAM NEAR TEMPERANCE VALE,2026-08-31T09:00:00Z,0.546,0.214,-67.23961,46.04878,NORMAL,2026-09-29T052155Z
01AK007,NACKAWIC STREAM NEAR TEMPERANCE VALE,2026-08-31T09:05:00Z,0.546,0.214,-67.23961,46.04878,NORMAL,2026-09-29T052155Z
01AK007,NACKAWIC STREAM NEAR TEMPERANCE VALE,2026-08-31T09:10:00Z,0.545,0.21,-67.23961,46.04878,NORMAL,2026-09-29T052155Z
01AK007,NACKAWIC STREAM NEAR TEMPERANCE VALE,2026-08-31T09:15:00Z,0.545,0.21,-67.23961,46.04878,NORMAL,2026-09-29T052155Z
01AK007,NACKAWIC STREAM NEAR TEMPERANCE VALE,2026-08-31T09:20:00Z,0.545,0.21,-67.23961,46.04878,NORMAL,2026-09-29T052155Z
01AK007,NACKAWIC STREAM NEAR TEMPERANCE VALE,2026-08-31T09:25:00Z,0.545,0.21,-67.23961,46.04878,NORMAL,2026-09-29T052155Z
01AK007,NACKAWIC STREAM NEAR TEMPERANCE VALE,2026-08-31T09:30:00Z,0.546,0.214,-67.23961,46.04878,NORMAL,2026-09-29T052155Z
01AK007,NACKAWIC STREAM NEAR TEMPERANCE VALE,2026-08-31T09:35:00Z,0.545,0.21,-67.23961,46.04878,NORMAL,2026-09-29T052155Z
01AK007,NACKAWIC STREAM NEAR TEMPERANCE VALE,2026-08-31T09:40:00Z,0.545,0.21,-67.23961,46.04878,NORMAL,2026-09-29T052155Z
01AK007,NACKAWIC STREAM NEAR TEMPERANCE VALE,2026-08-31T09:45:00Z,0.545,0.21,-67.23961,46.04878,NORMAL,2026-09-29T052155Z
01AK007,NACKAWIC STREAM NEAR TEMPERANCE VALE,2026-08-31T09:50:00Z,0.544,0.206,-67.23961,46.04878,NORMAL,2026-09-29T052155Z
01AK007,NACKAWIC STREAM NEAR TEMPERANCE VALE,2026-08-31T09:55:00Z,0.544,0.206,-67.23961,46.04878,NORMAL,2026-09-29T052155Z
01AK007,NACKAWIC STREAM NEAR TEMPERANCE VALE,2026-08-31T10:00:00Z,0.544,0.206,-67.23961,46.04878,NORMAL,2026-09-29T052155Z
01AK007,NACKAWIC STREAM NEAR TEMPERANCE VALE,2026-08-31T21:35:00Z,0.534,0.172,-67.23961,46.04878,NORMAL,2026-09-29T052155Z
01AK007,NACKAWIC STREAM NEAR TEMPERANCE VALE,2026-08-31T21:40:00Z,0.534,0.172,-67.23961,46.04878,NORMAL,2026-09-29T052155Z
01AK007,NACKAWIC STREAM NEAR TEMPERANCE VALE,2026-08-31T21:45:00Z,0.534,0.172,-67.23961,46.04878,NORMAL,2026-09-29T052155Z
01AK007,NACKAWIC STREAM NEAR TEMPERANCE VALE,2026-08-31T21:50:00Z,0.535,0.175,-67.23961,46.04878,NORMAL,2026-09-29T052155Z
01AK007,NACKAWIC STREAM NEAR TEMPERANCE VALE,2026-08-31T21:55:00Z,0.535,0.175,-67.23961,46.04878,NORMAL,2026-09-29T052155Z
01AK007,NACKAWIC STREAM NEAR TEMPERANCE VALE,2026-08-31T22:00:00Z,0.534,0.172,-67.23961,46.04878,NORMAL,2026-09-29T052155Z
01AK007,NACKAWIC STREAM NEAR TEMPERANCE VALE,2026-08-31T22:35:00Z,0.534,0.172,-67.23961,46.04878,NORMAL,2026-09-29T052155Z
01AK007,NACKAWIC STREAM NEAR TEMPERANCE VALE,2026-08-31T22:40:00Z,0.534,0.172,-67.23961,46.04878,NORMAL,2026-09-29T052155Z
01AK007,NACKAWIC STREAM NEAR TEMPERANCE VALE,2026-08-31T22:45:00Z,0.534,0.172,-67.23961,46.04878,NORMAL,2026-09-29T052155Z
01AK007,NACKAWIC STREAM NEAR TEMPERANCE VALE,2026-08-31T22:50:00Z,0.534,0.172,-67.23961,46.04878,NORMAL,2026-09-29T052155Z
01AK007,NACKAWIC STREAM NEAR TEMPERANCE VALE,2026-08-31T22:55:00Z,0.534,0.172,-67.23961,46.04878,NORMAL,2026-09-29T052155Z
01AK007,NACKAWIC STREAM NEAR TEMPERANCE VALE,2026-08-31T23:00:00Z,0.534,0.172,-67.23961,46.04878,NORMAL,2026-09-29T052155Z
01AK007,NACKAWIC STREAM NEAR TEMPERANCE VALE,2026-08-31T22:05:00Z,0.534,0.172,-67.23961,46.04878,NORMAL,2026-09-29T052155Z
01AK007,NACKAWIC STREAM NEAR TEMPERANCE VALE,2026-08-31T22:10:00Z,0.534,0.172,-67.23961,46.04878,NORMAL,2026-09-29T052155Z
01AK007,NACKAWIC STREAM NEAR TEMPERANCE VALE,2026-08-31T22:15:00Z,0.534,0.172,-67.23961,46.04878,NORMAL,2026-09-29T052155Z
01AK007,NACKAWIC STREAM NEAR TEMPERANCE VALE,2026-08-31T22:20:00Z,0.535,0.175,-67.23961,46.04878,NORMAL,2026-09-29T052155Z
01AK007,NACKAWIC STREAM NEAR TEMPERANCE VALE,2026-08-31T22:25:00Z,0.534,0.172,-67.23961,46.04878,NORMAL,2026-09-29T052155Z
01AK007,NACKAWIC STREAM NEAR TEMPERANCE VALE,2026-08-31T22:30:00Z,0.534,0.172,-67.23961,46.04878,NORMAL,2026-09-29T052155Z
01AK007,NACKAWIC STREAM NEAR TEMPERANCE VALE,2026-08-31T23:05:00Z,0.534,0.172,-67.23961,46.04878,NORMAL,2026-09-29T052155Z
01AK007,NACKAWIC STREAM NEAR TEMPERANCE VALE,2026-08-31T23:10:00Z,0.534,0.172,-67.23961,46.04878,NORMAL,2026-09-29T052155Z
01AK007,NACKAWIC STREAM NEAR TEMPERANCE VALE,2026-08-31T23:15:00Z,0.533,0.169,-67.23961,46.04878,NORMAL,2026-09-29T052155Z
01AK007,NACKAWIC STREAM NEAR TEMPERANCE VALE,2026-08-31T23:20:00Z,0.533,0.169,-67.23961,46.04878,NORMAL,2026-09-29T052155Z
01AK007,NACKAWIC STREAM NEAR TEMPERANCE VALE,2026-08-31T23:25:00Z,0.534,0.172,-67.23961,46.04878,NORMAL,2026-09-29T052155Z
01AK007,NACKAWIC STREAM NEAR TEMPERANCE VALE,2026-08-31T23:30:00Z,0.534,0.172,-67.23961,46.04878,NORMAL,2026-09-29T052155Z
01AK007,NACKAWIC STREAM NEAR TEMPERANCE VALE,2026-08-31T23:35:00Z,0.534,0.172,-67.23961,46.04878,NORMAL,2026-09-29T052155Z
01AK007,NACKAWIC STREAM NEAR TEMPERANCE VALE,2026-08-31T23:40:00Z,0.533,0.169,-67.23961,46.04878,NORMAL,2026-09-29T052155Z
01AK007,NACKAWIC STREAM NEAR TEMPERANCE VALE,2026-08-31T23:45:00Z,0.533,0.169,-67.23961,46.04878,NORMAL,2026-09-29T052155Z
01AK007,NACKAWIC STREAM NEAR TEMPERANCE VALE,2026-08-31T23:50:00Z,0.533,0.169,-67.23961,46.04878,NORMAL,2026-09-29T052155Z
01AK007,NACKAWIC STREAM NEAR TEMPERANCE VALE,2026-08-31T23:55:00Z,0.534,0.172,-67.23961,46.04878,NORMAL,2026-09-29T052155Z
01AK007,NACKAWIC STREAM NEAR TEMPERANCE VALE,2026-08-31T20:35:00Z,0.535,0.175,-67.23961,46.04878,NORMAL,2026-09-29T052155Z
01AK007,NACKAWIC STREAM NEAR TEMPERANCE VALE,2026-08-31T20:40:00Z,0.535,0.175,-67.23961,46.04878,NORMAL,2026-09-29T052155Z
01AK007,NACKAWIC STREAM NEAR TEMPERANCE VALE,2026-08-31T20:45:00Z,0.535,0.175,-67.23961,46.04878,NORMAL,2026-09-29T052155Z
01AK007,NACKAWIC STREAM NEAR TEMPERANCE VALE,2026-08-31T20:50:00Z,0.536,0.179,-67.23961,46.04878,NORMAL,2026-09-29T052155Z
01AK007,NACKAWIC STREAM NEAR TEMPERANCE VALE,2026-08-31T20:55:00Z,0.535,0.175,-67.23961,46.04878,NORMAL,2026-09-29T052155Z
01AK007,NACKAWIC STREAM NEAR TEMPERANCE VALE,2026-08-31T21:00:00Z,0.535,0.175,-67.23961,46.04878,NORMAL,2026-09-29T052155Z
01AK007,NACKAWIC STREAM NEAR TEMPERANCE VALE,2026-08-31T21:05:00Z,0.535,0.175,-67.23961,46.04878,NORMAL,2026-09-29T052155Z
01AK007,NACKAWIC STREAM NEAR TEMPERANCE VALE,2026-08-31T21:10:00Z,0.534,0.172,-67.23961,46.04878,NORMAL,2026-09-29T052155Z
01AK007,NACKAWIC STREAM NEAR TEMPERANCE VALE,2026-08-31T21:15:00Z,0.534,0.172,-67.23961,46.04878,NORMAL,2026-09-29T052155Z
01AK007,NACKAWIC STREAM NEAR TEMPERANCE VALE,2026-08-31T21:20:00Z,0.535,0.175,-67.23961,46.04878,NORMAL,2026-09-29T052155Z
01AK007,NACKAWIC STREAM NEAR TEMPERANCE VALE,2026-08-31T21:25:00Z,0.535,0.175,-67.23961,46.04878,NORMAL,2026-09-29T052155Z
01AK007,NACKAWIC STREAM NEAR TEMPERANCE VALE,2026-08-31T21:30:00Z,0.535,0.175,-67.23961,46.04878,NORMAL,2026-09-29T052155Z
01AK007,NACKAWIC STREAM NEAR TEMPERANCE VALE,2026-08-31T20:05:00Z,0.535,0.175,-67.23961,46.04878,NORMAL,2026-09-29T052155Z
01AK007,NACKAWIC STREAM NEAR TEMPERANCE VALE,2026-08-31T20:10:00Z,0.535,0.175,-67.23961,46.04878,NORMAL,2026-09-29T052155Z
01AK007,NACKAWIC STREAM NEAR TEMPERANCE VALE,2026-08-31T20:15:00Z,0.535,0.175,-67.23961,46.04878,NORMAL,2026-09-29T052155Z
01AK007,NACKAWIC STREAM NEAR TEMPERANCE VALE,2026-08-31T20:20:00Z,0.536,0.179,-67.23961,46.04878,NORMAL,2026-09-29T052155Z
01AK007,NACKAWIC STREAM NEAR TEMPERANCE VALE,2026-08-31T20:25:00Z,0.536,0.179,-67.23961,46.04878,NORMAL,2026-09-29T052155Z
01AK007,NACKAWIC STREAM NEAR TEMPERANCE VALE,2026-08-31T20:30:00Z,0.535,0.175,-67.23961,46.04878,NORMAL,2026-09-29T052155Z
01AK007,NACKAWIC STREAM NEAR TEMPERANCE VALE,2026-09-01T00:00:00Z,0.534,0.172,-67.23961,46.04878,NORMAL,2026-09-29T052155Z
01AK007,NACKAWIC STREAM NEAR TEMPERANCE VALE,2026-09-01T00:05:00Z,0.534,0.172,-67.23961,46.04878,NORMAL,2026-09-29T052155Z
01AK007,NACKAWIC STREAM NEAR TEMPERANCE VALE,2026-09-01T00:10:00Z,0.533,0.169,-67.23961,46.04878,NORMAL,2026-09-29T052155Z
01AK007,NACKAWIC STREAM NEAR TEMPERANCE VALE,2026-09-01T00:15:00Z,0.533,0.169,-67.23961,46.04878,NORMAL,2026-09-29T052155Z
01AK007,NACKAWIC STREAM NEAR TEMPERANCE VALE,2026-09-01T00:20:00Z,0.533,0.169,-67.23961,46.04878,NORMAL,2026-09-29T052155Z
01AK007,NACKAWIC STREAM NEAR TEMPERANCE VALE,2026-09-01T00:25:00Z,0.534,0.172,-67.23961,46.04878,NORMAL,2026-09-29T052155Z
01AK007,NACKAWIC STREAM NEAR TEMPERANCE VALE,2026-09-01T00:30:00Z,0.534,0.172,-67.23961,46.04878,NORMAL,2026-09-29T052155Z
01AK007,NACKAWIC STREAM NEAR TEMPERANCE VALE,2026-09-01T00:35:00Z,0.533,0.169,-67.23961,46.04878,NORMAL,2026-09-29T052155Z
01AK007,NACKAWIC STREAM NEAR TEMPERANCE VALE,2026-09-01T00:40:00Z,0.533,0.169,-67.23961,46.04878,NORMAL,2026-09-29T052155Z
01AK007,NACKAWIC STREAM NEAR TEMPERANCE VALE,2026-09-01T00:45:00Z,0.533,0.169,-67.23961,46.04878,NORMAL,2026-09-29T052155Z
01AK007,NACKAWIC STREAM NEAR TEMPERANCE VALE,2026-09-01T00:50:00Z,0.533,0.169,-67.23961,46.04878,NORMAL,2026-09-29T052155Z
01AK007,NACKAWIC STREAM NEAR TEMPERANCE VALE,2026-09-01T00:55:00Z,0.534,0.172,-67.23961,46.04878,NORMAL,2026-09-29T052155Z
01AK007,NACKAWIC STREAM NEAR TEMPERANCE VALE,2026-09-01T01:00:00Z,0.534,0.172,-67.23961,46.04878,NORMAL,2026-09-29T052155Z
01AK007,NACKAWIC STREAM NEAR TEMPERANCE VALE,2026-09-01T01:05:00Z,0.533,0.169,-67.23961,46.04878,NORMAL,2026-09-29T052155Z
01AK007,NACKAWIC STREAM NEAR TEMPERANCE VALE,2026-09-01T01:10:00Z,0.533,0.169,-67.23961,46.04878,NORMAL,2026-09-29T052155Z
01AK007,NACKAWIC STREAM NEAR TEMPERANCE VALE,2026-09-01T01:15:00Z,0.533,0.169,-67.23961,46.04878,NORMAL,2026-09-29T052155Z
01AK007,NACKAWIC STREAM NEAR TEMPERANCE VALE,2026-09-01T01:20:00Z,0.532,0.166,-67.23961,46.04878,NORMAL,2026-09-29T052155Z
01AK007,NACKAWIC STREAM NEAR TEMPERANCE VALE,2026-09-01T01:25:00Z,0.532,0.166,-67.23961,46.04878,NORMAL,2026-09-29T052155Z
01AK007,NACKAWIC STREAM NEAR TEMPERANCE VALE,2026-09-01T01:30:00Z,0.533,0.169,-67.23961,46.04878,NORMAL,2026-09-29T052155Z
01AK007,NACKAWIC STREAM NEAR TEMPERANCE VALE,2026-09-01T01:35:00Z,0.533,0.169,-67.23961,46.04878,NORMAL,2026-09-29T052155Z
01AK007,NACKAWIC STREAM NEAR TEMPERANCE VALE,2026-09-01T01:40:00Z,0.533,0.169,-67.23961,46.04878,NORMAL,2026-09-29T052155Z
01AK007,NACKAWIC STREAM NEAR TEMPERANCE VALE,2026-09-01T01:45:00Z,0.532,0.166,-67.23961,46.04878,NORMAL,2026-09-29T052155Z
01AK007,NACKAWIC STREAM NEAR TEMPERANCE VALE,2026-09-01T01:50:00Z,0.532,0.166,-67.23961,46.04878,NORMAL,2026-09-29T052155Z
01AK007,NACKAWIC STREAM NEAR TEMPERANCE VALE,2026-09-01T01:55:00Z,0.532,0.166,-67.23961,46.04878,NORMAL,2026-09-29T052155Z
01AK007,NACKAWIC STREAM NEAR TEMPERANCE VALE,2026-09-01T02:00:00Z,0.533,0.169,-67.23961,46.04878,NORMAL,2026-09-29T052155Z
01AK007,NACKAWIC STREAM NEAR TEMPERANCE VALE,2026-09-01T02:05:00Z,0.533,0.169,-67.23961,46.04878,NORMAL,2026-09-29T052155Z
01AK007,NACKAWIC STREAM NEAR TEMPERANCE VALE,2026-09-01T02:10:00Z,0.532,0.166,-67.23961,46.04878,NORMAL,2026-09-29T052155Z
01AK007,NACKAWIC STREAM NEAR TEMPERANCE VALE,2026-09-01T02:15:00Z,0.532,0.166,-67.23961,46.04878,NORMAL,2026-09-29T052155Z
01AK007,NACKAWIC STREAM NEAR TEMPERANCE VALE,2026-09-01T02:20:00Z,0.532,0.166,-67.23961,46.04878,NORMAL,2026-09-29T052155Z
01AK007,NACKAWIC STREAM NEAR TEMPERANCE VALE,2026-09-01T02:25:00Z,0.532,0.166,-67.23961,46.04878,NORMAL,2026-09-29T052155Z
01AK007,NACKAWIC STREAM NEAR TEMPERANCE VALE,2026-09-01T02:30:00Z,0.533,0.169,-67.23961,46.04878,NORMAL,2026-09-29T052155Z
01AK007,NACKAWIC STREAM NEAR TEMPERANCE VALE,2026-09-01T02:35:00Z,0.533,0.169,-67.23961,46.04878,NORMAL,2026-09-29T052155Z
01AK007,NACKAWIC STREAM NEAR TEMPERANCE VALE,2026-09-01T02:40:00Z,0.532,0.166,-67.23961,46.04878,NORMAL,2026-09-29T052155Z
01AK007,NACKAWIC STREAM NEAR TEMPERANCE VALE,2026-09-01T02:45:00Z,0.532,0.166,-67.23961,46.04878,NORMAL,2026-09-29T052155Z
01AK007,NACKAWIC STREAM NEAR TEMPERANCE VALE,2026-09-01T02:50:00Z,0.532,0.166,-67.23961,46.04878,NORMAL,2026-09-29T052155Z
01AK007,NACKAWIC STREAM NEAR TEMPERANCE VALE,2026-09-01T02:55:00Z,0.531,0.163,-67.23961,46.04878,NORMAL,2026-09-29T052155Z
01AK007,NACKAWIC STREAM NEAR TEMPERANCE VALE,2026-09-01T03:00:00Z,0.531,0.163,-67.23961,46.04878,NORMAL,2026-09-29T052155Z
01AK007,NACKAWIC STREAM NEAR TEMPERANCE VALE,2026-09-01T03:05:00Z,0.532,0.166,-67.23961,46.04878,NORMAL,2026-09-29T052155Z
01AK007,NACKAWIC STREAM NEAR TEMPERANCE VALE,2026-09-01T03:10:00Z,0.532,0.166,-67.23961,46.04878,NORMAL,2026-09-29T052155Z
01AK007,NACKAWIC STREAM NEAR TEMPERANCE VALE,2026-09-01T03:15:00Z,0.532,0.166,-67.23961,46.04878,NORMAL,2026-09-29T052155Z
01AK007,NACKAWIC STREAM NEAR TEMPERANCE VALE,2026-09-01T03:20:00Z,0.531,0.163,-67.23961,46.04878,NORMAL,2026-09-29T052155Z
01AK007,NACKAWIC STREAM NEAR TEMPERANCE VALE,2026-09-01T03:25:00Z,0.531,0.163,-67.23961,46.04878,NORMAL,2026-09-29T052155Z
01AK007,NACKAWIC STREAM NEAR TEMPERANCE VALE,2026-09-01T03:30:00Z,0.531,0.163,-67.23961,46.04878,NORMAL,2026-09-29T052155Z
01AK007,NACKAWIC STREAM NEAR TEMPERANCE VALE,2026-09-01T03:35:00Z,0.532,0.166,-67.23961,46.04878,NORMAL,2026-09-29T052155Z
01AK007,NACKAWIC STREAM NEAR TEMPERANCE VALE,2026-09-01T03:40:00Z,0.532,0.166,-67.23961,46.04878,NORMAL,2026-09-29T052155Z
01AK007,NACKAWIC STREAM NEAR TEMPERANCE VALE,2026-09-01T03:45:00Z,0.531,0.163,-67.23961,46.04878,NORMAL,2026-09-29T052155Z
01AK007,NACKAWIC STREAM NEAR TEMPERANCE VALE,2026-09-01T03:50:00Z,0.531,0.163,-67.23961,46.04878,NORMAL,2026-09-29T052155Z
01AK007,NACKAWIC STREAM NEAR TEMPERANCE VALE,2026-09-01T03:55:00Z,0.531,0.163,-67.23961,46.04878,NORMAL,2026-09-29T052155Z
01AK007,NACKAWIC STREAM NEAR TEMPERANCE VALE,2026-09-01T04:00:00Z,0.531,0.163,-67.23961,46.04878,NORMAL,2026-09-29T052155Z
01AK007,NACKAWIC STREAM NEAR TEMPERANCE VALE,2026-09-01T04:05:00Z,0.53,0.159,-67.23961,46.04878,NORMAL,2026-09-29T052155Z
01AK007,NACKAWIC STREAM NEAR TEMPERANCE VALE,2026-09-01T04:10:00Z,0.531,0.163,-67.23961,46.04878,NORMAL,2026-09-29T052155Z
01AK007,NACKAWIC STREAM NEAR TEMPERANCE VALE,2026-09-01T04:15:00Z,0.531,0.163,-67.23961,46.04878,NORMAL,2026-09-29T052155Z
01AK007,NACKAWIC STREAM NEAR TEMPERANCE VALE,2026-09-01T04:20:00Z,0.531,0.163,-67.23961,46.04878,NORMAL,2026-09-29T052155Z
01AK007,NACKAWIC STREAM NEAR TEMPERANCE VALE,2026-09-01T04:25:00Z,0.531,0.163,-67.23961,46.04878,NORMAL,2026-09-29T052155Z
01AK007,NACKAWIC STREAM NEAR TEMPERANCE VALE,2026-09-01T04:30:00Z,0.531,0.163,-67.23961,46.04878,NORMAL,2026-09-29T052155Z
01AK007,NACKAWIC STREAM NEAR TEMPERANCE VALE,2026-09-01T04:35:00Z,0.53,0.159,-67.23961,46.04878,NORMAL,2026-09-29T052155Z
01AK007,NACKAWIC STREAM NEAR TEMPERANCE VALE,2026-09-01T04:40:00Z,0.53,0.159,-67.23961,46.04878,NORMAL,2026-09-29T052155Z
01AK007,NACKAWIC STREAM NEAR TEMPERANCE VALE,2026-09-01T04:45:00Z,0.531,0.163,-67.23961,46.04878,NORMAL,2026-09-29T052155Z
01AK007,NACKAWIC STREAM NEAR TEMPERANCE VALE,2026-09-01T04:50:00Z,0.531,0.163,-67.23961,46.04878,NORMAL,2026-09-29T052155Z
01AK007,NACKAWIC STREAM NEAR TEMPERANCE VALE,2026-09-01T04:55:00Z,0.53,0.159,-67.23961,46.04878,NORMAL,2026-09-29T052155Z
01AK007,NACKAWIC STREAM NEAR TEMPERANCE VALE,2026-09-01T05:00:00Z,0.53,0.159,-67.23961,46.04878,NORMAL,2026-09-29T052155Z
01AK007,NACKAWIC STREAM NEAR TEMPERANCE VALE,2026-09-01T05:05:00Z,0.53,0.159,-67.23961,46.04878,NORMAL,2026-09-29T052155Z
01AK007,NACKAWIC STREAM NEAR TEMPERANCE VALE,2026-09-01T05:10:00Z,0.53,0.159,-67.23961,46.04878,NORMAL,2026-09-29T052155Z
01AK007,NACKAWIC STREAM NEAR TEMPERANCE VALE,2026-09-01T05:15:00Z,0.53,0.159,-67.23961,46.04878,NORMAL,2026-09-29T052155Z
01AK007,NACKAWIC STREAM NEAR TEMPERANCE VALE,2026-09-01T05:20:00Z,0.531,0.163,-67.23961,46.04878,NORMAL,2026-09-29T052155Z
01AK007,NACKAWIC STREAM NEAR TEMPERANCE VALE,2026-09-01T05:25:00Z,0.53,0.159,-67.23961,46.04878,NORMAL,2026-09-29T052155Z
01AK007,NACKAWIC STREAM NEAR TEMPERANCE VALE,2026-09-01T05:30:00Z,0.53,0.159,-67.23961,46.04878,NORMAL,2026-09-29T052155Z
01AK007,NACKAWIC STREAM NEAR TEMPERANCE VALE,2026-09-01T05:35:00Z,0.53,0.159,-67.23961,46.04878,NORMAL,2026-09-29T052155Z
01AK007,NACKAWIC STREAM NEAR TEMPERANCE VALE,2026-09-01T05:40:00Z,0.53,0.159,-67.23961,46.04878,NORMAL,2026-09-29T052155Z
01AK007,NACKAWIC STREAM NEAR TEMPERANCE VALE,2026-09-01T05:45:00Z,0.529,0.156,-67.23961,46.04878,NORMAL,2026-09-29T052155Z
01AK007,NACKAWIC STREAM NEAR TEMPERANCE VALE,2026-09-01T05:50:00Z,0.53,0.159,-67.23961,46.04878,NORMAL,2026-09-29T052155Z
01AK007,NACKAWIC STREAM NEAR TEMPERANCE VALE,2026-09-01T05:55:00Z,0.53,0.159,-67.23961,46.04878,NORMAL,2026-09-29T052155Z
01AK007,NACKAWIC STREAM NEAR TEMPERANCE VALE,2026-09-01T06:00:00Z,0.53,0.159,-67.23961,46.04878,NORMAL,2026-09-29T052155Z
01AK007,NACKAWIC STREAM NEAR TEMPERANCE VALE,2026-09-01T06:05:00Z,0.53,0.159,-67.23961,46.04878,NORMAL,2026-09-29T052155Z
01AK007,NACKAWIC STREAM NEAR TEMPERANCE VALE,2026-09-01T06:10:00Z,0.529,0.156,-67.23961,46.04878,NORMAL,2026-09-29T052155Z
01AK007,NACKAWIC STREAM NEAR TEMPERANCE VALE,2026-09-01T06:15:00Z,0.529,0.156,-67.23961,46.04878,NORMAL,2026-09-29T052155Z
01AK007,NACKAWIC STREAM NEAR TEMPERANCE VALE,2026-09-01T06:20:00Z,0.529,0.156,-67.23961,46.04878,NORMAL,2026-09-29T052155Z
01AK007,NACKAWIC STREAM NEAR TEMPERANCE VALE,2026-09-01T06:25:00Z,0.53,0.159,-67.23961,46.04878,NORMAL,2026-09-29T052155Z
01AK007,NACKAWIC STREAM NEAR TEMPERANCE VALE,2026-09-01T06:30:00Z,0.53,0.159,-67.23961,46.04878,NORMAL,2026-09-29T052155Z
01AK007,NACKAWIC STREAM NEAR TEMPERANCE VALE,2026-09-01T06:35:00Z,0.529,0.156,-67.23961,46.04878,NORMAL,2026-09-29T052155Z
01AK007,NACKAWIC STREAM NEAR TEMPERANCE VALE,2026-09-01T06:40:00Z,0.529,0.156,-67.23961,46.04878,NORMAL,2026-09-29T052155Z
01AK007,NACKAWIC STREAM NEAR TEMPERANCE VALE,2026-09-01T06:45:00Z,0.529,0.156,-67.23961,46.04878,NORMAL,2026-09-29T052155Z
01AK007,NACKAWIC STREAM NEAR TEMPERANCE VALE,2026-09-01T06:50:00Z,0.529,0.156,-67.23961,46.04878,NORMAL,2026-09-29T052155Z
01AK007,NACKAWIC STREAM NEAR TEMPERANCE VALE,2026-09-01T06:55:00Z,0.528,0.153,-67.23961,46.04878,NORMAL,2026-09-29T052155Z
01AK007,NACKAWIC STREAM NEAR TEMPERANCE VALE,2026-09-01T07:00:00Z,0.529,0.156,-67.23961,46.04878,NORMAL,2026-09-29T052155Z
01AK007,NACKAWIC STREAM NEAR TEMPERANCE VALE,2026-09-01T07:05:00Z,0.529,0.156,-67.23961,46.04878,NORMAL,2026-09-29T052155Z
01AK007,NACKAWIC STREAM NEAR TEMPERANCE VALE,2026-09-01T07:10:00Z,0.529,0.156,-67.23961,46.04878,NORMAL,2026-09-29T052155Z
01AK007,NACKAWIC STREAM NEAR TEMPERANCE VALE,2026-09-01T07:15:00Z,0.529,0.156,-67.23961,46.04878,NORMAL,2026-09-29T052155Z
01AK007,NACKAWIC STREAM NEAR TEMPERANCE VALE,2026-09-01T07:20:00Z,0.528,0.153,-67.23961,46.04878,NORMAL,2026-09-29T052155Z
01AK007,NACKAWIC STREAM NEAR TEMPERANCE VALE,2026-09-01T07:25:00Z,0.528,0.153,-67.23961,46.04878,NORMAL,2026-09-29T052155Z
01AK007,NACKAWIC STREAM NEAR TEMPERANCE VALE,2026-09-01T07:30:00Z,0.528,0.153,-67.23961,46.04878,NORMAL,2026-09-29T052155Z
01AK007,NACKAWIC STREAM NEAR TEMPERANCE VALE,2026-09-01T07:35:00Z,0.529,0.156,-67.23961,46.04878,NORMAL,2026-09-29T052155Z
01AK007,NACKAWIC STREAM NEAR TEMPERANCE VALE,2026-09-01T07:40:00Z,0.528,0.153,-67.23961,46.04878,NORMAL,2026-09-29T052155Z
01AK007,NACKAWIC STREAM NEAR TEMPERANCE VALE,2026-09-01T07:45:00Z,0.528,0.153,-67.23961,46.04878,NORMAL,2026-09-29T052155Z
01AK007,NACKAWIC STREAM NEAR TEMPERANCE VALE,2026-09-01T07:50:00Z,0.528,0.153,-67.23961,46.04878,NORMAL,2026-09-29T052155Z
01AK007,NACKAWIC STREAM NEAR TEMPERANCE VALE,2026-09-01T07:55:00Z,0.528,0.153,-67.23961,46.04878,NORMAL,2026-09-29T052155Z
01AK007,NACKAWIC STREAM NEAR TEMPERANCE VALE,2026-09-01T08:00:00Z,0.527,0.15,-67.23961,46.04878,NORMAL,2026-09-29T052155Z
01AK007,NACKAWIC STREAM NEAR TEMPERANCE VALE,2026-09-01T08:05:00Z,0.527,0.15,-67.23961,46.04878,NORMAL,2026-09-29T052155Z
01AK007,NACKAWIC STREAM NEAR TEMPERANCE VALE,2026-09-01T08:10:00Z,0.528,0.153,-67.23961,46.04878,NORMAL,2026-09-29T052155Z
01AK007,NACKAWIC STREAM NEAR TEMPERANCE VALE,2026-09-01T08:15:00Z,0.528,0.153,-67.23961,46.04878,NORMAL,2026-09-29T052155Z
01AK007,NACKAWIC STREAM NEAR TEMPERANCE VALE,2026-09-01T08:20:00Z,0.528,0.153,-67.23961,46.04878,NORMAL,2026-09-29T052155Z
01AK007,NACKAWIC STREAM NEAR TEMPERANCE VALE,2026-09-01T08:25:00Z,0.527,0.15,-67.23961,46.04878,NORMAL,2026-09-29T052155Z
01AK007,NACKAWIC STREAM NEAR TEMPERANCE VALE,2026-09-01T08:30:00Z,0.528,0.153,-67.23961,46.04878,NORMAL,2026-09-29T052155Z
01AK007,NACKAWIC STREAM NEAR TEMPERANCE VALE,2026-09-01T08:34:53Z,0.527,0.15,-67.23961,46.04878,NORMAL,2026-09-29T052155Z
01AK007,NACKAWIC STREAM NEAR TEMPERANCE VALE,2026-09-01T08:40:00Z,0.527,0.15,-67.23961,46.04878,NORMAL,2026-09-29T052155Z
01AK007,NACKAWIC STREAM NEAR TEMPERANCE VALE,2026-09-01T08:45:00Z,0.527,0.15,-67.23961,46.04878,NORMAL,2026-09-29T052155Z
01AK007,NACKAWIC STREAM NEAR TEMPERANCE VALE,2026-09-01T08:50:00Z,0.527,0.15,-67.23961,46.04878,NORMAL,2026-09-29T052155Z
01AK007,NACKAWIC STREAM NEAR TEMPERANCE VALE,2026-09-01T08:55:00Z,0.527,0.15,-67.23961,46.04878,NORMAL,2026-09-29T052155Z
01AK007,NACKAWIC STREAM NEAR TEMPERANCE VALE,2026-09-01T09:00:00Z,0.527,0.15,-67.23961,46.04878,NORMAL,2026-09-29T052155Z
01AK007,NACKAWIC STREAM NEAR TEMPERANCE VALE,2026-09-01T09:05:00Z,0.526,0.147,-67.23961,46.04878,NORMAL,2026-09-29T052155Z
01AK007,NACKAWIC STREAM NEAR TEMPERANCE VALE,2026-09-01T09:10:00Z,0.526,0.147,-67.23961,46.04878,NORMAL,2026-09-29T052155Z
01AK007,NACKAWIC STREAM NEAR TEMPERANCE VALE,2026-09-01T09:15:00Z,0.526,0.147,-67.23961,46.04878,NORMAL,2026-09-29T052155Z
01AK007,NACKAWIC STREAM NEAR TEMPERANCE VALE,2026-09-01T09:20:00Z,0.527,0.15,-67.23961,46.04878,NORMAL,2026-09-29T052155Z
01AK007,NACKAWIC STREAM NEAR TEMPERANCE VALE,2026-09-01T09:25:00Z,0.526,0.147,-67.23961,46.04878,NORMAL,2026-09-29T052155Z
01AK007,NACKAWIC STREAM NEAR TEMPERANCE VALE,2026-09-01T09:30:00Z,0.526,0.147,-67.23961,46.04878,NORMAL,2026-09-29T052155Z
01AK007,NACKAWIC STREAM NEAR TEMPERANCE VALE,2026-09-01T09:35:00Z,0.526,0.147,-67.23961,46.04878,NORMAL,2026-09-29T052155Z
01AK007,NACKAWIC STREAM NEAR TEMPERANCE VALE,2026-09-01T09:40:00Z,0.526,0.147,-67.23961,46.04878,NORMAL,2026-09-29T052155Z
01AK007,NACKAWIC STREAM NEAR TEMPERANCE VALE,2026-09-01T09:45:00Z,0.525,0.144,-67.23961,46.04878,NORMAL,2026-09-29T052155Z
01AK007,NACKAWIC STREAM NEAR TEMPERANCE VALE,2026-09-01T09:50:00Z,0.525,0.144,-67.23961,46.04878,NORMAL,2026-09-29T052155Z
01AK007,NACKAWIC STREAM NEAR TEMPERANCE VALE,2026-09-01T09:55:00Z,0.526,0.147,-67.23961,46.04878,NORMAL,2026-09-29T052155Z
01AK007,NACKAWIC STREAM NEAR TEMPERANCE VALE,2026-09-01T10:00:00Z,0.526,0.147,-67.23961,46.04878,NORMAL,2026-09-29T052155Z
01AK007,NACKAWIC STREAM NEAR TEMPERANCE VALE,2026-09-01T10:35:00Z,0.525,0.144,-67.23961,46.04878,NORMAL,2026-09-29T052155Z
01AK007,NACKAWIC STREAM NEAR TEMPERANCE VALE,2026-09-01T10:40:00Z,0.525,0.144,-67.23961,46.04878,NORMAL,2026-09-29T052155Z
01AK007,NACKAWIC STREAM NEAR TEMPERANCE VALE,2026-09-01T10:45:00Z,0.524,0.141,-67.23961,46.04878,NORMAL,2026-09-29T052155Z
01AK007,NACKAWIC STREAM NEAR TEMPERANCE VALE,2026-09-01T10:50:00Z,0.524,0.141,-67.23961,46.04878,NORMAL,2026-09-29T052155Z
01AK007,NACKAWIC STREAM NEAR TEMPERANCE VALE,2026-09-01T10:55:00Z,0.524,0.141,-67.23961,46.04878,NORMAL,2026-09-29T052155Z
01AK007,NACKAWIC STREAM NEAR TEMPERANCE VALE,2026-09-01T11:00:00Z,0.524,0.141,-67.23961,46.04878,NORMAL,2026-09-29T052155Z
01AK007,NACKAWIC STREAM NEAR TEMPERANCE VALE,2026-09-01T10:05:00Z,0.525,0.144,-67.23961,46.04878,NORMAL,2026-09-29T052155Z
01AK007,NACKAWIC STREAM NEAR TEMPERANCE VALE,2026-09-01T10:10:00Z,0.525,0.144,-67.23961,46.04878,NORMAL,2026-09-29T052155Z
01AK007,NACKAWIC STREAM NEAR TEMPERANCE VALE,2026-09-01T10:15:00Z,0.525,0.144,-67.23961,46.04878,NORMAL,2026-09-29T052155Z
01AK007,NACKAWIC STREAM NEAR TEMPERANCE VALE,2026-09-01T10:20:00Z,0.524,0.141,-67.23961,46.04878,NORMAL,2026-09-29T052155Z
01AK007,NACKAWIC STREAM NEAR TEMPERANCE VALE,2026-09-01T10:25:00Z,0.524,0.141,-67.23961,46.04878,NORMAL,2026-09-29T052155Z
01AK007,NACKAWIC STREAM NEAR TEMPERANCE VALE,2026-09-01T10:30:00Z,0.525,0.144,-67.23961,46.04878,NORMAL,2026-09-29T052155Z
01AK007,NACKAWIC STREAM NEAR TEMPERANCE VALE,2026-09-01T11:05:00Z,0.525,0.144,-67.23961,46.04878,NORMAL,2026-09-29T052155Z
01AK007,NACKAWIC STREAM NEAR TEMPERANCE VALE,2026-09-01T11:10:00Z,0.524,0.141,-67.23961,46.04878,NORMAL,2026-09-29T052155Z
01AK007,NACKAWIC STREAM NEAR TEMPERANCE VALE,2026-09-01T11:15:00Z,0.524,0.141,-67.23961,46.04878,NORMAL,2026-09-29T052155Z
01AK007,NACKAWIC STREAM NEAR TEMPERANCE VALE,2026-09-01T11:20:00Z,0.524,0.141,-67.23961,46.04878,NORMAL,2026-09-29T052155Z
01AK007,NACKAWIC STREAM NEAR TEMPERANCE VALE,2026-09-01T11:25:00Z,0.524,0.141,-67.23961,46.04878,NORMAL,2026-09-29T052155Z
01AK007,NACKAWIC STREAM NEAR TEMPERANCE VALE,2026-09-01T11:30:00Z,0.524,0.141,-67.23961,46.04878,NORMAL,2026-09-29T052155Z
01AK007,NACKAWIC STREAM NEAR TEMPERANCE VALE,2026-09-01T11:33:03Z,0.523,0.138,-67.23961,46.04878,NORMAL,2026-09-29T052155Z
01AK007,NACKAWIC STREAM NEAR TEMPERANCE VALE,2026-09-01T11:35:00Z,0.523,0.138,-67.23961,46.04878,NORMAL,2026-09-29T052155Z
01AK007,NACKAWIC STREAM NEAR TEMPERANCE VALE,2026-09-01T11:40:00Z,0.523,0.138,-67.23961,46.04878,NORMAL,2026-09-29T052155Z
01AK007,NACKAWIC STREAM NEAR TEMPERANCE VALE,2026-09-01T11:45:00Z,0.524,0.141,-67.23961,46.04878,NORMAL,2026-09-29T052155Z
01AK007,NACKAWIC STREAM NEAR TEMPERANCE VALE,2026-09-01T11:50:00Z,0.524,0.141,-67.23961,46.04878,NORMAL,2026-09-29T052155Z
01AK007,NACKAWIC STREAM NEAR TEMPERANCE VALE,2026-09-01T11:55:00Z,0.524,0.141,-67.23961,46.04878,NORMAL,2026-09-29T052155Z
01AK007,NACKAWIC STREAM NEAR TEMPERANCE VALE,2026-09-01T12:00:00Z,0.524,0.141,-67.23961,46.04878,NORMAL,2026-09-29T052155Z
01AK007,NACKAWIC STREAM NEAR TEMPERANCE VALE,2026-09-01T12:05:00Z,0.524,0.141,-67.23961,46.04878,NORMAL,2026-09-29T052155Z
01AK007,NACKAWIC STREAM NEAR TEMPERANCE VALE,2026-09-01T12:10:00Z,0.524,0.141,-67.23961,46.04878,NORMAL,2026-09-29T052155Z
01AK007,NACKAWIC STREAM NEAR TEMPERANCE VALE,2026-09-01T12:15:00Z,0.523,0.138,-67.23961,46.04878,NORMAL,2026-09-29T052155Z
01AK007,NACKAWIC STREAM NEAR TEMPERANCE VALE,2026-09-01T12:20:00Z,0.523,0.138,-67.23961,46.04878,NORMAL,2026-09-29T052155Z
01AK007,NACKAWIC STREAM NEAR TEMPERANCE VALE,2026-09-01T12:25:00Z,0.524,0.141,-67.23961,46.04878,NORMAL,2026-09-29T052155Z
01AK007,NACKAWIC STREAM NEAR TEMPERANCE VALE,2026-09-01T12:30:00Z,0.524,0.141,-67.23961,46.04878,NORMAL,2026-09-29T052155Z
01AK007,NACKAWIC STREAM NEAR TEMPERANCE VALE,2026-09-01T12:35:00Z,0.524,0.141,-67.23961,46.04878,NORMAL,2026-09-29T052155Z
01AK007,NACKAWIC STREAM NEAR TEMPERANCE VALE,2026-09-01T12:40:00Z,0.524,0.141,-67.23961,46.04878,NORMAL,2026-09-29T052155Z
01AK007,NACKAWIC STREAM NEAR TEMPERANCE VALE,2026-09-01T12:45:00Z,0.524,0.141,-67.23961,46.04878,NORMAL,2026-09-29T052155Z
01AK007,NACKAWIC STREAM NEAR TEMPERANCE VALE,2026-09-01T12:50:00Z,0.523,0.138,-67.23961,46.04878,NORMAL,2026-09-29T052155Z
01AK007,NACKAWIC STREAM NEAR TEMPERANCE VALE,2026-09-01T12:55:00Z,0.523,0.138,-67.23961,46.04878,NORMAL,2026-09-29T052155Z
01AK007,NACKAWIC STREAM NEAR TEMPERANCE VALE,2026-09-01T13:00:00Z,0.524,0.141,-67.23961,46.04878,NORMAL,2026-09-29T052155Z
01AK007,NACKAWIC STREAM NEAR TEMPERANCE VALE,2026-09-01T13:05:00Z,0.524,0.141,-67.23961,46.04878,NORMAL,2026-09-29T052155Z
01AK007,NACKAWIC STREAM NEAR TEMPERANCE VALE,2026-09-01T13:10:00Z,0.524,0.141,-67.23961,46.04878,NORMAL,2026-09-29T052155Z
01AK007,NACKAWIC STREAM NEAR TEMPERANCE VALE,2026-09-01T13:15:00Z,0.524,0.141,-67.23961,46.04878,NORMAL,2026-09-29T052155Z
01AK007,NACKAWIC STREAM NEAR TEMPERANCE VALE,2026-09-01T13:20:00Z,0.524,0.141,-67.23961,46.04878,NORMAL,2026-09-29T052155Z
01AK007,NACKAWIC STREAM NEAR TEMPERANCE VALE,2026-09-01T13:25:00Z,0.523,0.138,-67.23961,46.04878,NORMAL,2026-09-29T052155Z
01AK007,NACKAWIC STREAM NEAR TEMPERANCE VALE,2026-09-01T13:30:00Z,0.523,0.138,-67.23961,46.04878,NORMAL,2026-09-29T052155Z
01AK007,NACKAWIC STREAM NEAR TEMPERANCE VALE,2026-09-01T13:35:00Z,0.523,0.138,-67.23961,46.04878,NORMAL,2026-09-29T052155Z
01AK007,NACKAWIC STREAM NEAR TEMPERANCE VALE,2026-09-01T13:40:00Z,0.524,0.141,-67.23961,46.04878,NORMAL,2026-09-29T052155Z
01AK007,NACKAWIC STREAM NEAR TEMPERANCE VALE,2026-09-01T13:45:00Z,0.524,0.141,-67.23961,46.04878,NORMAL,2026-09-29T052155Z
01AK007,NACKAWIC STREAM NEAR TEMPERANCE VALE,2026-09-01T13:50:00Z,0.524,0.141,-67.23961,46.04878,NORMAL,2026-09-29T052155Z
01AK007,NACKAWIC STREAM NEAR TEMPERANCE VALE,2026-09-01T13:55:00Z,0.523,0.138,-67.23961,46.04878,NORMAL,2026-09-29T052155Z
01AK007,NACKAWIC STREAM NEAR TEMPERANCE VALE,2026-09-01T14:00:00Z,0.523,0.138,-67.23961,46.04878,NORMAL,2026-09-29T052155Z
01AK007,NACKAWIC STREAM NEAR TEMPERANCE VALE,2026-09-01T14:05:00Z,0.523,0.138,-67.23961,46.04878,NORMAL,2026-09-29T052155Z
01AK007,NACKAWIC STREAM NEAR TEMPERANCE VALE,2026-09-01T14:10:00Z,0.524,0.141,-67.23961,46.04878,NORMAL,2026-09-29T052155Z
01AK007,NACKAWIC STREAM NEAR TEMPERANCE VALE,2026-09-01T14:15:00Z,0.524,0.141,-67.23961,46.04878,NORMAL,2026-09-29T052155Z
01AK007,NACKAWIC STREAM NEAR TEMPERANCE VALE,2026-09-01T14:20:00Z,0.524,0.141,-67.23961,46.04878,NORMAL,2026-09-29T052155Z
01AK007,NACKAWIC STREAM NEAR TEMPERANCE VALE,2026-09-01T14:25:00Z,0.523,0.138,-67.23961,46.04878,NORMAL,2026-09-29T052155Z
01AK007,NACKAWIC STREAM NEAR TEMPERANCE VALE,2026-09-01T14:30:00Z,0.523,0.138,-67.23961,46.04878,NORMAL,2026-09-29T052155Z
01AK007,NACKAWIC STREAM NEAR TEMPERANCE VALE,2026-09-01T14:35:00Z,0.523,0.138,-67.23961,46.04878,NORMAL,2026-09-29T052155Z
01AK007,NACKAWIC STREAM NEAR TEMPERANCE VALE,2026-09-01T14:40:00Z,0.523,0.138,-67.23961,46.04878,NORMAL,2026-09-29T052155Z
01AK007,NACKAWIC STREAM NEAR TEMPERANCE VALE,2026-09-01T14:45:00Z,0.524,0.141,-67.23961,46.04878,NORMAL,2026-09-29T052155Z
01AK007,NACKAWIC STREAM NEAR TEMPERANCE VALE,2026-09-01T14:50:00Z,0.524,0.141,-67.23961,46.04878,NORMAL,2026-09-29T052155Z
01AK007,NACKAWIC STREAM NEAR TEMPERANCE VALE,2026-09-01T14:55:00Z,0.523,0.138,-67.23961,46.04878,NORMAL,2026-09-29T052155Z
01AK007,NACKAWIC STREAM NEAR TEMPERANCE VALE,2026-09-01T15:00:00Z,0.523,0.138,-67.23961,46.04878,NORMAL,2026-09-29T052155Z
01AK007,NACKAWIC STREAM NEAR TEMPERANCE VALE,2026-09-01T15:05:00Z,0.523,0.138,-67.23961,46.04878,NORMAL,2026-09-29T052155Z
01AK007,NACKAWIC STREAM NEAR TEMPERANCE VALE,2026-09-01T15:10:00Z,0.523,0.138,-67.23961,46.04878,NORMAL,2026-09-29T052155Z
01AK007,NACKAWIC STREAM NEAR TEMPERANCE VALE,2026-09-01T15:15:00Z,0.522,0.136,-67.23961,46.04878,NORMAL,2026-09-29T052155Z
01AK007,NACKAWIC STREAM NEAR TEMPERANCE VALE,2026-09-01T15:20:00Z,0.523,0.138,-67.23961,46.04878,NORMAL,2026-09-29T052155Z
01AK007,NACKAWIC STREAM NEAR TEMPERANCE VALE,2026-09-01T15:25:00Z,0.523,0.138,-67.23961,46.04878,NORMAL,2026-09-29T052155Z
01AK007,NACKAWIC STREAM NEAR TEMPERANCE VALE,2026-09-01T15:30:00Z,0.523,0.138,-67.23961,46.04878,NORMAL,2026-09-29T052155Z
01AK007,NACKAWIC STREAM NEAR TEMPERANCE VALE,2026-09-01T15:35:00Z,0.523,0.138,-67.23961,46.04878,NORMAL,2026-09-29T052155Z
01AK007,NACKAWIC STREAM NEAR TEMPERANCE VALE,2026-09-01T15:40:00Z,0.522,0.136,-67.23961,46.04878,NORMAL,2026-09-29T052155Z
01AK007,NACKAWIC STREAM NEAR TEMPERANCE VALE,2026-09-01T15:45:00Z,0.522,0.136,-67.23961,46.04878,NORMAL,2026-09-29T052155Z
01AK007,NACKAWIC STREAM NEAR TEMPERANCE VALE,2026-09-01T15:50:00Z,0.523,0.138,-67.23961,46.04878,NORMAL,2026-09-29T052155Z
01AK007,NACKAWIC STREAM NEAR TEMPERANCE VALE,2026-09-01T15:55:00Z,0.523,0.138,-67.23961,46.04878,NORMAL,2026-09-29T052155Z
01AK007,NACKAWIC STREAM NEAR TEMPERANCE VALE,2026-09-01T16:00:00Z,0.523,0.138,-67.23961,46.04878,NORMAL,2026-09-29T052155Z
01AK007,NACKAWIC STREAM NEAR TEMPERANCE VALE,2026-09-01T16:05:00Z,0.522,0.136,-67.23961,46.04878,NORMAL,2026-09-29T052155Z
01AK007,NACKAWIC STREAM NEAR TEMPERANCE VALE,2026-09-01T16:10:00Z,0.522,0.136,-67.23961,46.04878,NORMAL,2026-09-29T052155Z
01AK007,NACKAWIC STREAM NEAR TEMPERANCE VALE,2026-09-01T16:15:00Z,0.522,0.136,-67.23961,46.04878,NORMAL,2026-09-29T052155Z
01AK007,NACKAWIC STREAM NEAR TEMPERANCE VALE,2026-09-01T16:20:00Z,0.523,0.138,-67.23961,46.04878,NORMAL,2026-09-29T052155Z
01AK007,NACKAWIC STREAM NEAR TEMPERANCE VALE,2026-09-01T16:25:00Z,0.522,0.136,-67.23961,46.04878,NORMAL,2026-09-29T052155Z
01AK007,NACKAWIC STREAM NEAR TEMPERANCE VALE,2026-09-01T16:30:00Z,0.522,0.136,-67.23961,46.04878,NORMAL,2026-09-29T052155Z
01AK007,NACKAWIC STREAM NEAR TEMPERANCE VALE,2026-09-01T16:35:00Z,0.522,0.136,-67.23961,46.04878,NORMAL,2026-09-29T052155Z
01AK007,NACKAWIC STREAM NEAR TEMPERANCE VALE,2026-09-01T16:40:00Z,0.522,0.136,-67.23961,46.04878,NORMAL,2026-09-29T052155Z
01AK007,NACKAWIC STREAM NEAR TEMPERANCE VALE,2026-09-01T16:45:00Z,0.521,0.133,-67.23961,46.04878,NORMAL,2026-09-29T052155Z
01AK007,NACKAWIC STREAM NEAR TEMPERANCE VALE,2026-09-01T16:50:00Z,0.522,0.136,-67.23961,46.04878,NORMAL,2026-09-29T052155Z
01AK007,NACKAWIC STREAM NEAR TEMPERANCE VALE,2026-09-01T16:55:00Z,0.522,0.136,-67.23961,46.04878,NORMAL,2026-09-29T052155Z
01AK007,NACKAWIC STREAM NEAR TEMPERANCE VALE,2026-09-01T17:00:00Z,0.522,0.136,-67.23961,46.04878,NORMAL,2026-09-29T052155Z
01AK007,NACKAWIC STREAM NEAR TEMPERANCE VALE,2026-09-01T17:35:00Z,0.521,0.133,-67.23961,46.04878,NORMAL,2026-09-29T052155Z
01AK007,NACKAWIC STREAM NEAR TEMPERANCE VALE,2026-09-01T17:40:00Z,0.521,0.133,-67.23961,46.04878,NORMAL,2026-09-29T052155Z
01AK007,NACKAWIC STREAM NEAR TEMPERANCE VALE,2026-09-01T17:45:00Z,0.521,0.133,-67.23961,46.04878,NORMAL,2026-09-29T052155Z
01AK007,NACKAWIC STREAM NEAR TEMPERANCE VALE,2026-09-01T17:50:00Z,0.521,0.133,-67.23961,46.04878,NORMAL,2026-09-29T052155Z
01AK007,NACKAWIC STREAM NEAR TEMPERANCE VALE,2026-09-01T17:55:00Z,0.521,0.133,-67.23961,46.04878,NORMAL,2026-09-29T052155Z
01AK007,NACKAWIC STREAM NEAR TEMPERANCE VALE,2026-09-01T18:00:00Z,0.521,0.133,-67.23961,46.04878,NORMAL,2026-09-29T052155Z
01AK007,NACKAWIC STREAM NEAR TEMPERANCE VALE,2026-09-01T17:05:00Z,0.522,0.136,-67.23961,46.04878,NORMAL,2026-09-29T052155Z
01AK007,NACKAWIC STREAM NEAR TEMPERANCE VALE,2026-09-01T17:10:00Z,0.521,0.133,-67.23961,46.04878,NORMAL,2026-09-29T052155Z
01AK007,NACKAWIC STREAM NEAR TEMPERANCE VALE,2026-09-01T17:15:00Z,0.521,0.133,-67.23961,46.04878,NORMAL,2026-09-29T052155Z
01AK007,NACKAWIC STREAM NEAR TEMPERANCE VALE,2026-09-01T17:20:00Z,0.521,0.133,-67.23961,46.04878,NORMAL,2026-09-29T052155Z
01AK007,NACKAWIC STREAM NEAR TEMPERANCE VALE,2026-09-01T17:25:00Z,0.522,0.136,-67.23961,46.04878,NORMAL,2026-09-29T052155Z
01AK007,NACKAWIC STREAM NEAR TEMPERANCE VALE,2026-09-01T17:30:00Z,0.521,0.133,-67.23961,46.04878,NORMAL,2026-09-29T052155Z
01AK007,NACKAWIC STREAM NEAR TEMPERANCE VALE,2026-09-01T18:05:00Z,0.521,0.133,-67.23961,46.04878,NORMAL,2026-09-29T052155Z
01AK007,NACKAWIC STREAM NEAR TEMPERANCE VALE,2026-09-01T18:10:00Z,0.52,0.13,-67.23961,46.04878,NORMAL,2026-09-29T052155Z
01AK007,NACKAWIC STREAM NEAR TEMPERANCE VALE,2026-09-01T18:15:00Z,0.52,0.13,-67.23961,46.04878,NORMAL,2026-09-29T052155Z
01AK007,NACKAWIC STREAM NEAR TEMPERANCE VALE,2026-09-01T18:20:00Z,0.52,0.13,-67.23961,46.04878,NORMAL,2026-09-29T052155Z
01AK007,NACKAWIC STREAM NEAR TEMPERANCE VALE,2026-09-01T18:25:00Z,0.521,0.133,-67.23961,46.04878,NORMAL,2026-09-29T052155Z
01AK007,NACKAWIC STREAM NEAR TEMPERANCE VALE,2026-09-01T18:30:00Z,0.521,0.133,-67.23961,46.04878,NORMAL,2026-09-29T052155Z
01AK007,NACKAWIC STREAM NEAR TEMPERANCE VALE,2026-09-01T18:35:00Z,0.52,0.13,-67.23961,46.04878,NORMAL,2026-09-29T052155Z
01AK007,NACKAWIC STREAM NEAR TEMPERANCE VALE,2026-09-01T18:40:00Z,0.52,0.13,-67.23961,46.04878,NORMAL,2026-09-29T052155Z
01AK007,NACKAWIC STREAM NEAR TEMPERANCE VALE,2026-09-01T18:45:00Z,0.52,0.13,-67.23961,46.04878,NORMAL,2026-09-29T052155Z
01AK007,NACKAWIC STREAM NEAR TEMPERANCE VALE,2026-09-01T18:50:00Z,0.52,0.13,-67.23961,46.04878,NORMAL,2026-09-29T052155Z
01AK007,NACKAWIC STREAM NEAR TEMPERANCE VALE,2026-09-01T18:55:00Z,0.52,0.13,-67.23961,46.04878,NORMAL,2026-09-29T052155Z
01AK007,NACKAWIC STREAM NEAR TEMPERANCE VALE,2026-09-01T19:00:00Z,0.52,0.13,-67.23961,46.04878,NORMAL,2026-09-29T052155Z
01AK007,NACKAWIC STREAM NEAR TEMPERANCE VALE,2026-09-01T19:05:00Z,0.52,0.13,-67.23961,46.04878,NORMAL,2026-09-29T052155Z
01AK007,NACKAWIC STREAM NEAR TEMPERANCE VALE,2026-09-01T19:10:00Z,0.52,0.13,-67.23961,46.04878,NORMAL,2026-09-29T052155Z
01AK007,NACKAWIC STREAM NEAR TEMPERANCE VALE,2026-09-01T19:15:00Z,0.52,0.13,-67.23961,46.04878,NORMAL,2026-09-29T052155Z
01AK007,NACKAWIC STREAM NEAR TEMPERANCE VALE,2026-09-01T19:20:00Z,0.519,0.127,-67.23961,46.04878,NORMAL,2026-09-29T052155Z
01AK007,NACKAWIC STREAM NEAR TEMPERANCE VALE,2026-09-01T19:25:00Z,0.52,0.13,-67.23961,46.04878,NORMAL,2026-09-29T052155Z
01AK007,NACKAWIC STREAM NEAR TEMPERANCE VALE,2026-09-01T19:30:00Z,0.52,0.13,-67.23961,46.04878,NORMAL,2026-09-29T052155Z
01AK007,NACKAWIC STREAM NEAR TEMPERANCE VALE,2026-09-01T19:35:00Z,0.52,0.13,-67.23961,46.04878,NORMAL,2026-09-29T052155Z
01AK007,NACKAWIC STREAM NEAR TEMPERANCE VALE,2026-09-01T19:40:00Z,0.52,0.13,-67.23961,46.04878,NORMAL,2026-09-29T052155Z
01AK007,NACKAWIC STREAM NEAR TEMPERANCE VALE,2026-09-01T19:45:00Z,0.519,0.127,-67.23961,46.04878,NORMAL,2026-09-29T052155Z
01AK007,NACKAWIC STREAM NEAR TEMPERANCE VALE,2026-09-01T19:50:00Z,0.519,0.127,-67.23961,46.04878,NORMAL,2026-09-29T052155Z
01AK007,NACKAWIC STREAM NEAR TEMPERANCE VALE,2026-09-01T19:55:00Z,0.519,0.127,-67.23961,46.04878,NORMAL,2026-09-29T052155Z
01AK007,NACKAWIC STREAM NEAR TEMPERANCE VALE,2026-09-01T20:00:00Z,0.52,0.13,-67.23961,46.04878,NORMAL,2026-09-29T052155Z
01AK007,NACKAWIC STREAM NEAR TEMPERANCE VALE,2026-09-01T20:05:00Z,0.519,0.127,-67.23961,46.04878,NORMAL,2026-09-29T052155Z
01AK007,NACKAWIC STREAM NEAR TEMPERANCE VALE,2026-09-01T20:10:00Z,0.519,0.127,-67.23961,46.04878,NORMAL,2026-09-29T052155Z
01AK007,NACKAWIC STREAM NEAR TEMPERANCE VALE,2026-09-01T20:15:00Z,0.519,0.127,-67.23961,46.04878,NORMAL,2026-09-29T052155Z
01AK007,NACKAWIC STREAM NEAR TEMPERANCE VALE,2026-09-01T20:20:00Z,0.519,0.127,-67.23961,46.04878,NORMAL,2026-09-29T052155Z
01AK007,NACKAWIC STREAM NEAR TEMPERANCE VALE,2026-09-01T20:25:00Z,0.518,0.125,-67.23961,46.04878,NORMAL,2026-09-29T052155Z
01AK007,NACKAWIC STREAM NEAR TEMPERANCE VALE,2026-09-01T20:30:00Z,0.519,0.127,-67.23961,46.04878,NORMAL,2026-09-29T052155Z
01AK007,NACKAWIC STREAM NEAR TEMPERANCE VALE,2026-09-01T20:35:00Z,0.519,0.127,-67.23961,46.04878,NORMAL,2026-09-29T052155Z
01AK007,NACKAWIC STREAM NEAR TEMPERANCE VALE,2026-09-01T20:40:00Z,0.519,0.127,-67.23961,46.04878,NORMAL,2026-09-29T052155Z
01AK007,NACKAWIC STREAM NEAR TEMPERANCE VALE,2026-09-01T20:45:00Z,0.519,0.127,-67.23961,46.04878,NORMAL,2026-09-29T052155Z
01AK007,NACKAWIC STREAM NEAR TEMPERANCE VALE,2026-09-01T20:50:00Z,0.519,0.127,-67.23961,46.04878,NORMAL,2026-09-29T052155Z
01AK007,NACKAWIC STREAM NEAR TEMPERANCE VALE,2026-09-01T20:55:00Z,0.518,0.125,-67.23961,46.04878,NORMAL,2026-09-29T052155Z
01AK007,NACKAWIC STREAM NEAR TEMPERANCE VALE,2026-09-01T21:00:00Z,0.519,0.127,-67.23961,46.04878,NORMAL,2026-09-29T052155Z
01AK007,NACKAWIC STREAM NEAR TEMPERANCE VALE,2026-09-01T21:05:00Z,0.519,0.127,-67.23961,46.04878,NORMAL,2026-09-29T052155Z
01AK007,NACKAWIC STREAM NEAR TEMPERANCE VALE,2026-09-01T21:10:00Z,0.519,0.127,-67.23961,46.04878,NORMAL,2026-09-29T052155Z
01AK007,NACKAWIC STREAM NEAR TEMPERANCE VALE,2026-09-01T21:15:00Z,0.518,0.125,-67.23961,46.04878,NORMAL,2026-09-29T052155Z
01AK007,NACKAWIC STREAM NEAR TEMPERANCE VALE,2026-09-01T21:20:00Z,0.518,0.125,-67.23961,46.04878,NORMAL,2026-09-29T052155Z
01AK007,NACKAWIC STREAM NEAR TEMPERANCE VALE,2026-09-01T21:25:00Z,0.518,0.125,-67.23961,46.04878,NORMAL,2026-09-29T052155Z
01AK007,NACKAWIC STREAM NEAR TEMPERANCE VALE,2026-09-01T21:30:00Z,0.518,0.125,-67.23961,46.04878,NORMAL,2026-09-29T052155Z
01AK007,NACKAWIC STREAM NEAR TEMPERANCE VALE,2026-09-01T21:35:00Z,0.519,0.127,-67.23961,46.04878,NORMAL,2026-09-29T052155Z
01AK007,NACKAWIC STREAM NEAR TEMPERANCE VALE,2026-09-01T21:40:00Z,0.518,0.125,-67.23961,46.04878,NORMAL,2026-09-29T052155Z
01AK007,NACKAWIC STREAM NEAR TEMPERANCE VALE,2026-09-01T21:45:00Z,0.518,0.125,-67.23961,46.04878,NORMAL,2026-09-29T052155Z
01AK007,NACKAWIC STREAM NEAR TEMPERANCE VALE,2026-09-01T21:50:00Z,0.518,0.125,-67.23961,46.04878,NORMAL,2026-09-29T052155Z
01AK007,NACKAWIC STREAM NEAR TEMPERANCE VALE,2026-09-01T21:55:00Z,0.518,0.125,-67.23961,46.04878,NORMAL,2026-09-29T052155Z
01AK007,NACKAWIC STREAM NEAR TEMPERANCE VALE,2026-09-01T22:00:00Z,0.518,0.125,-67.23961,46.04878,NORMAL,2026-09-29T052155Z
01AK007,NACKAWIC STREAM NEAR TEMPERANCE VALE,2026-09-01T22:05:00Z,0.518,0.125,-67.23961,46.04878,NORMAL,2026-09-29T052155Z
01AK007,NACKAWIC STREAM NEAR TEMPERANCE VALE,2026-09-01T22:10:00Z,0.518,0.125,-67.23961,46.04878,NORMAL,2026-09-29T052155Z
01AK007,NACKAWIC STREAM NEAR TEMPERANCE VALE,2026-09-01T22:15:00Z,0.518,0.125,-67.23961,46.04878,NORMAL,2026-09-29T052155Z
01AK007,NACKAWIC STREAM NEAR TEMPERANCE VALE,2026-09-01T22:20:00Z,0.518,0.125,-67.23961,46.04878,NORMAL,2026-09-29T052155Z
01AK007,NACKAWIC STREAM NEAR TEMPERANCE VALE,2026-09-01T22:25:00Z,0.518,0.125,-67.23961,46.04878,NORMAL,2026-09-29T052155Z
01AK007,NACKAWIC STREAM NEAR TEMPERANCE VALE,2026-09-01T22:30:00Z,0.518,0.125,-67.23961,46.04878,NORMAL,2026-09-29T052155Z
01AK007,NACKAWIC STREAM NEAR TEMPERANCE VALE,2026-09-01T22:35:00Z,0.519,0.127,-67.23961,46.04878,NORMAL,2026-09-29T052155Z
01AK007,NACKAWIC STREAM NEAR TEMPERANCE VALE,2026-09-01T22:40:00Z,0.518,0.125,-67.23961,46.04878,NORMAL,2026-09-29T052155Z
01AK007,NACKAWIC STREAM NEAR TEMPERANCE VALE,2026-09-01T22:45:00Z,0.518,0.125,-67.23961,46.04878,NORMAL,2026-09-29T052155Z
01AK007,NACKAWIC STREAM NEAR TEMPERANCE VALE,2026-09-01T22:50:00Z,0.518,0.125,-67.23961,46.04878,NORMAL,2026-09-29T052155Z
01AK007,NACKAWIC STREAM NEAR TEMPERANCE VALE,2026-09-01T22:55:00Z,0.518,0.125,-67.23961,46.04878,NORMAL,2026-09-29T052155Z
01AK007,NACKAWIC STREAM NEAR TEMPERANCE VALE,2026-09-01T23:00:00Z,0.518,0.125,-67.23961,46.04878,NORMAL,2026-09-29T052155Z
01AK007,NACKAWIC STREAM NEAR TEMPERANCE VALE,2026-09-01T23:05:00Z,0.519,0.127,-67.23961,46.04878,NORMAL,2026-09-29T052155Z
01AK007,NACKAWIC STREAM NEAR TEMPERANCE VALE,2026-09-01T23:10:00Z,0.518,0.125,-67.23961,46.04878,NORMAL,2026-09-29T052155Z
01AK007,NACKAWIC STREAM NEAR TEMPERANCE VALE,2026-09-01T23:15:00Z,0.518,0.125,-67.23961,46.04878,NORMAL,2026-09-29T052155Z
01AK007,NACKAWIC STREAM NEAR TEMPERANCE VALE,2026-09-01T23:20:00Z,0.518,0.125,-67.23961,46.04878,NORMAL,2026-09-29T052155Z
01AK007,NACKAWIC STREAM NEAR TEMPERANCE VALE,2026-09-01T23:25:00Z,0.518,0.125,-67.23961,46.04878,NORMAL,2026-09-29T052155Z
01AK007,NACKAWIC STREAM NEAR TEMPERANCE VALE,2026-09-01T23:30:00Z,0.518,0.125,-67.23961,46.04878,NORMAL,2026-09-29T052155Z
01AK007,NACKAWIC STREAM NEAR TEMPERANCE VALE,2026-09-01T23:35:00Z,0.518,0.125,-67.23961,46.04878,NORMAL,2026-09-29T052155Z
01AK007,NACKAWIC STREAM NEAR TEMPERANCE VALE,2026-09-01T23:40:00Z,0.518,0.125,-67.23961,46.04878,NORMAL,2026-09-29T052155Z
01AK007,NACKAWIC STREAM NEAR TEMPERANCE VALE,2026-09-01T23:45:00Z,0.518,0.125,-67.23961,46.04878,NORMAL,2026-09-29T052155Z
01AK007,NACKAWIC STREAM NEAR TEMPERANCE VALE,2026-09-01T23:50:00Z,0.518,0.125,-67.23961,46.04878,NORMAL,2026-09-29T052155Z
01AK007,NACKAWIC STREAM NEAR TEMPERANCE VALE,2026-09-01T23:55:00Z,0.518,0.125,-67.23961,46.04878,NORMAL,2026-09-29T052155Z
01AK007,NACKAWIC STREAM NEAR TEMPERANCE VALE,2026-09-02T11:05:00Z,0.511,0.106,-67.23961,46.04878,NORMAL,2026-09-29T052155Z
01AK007,NACKAWIC STREAM NEAR TEMPERANCE VALE,2026-09-02T11:10:00Z,0.511,0.106,-67.23961,46.04878,NORMAL,2026-09-29T052155Z
01AK007,NACKAWIC STREAM NEAR TEMPERANCE VALE,2026-09-02T11:15:00Z,0.511,0.106,-67.23961,46.04878,NORMAL,2026-09-29T052155Z
01AK007,NACKAWIC STREAM NEAR TEMPERANCE VALE,2026-09-02T11:20:00Z,0.51,0.104,-67.23961,46.04878,NORMAL,2026-09-29T052155Z
01AK007,NACKAWIC STREAM NEAR TEMPERANCE VALE,2026-09-02T11:25:00Z,0.512,0.109,-67.23961,46.04878,NORMAL,2026-09-29T052155Z
01AK007,NACKAWIC STREAM NEAR TEMPERANCE VALE,2026-09-02T11:30:00Z,0.511,0.106,-67.23961,46.04878,NORMAL,2026-09-29T052155Z
01AK007,NACKAWIC STREAM NEAR TEMPERANCE VALE,2026-09-02T11:35:00Z,0.511,0.106,-67.23961,46.04878,NORMAL,2026-09-29T052155Z
01AK007,NACKAWIC STREAM NEAR TEMPERANCE VALE,2026-09-02T11:40:00Z,0.511,0.106,-67.23961,46.04878,NORMAL,2026-09-29T052155Z
01AK007,NACKAWIC STREAM NEAR TEMPERANCE VALE,2026-09-02T11:45:00Z,0.511,0.106,-67.23961,46.04878,NORMAL,2026-09-29T052155Z
01AK007,NACKAWIC STREAM NEAR TEMPERANCE VALE,2026-09-02T11:50:00Z,0.511,0.106,-67.23961,46.04878,NORMAL,2026-09-29T052155Z
01AK007,NACKAWIC STREAM NEAR TEMPERANCE VALE,2026-09-02T11:55:00Z,0.51,0.104,-67.23961,46.04878,NORMAL,2026-09-29T052155Z
01AK007,NACKAWIC STREAM NEAR TEMPERANCE VALE,2026-09-02T12:00:00Z,0.512,0.109,-67.23961,46.04878,NORMAL,2026-09-29T052155Z
01AK007,NACKAWIC STREAM NEAR TEMPERANCE VALE,2026-09-02T12:05:00Z,0.511,0.106,-67.23961,46.04878,NORMAL,2026-09-29T052155Z
01AK007,NACKAWIC STREAM NEAR TEMPERANCE VALE,2026-09-02T12:10:00Z,0.511,0.106,-67.23961,46.04878,NORMAL,2026-09-29T052155Z
01AK007,NACKAWIC STREAM NEAR TEMPERANCE VALE,2026-09-02T12:15:00Z,0.511,0.106,-67.23961,46.04878,NORMAL,2026-09-29T052155Z
01AK007,NACKAWIC STREAM NEAR TEMPERANCE VALE,2026-09-02T12:20:00Z,0.511,0.106,-67.23961,46.04878,NORMAL,2026-09-29T052155Z
01AK007,NACKAWIC STREAM NEAR TEMPERANCE VALE,2026-09-02T12:25:00Z,0.511,0.106,-67.23961,46.04878,NORMAL,2026-09-29T052155Z
01AK007,NACKAWIC STREAM NEAR TEMPERANCE VALE,2026-09-02T12:30:00Z,0.511,0.106,-67.23961,46.04878,NORMAL,2026-09-29T052155Z
01AK007,NACKAWIC STREAM NEAR TEMPERANCE VALE,2026-09-02T12:33:03Z,0.511,0.106,-67.23961,46.04878,NORMAL,2026-09-29T052155Z
01AK007,NACKAWIC STREAM NEAR TEMPERANCE VALE,2026-09-02T12:35:00Z,0.51,0.104,-67.23961,46.04878,NORMAL,2026-09-29T052155Z
01AK007,NACKAWIC STREAM NEAR TEMPERANCE VALE,2026-09-02T12:40:00Z,0.512,0.109,-67.23961,46.04878,NORMAL,2026-09-29T052155Z
01AK007,NACKAWIC STREAM NEAR TEMPERANCE VALE,2026-09-02T12:45:00Z,0.512,0.109,-67.23961,46.04878,NORMAL,2026-09-29T052155Z
01AK007,NACKAWIC STREAM NEAR TEMPERANCE VALE,2026-09-02T10:35:00Z,0.511,0.106,-67.23961,46.04878,NORMAL,2026-09-29T052155Z
01AK007,NACKAWIC STREAM NEAR TEMPERANCE VALE,2026-09-02T10:40:00Z,0.511,0.106,-67.23961,46.04878,NORMAL,2026-09-29T052155Z
01AK007,NACKAWIC STREAM NEAR TEMPERANCE VALE,2026-09-02T10:45:00Z,0.511,0.106,-67.23961,46.04878,NORMAL,2026-09-29T052155Z
01AK007,NACKAWIC STREAM NEAR TEMPERANCE VALE,2026-09-02T10:50:00Z,0.512,0.109,-67.23961,46.04878,NORMAL,2026-09-29T052155Z
01AK007,NACKAWIC STREAM NEAR TEMPERANCE VALE,2026-09-02T10:55:00Z,0.512,0.109,-67.23961,46.04878,NORMAL,2026-09-29T052155Z
01AK007,NACKAWIC STREAM NEAR TEMPERANCE VALE,2026-09-02T11:00:00Z,0.511,0.106,-67.23961,46.04878,NORMAL,2026-09-29T052155Z
01AK007,NACKAWIC STREAM NEAR TEMPERANCE VALE,2026-09-02T12:50:00Z,0.512,0.109,-67.23961,46.04878,NORMAL,2026-09-29T052155Z
01AK007,NACKAWIC STREAM NEAR TEMPERANCE VALE,2026-09-02T12:55:00Z,0.511,0.106,-67.23961,46.04878,NORMAL,2026-09-29T052155Z
01AK007,NACKAWIC STREAM NEAR TEMPERANCE VALE,2026-09-02T13:00:00Z,0.511,0.106,-67.23961,46.04878,NORMAL,2026-09-29T052155Z
01AK007,NACKAWIC STREAM NEAR TEMPERANCE VALE,2026-09-02T13:05:00Z,0.511,0.106,-67.23961,46.04878,NORMAL,2026-09-29T052155Z
01AK007,NACKAWIC STREAM NEAR TEMPERANCE VALE,2026-09-02T13:10:00Z,0.511,0.106,-67.23961,46.04878,NORMAL,2026-09-29T052155Z
01AK007,NACKAWIC STREAM NEAR TEMPERANCE VALE,2026-09-02T13:15:00Z,0.512,0.109,-67.23961,46.04878,NORMAL,2026-09-29T052155Z
01AK007,NACKAWIC STREAM NEAR TEMPERANCE VALE,2026-09-02T13:20:00Z,0.512,0.109,-67.23961,46.04878,NORMAL,2026-09-29T052155Z
01AK007,NACKAWIC STREAM NEAR TEMPERANCE VALE,2026-09-02T13:25:00Z,0.512,0.109,-67.23961,46.04878,NORMAL,2026-09-29T052155Z
01AK007,NACKAWIC STREAM NEAR TEMPERANCE VALE,2026-09-02T13:30:00Z,0.511,0.106,-67.23961,46.04878,NORMAL,2026-09-29T052155Z
01AK007,NACKAWIC STREAM NEAR TEMPERANCE VALE,2026-09-02T13:35:00Z,0.511,0.106,-67.23961,46.04878,NORMAL,2026-09-29T052155Z
01AK007,NACKAWIC STREAM NEAR TEMPERANCE VALE,2026-09-02T13:40:00Z,0.511,0.106,-67.23961,46.04878,NORMAL,2026-09-29T052155Z
01AK007,NACKAWIC STREAM NEAR TEMPERANCE VALE,2026-09-02T13:45:00Z,0.511,0.106,-67.23961,46.04878,NORMAL,2026-09-29T052155Z
01AK007,NACKAWIC STREAM NEAR TEMPERANCE VALE,2026-09-02T13:50:00Z,0.511,0.106,-67.23961,46.04878,NORMAL,2026-09-29T052155Z
01AK007,NACKAWIC STREAM NEAR TEMPERANCE VALE,2026-09-02T13:55:00Z,0.512,0.109,-67.23961,46.04878,NORMAL,2026-09-29T052155Z
01AK007,NACKAWIC STREAM NEAR TEMPERANCE VALE,2026-09-02T14:00:00Z,0.511,0.106,-67.23961,46.04878,NORMAL,2026-09-29T052155Z
01AK007,NACKAWIC STREAM NEAR TEMPERANCE VALE,2026-09-02T14:05:00Z,0.511,0.106,-67.23961,46.04878,NORMAL,2026-09-29T052155Z
01AK007,NACKAWIC STREAM NEAR TEMPERANCE VALE,2026-09-02T14:10:00Z,0.511,0.106,-67.23961,46.04878,NORMAL,2026-09-29T052155Z
01AK007,NACKAWIC STREAM NEAR TEMPERANCE VALE,2026-09-02T14:15:00Z,0.511,0.106,-67.23961,46.04878,NORMAL,2026-09-29T052155Z
01AK007,NACKAWIC STREAM NEAR TEMPERANCE VALE,2026-09-02T14:20:00Z,0.511,0.106,-67.23961,46.04878,NORMAL,2026-09-29T052155Z
01AK007,NACKAWIC STREAM NEAR TEMPERANCE VALE,2026-09-02T14:25:00Z,0.511,0.106,-67.23961,46.04878,NORMAL,2026-09-29T052155Z
01AK007,NACKAWIC STREAM NEAR TEMPERANCE VALE,2026-09-02T14:30:00Z,0.512,0.109,-67.23961,46.04878,NORMAL,2026-09-29T052155Z
01AK007,NACKAWIC STREAM NEAR TEMPERANCE VALE,2026-09-02T14:35:00Z,0.511,0.106,-67.23961,46.04878,NORMAL,2026-09-29T052155Z
01AK007,NACKAWIC STREAM NEAR TEMPERANCE VALE,2026-09-02T14:40:00Z,0.511,0.106,-67.23961,46.04878,NORMAL,2026-09-29T052155Z
01AK007,NACKAWIC STREAM NEAR TEMPERANCE VALE,2026-09-02T14:45:00Z,0.511,0.106,-67.23961,46.04878,NORMAL,2026-09-29T052155Z
01AK007,NACKAWIC STREAM NEAR TEMPERANCE VALE,2026-09-02T14:50:00Z,0.511,0.106,-67.23961,46.04878,NORMAL,2026-09-29T052155Z
01AK007,NACKAWIC STREAM NEAR TEMPERANCE VALE,2026-09-02T14:55:00Z,0.511,0.106,-67.23961,46.04878,NORMAL,2026-09-29T052155Z
01AK007,NACKAWIC STREAM NEAR TEMPERANCE VALE,2026-09-02T15:00:00Z,0.512,0.109,-67.23961,46.04878,NORMAL,2026-09-29T052155Z
01AK007,NACKAWIC STREAM NEAR TEMPERANCE VALE,2026-09-02T15:05:00Z,0.512,0.109,-67.23961,46.04878,NORMAL,2026-09-29T052155Z
01AK007,NACKAWIC STREAM NEAR TEMPERANCE VALE,2026-09-02T15:10:00Z,0.512,0.109,-67.23961,46.04878,NORMAL,2026-09-29T052155Z
01AK007,NACKAWIC STREAM NEAR TEMPERANCE VALE,2026-09-02T15:15:00Z,0.511,0.106,-67.23961,46.04878,NORMAL,2026-09-29T052155Z
01AK007,NACKAWIC STREAM NEAR TEMPERANCE VALE,2026-09-02T15:20:00Z,0.511,0.106,-67.23961,46.04878,NORMAL,2026-09-29T052155Z
01AK007,NACKAWIC STREAM NEAR TEMPERANCE VALE,2026-09-02T15:25:00Z,0.511,0.106,-67.23961,46.04878,NORMAL,2026-09-29T052155Z
01AK007,NACKAWIC STREAM NEAR TEMPERANCE VALE,2026-09-02T15:30:00Z,0.511,0.106,-67.23961,46.04878,NORMAL,2026-09-29T052155Z
01AK007,NACKAWIC STREAM NEAR TEMPERANCE VALE,2026-09-02T15:35:00Z,0.513,0.111,-67.23961,46.04878,NORMAL,2026-09-29T052155Z
01AK007,NACKAWIC STREAM NEAR TEMPERANCE VALE,2026-09-02T15:40:00Z,0.513,0.111,-67.23961,46.04878,NORMAL,2026-09-29T052155Z
01AK007,NACKAWIC STREAM NEAR TEMPERANCE VALE,2026-09-02T15:45:00Z,0.514,0.114,-67.23961,46.04878,NORMAL,2026-09-29T052155Z
01AK007,NACKAWIC STREAM NEAR TEMPERANCE VALE,2026-09-02T15:50:00Z,0.515,0.117,-67.23961,46.04878,NORMAL,2026-09-29T052155Z
01AK007,NACKAWIC STREAM NEAR TEMPERANCE VALE,2026-09-02T15:55:00Z,0.515,0.117,-67.23961,46.04878,NORMAL,2026-09-29T052155Z
01AK007,NACKAWIC STREAM NEAR TEMPERANCE VALE,2026-09-02T16:00:00Z,0.516,0.119,-67.23961,46.04878,NORMAL,2026-09-29T052155Z
01AK007,NACKAWIC STREAM NEAR TEMPERANCE VALE,2026-09-02T16:05:00Z,0.517,0.122,-67.23961,46.04878,NORMAL,2026-09-29T052155Z
01AK007,NACKAWIC STREAM NEAR TEMPERANCE VALE,2026-09-02T16:10:00Z,0.519,0.127,-67.23961,46.04878,NORMAL,2026-09-29T052155Z
01AK007,NACKAWIC STREAM NEAR TEMPERANCE VALE,2026-09-02T16:15:00Z,0.52,0.13,-67.23961,46.04878,NORMAL,2026-09-29T052155Z
01AK007,NACKAWIC STREAM NEAR TEMPERANCE VALE,2026-09-02T16:20:00Z,0.521,0.133,-67.23961,46.04878,NORMAL,2026-09-29T052155Z
01AK007,NACKAWIC STREAM NEAR TEMPERANCE VALE,2026-09-02T16:25:00Z,0.522,0.136,-67.23961,46.04878,NORMAL,2026-09-29T052155Z
01AK007,NACKAWIC STREAM NEAR TEMPERANCE VALE,2026-09-02T16:30:00Z,0.522,0.136,-67.23961,46.04878,NORMAL,2026-09-29T052155Z
01AK007,NACKAWIC STREAM NEAR TEMPERANCE VALE,2026-09-02T16:35:00Z,0.523,0.138,-67.23961,46.04878,NORMAL,2026-09-29T052155Z
01AK007,NACKAWIC STREAM NEAR TEMPERANCE VALE,2026-09-02T16:40:00Z,0.525,0.144,-67.23961,46.04878,NORMAL,2026-09-29T052155Z
01AK007,NACKAWIC STREAM NEAR TEMPERANCE VALE,2026-09-02T16:45:00Z,0.526,0.147,-67.23961,46.04878,NORMAL,2026-09-29T052155Z
01AK007,NACKAWIC STREAM NEAR TEMPERANCE VALE,2026-09-02T16:50:00Z,0.526,0.147,-67.23961,46.04878,NORMAL,2026-09-29T052155Z
01AK007,NACKAWIC STREAM NEAR TEMPERANCE VALE,2026-09-02T16:55:00Z,0.526,0.147,-67.23961,46.04878,NORMAL,2026-09-29T052155Z
01AK007,NACKAWIC STREAM NEAR TEMPERANCE VALE,2026-09-02T17:00:00Z,0.526,0.147,-67.23961,46.04878,NORMAL,2026-09-29T052155Z
01AK007,NACKAWIC STREAM NEAR TEMPERANCE VALE,2026-09-02T17:05:00Z,0.526,0.147,-67.23961,46.04878,NORMAL,2026-09-29T052155Z
01AK007,NACKAWIC STREAM NEAR TEMPERANCE VALE,2026-09-02T17:10:00Z,0.528,0.153,-67.23961,46.04878,NORMAL,2026-09-29T052155Z
01AK007,NACKAWIC STREAM NEAR TEMPERANCE VALE,2026-09-02T17:15:00Z,0.528,0.153,-67.23961,46.04878,NORMAL,2026-09-29T052155Z
01AK007,NACKAWIC STREAM NEAR TEMPERANCE VALE,2026-09-02T17:20:00Z,0.527,0.15,-67.23961,46.04878,NORMAL,2026-09-29T052155Z
01AK007,NACKAWIC STREAM NEAR TEMPERANCE VALE,2026-09-02T17:25:00Z,0.527,0.15,-67.23961,46.04878,NORMAL,2026-09-29T052155Z
01AK007,NACKAWIC STREAM NEAR TEMPERANCE VALE,2026-09-02T17:30:00Z,0.527,0.15,-67.23961,46.04878,NORMAL,2026-09-29T052155Z
01AK007,NACKAWIC STREAM NEAR TEMPERANCE VALE,2026-09-02T17:33:02Z,0.527,0.15,-67.23961,46.04878,NORMAL,2026-09-29T052155Z
01AK007,NACKAWIC STREAM NEAR TEMPERANCE VALE,2026-09-02T17:35:00Z,0.526,0.147,-67.23961,46.04878,NORMAL,2026-09-29T052155Z
01AK007,NACKAWIC STREAM NEAR TEMPERANCE VALE,2026-09-02T17:40:00Z,0.526,0.147,-67.23961,46.04878,NORMAL,2026-09-29T052155Z
01AK007,NACKAWIC STREAM NEAR TEMPERANCE VALE,2026-09-02T17:45:00Z,0.527,0.15,-67.23961,46.04878,NORMAL,2026-09-29T052155Z
01AK007,NACKAWIC STREAM NEAR TEMPERANCE VALE,2026-09-02T17:50:00Z,0.526,0.147,-67.23961,46.04878,NORMAL,2026-09-29T052155Z
01AK007,NACKAWIC STREAM NEAR TEMPERANCE VALE,2026-09-02T17:55:00Z,0.526,0.147,-67.23961,46.04878,NORMAL,2026-09-29T052155Z
01AK007,NACKAWIC STREAM NEAR TEMPERANCE VALE,2026-09-02T18:00:00Z,0.525,0.144,-67.23961,46.04878,NORMAL,2026-09-29T052155Z
01AK007,NACKAWIC STREAM NEAR TEMPERANCE VALE,2026-09-02T18:05:00Z,0.524,0.141,-67.23961,46.04878,NORMAL,2026-09-29T052155Z
01AK007,NACKAWIC STREAM NEAR TEMPERANCE VALE,2026-09-02T18:10:00Z,0.524,0.141,-67.23961,46.04878,NORMAL,2026-09-29T052155Z
01AK007,NACKAWIC STREAM NEAR TEMPERANCE VALE,2026-09-02T18:15:00Z,0.524,0.141,-67.23961,46.04878,NORMAL,2026-09-29T052155Z
01AK007,NACKAWIC STREAM NEAR TEMPERANCE VALE,2026-09-02T18:20:00Z,0.524,0.141,-67.23961,46.04878,NORMAL,2026-09-29T052155Z
01AK007,NACKAWIC STREAM NEAR TEMPERANCE VALE,2026-09-02T18:25:00Z,0.523,0.138,-67.23961,46.04878,NORMAL,2026-09-29T052155Z
01AK007,NACKAWIC STREAM NEAR TEMPERANCE VALE,2026-09-02T18:30:00Z,0.523,0.138,-67.23961,46.04878,NORMAL,2026-09-29T052155Z
01AK007,NACKAWIC STREAM NEAR TEMPERANCE VALE,2026-09-02T18:35:00Z,0.522,0.136,-67.23961,46.04878,NORMAL,2026-09-29T052155Z
01AK007,NACKAWIC STREAM NEAR TEMPERANCE VALE,2026-09-02T18:40:00Z,0.521,0.133,-67.23961,46.04878,NORMAL,2026-09-29T052155Z
01AK007,NACKAWIC STREAM NEAR TEMPERANCE VALE,2026-09-02T18:45:00Z,0.521,0.133,-67.23961,46.04878,NORMAL,2026-09-29T052155Z
01AK007,NACKAWIC STREAM NEAR TEMPERANCE VALE,2026-09-02T18:50:00Z,0.521,0.133,-67.23961,46.04878,NORMAL,2026-09-29T052155Z
01AK007,NACKAWIC STREAM NEAR TEMPERANCE VALE,2026-09-02T18:55:00Z,0.521,0.133,-67.23961,46.04878,NORMAL,2026-09-29T052155Z
01AK007,NACKAWIC STREAM NEAR TEMPERANCE VALE,2026-09-02T19:00:00Z,0.52,0.13,-67.23961,46.04878,NORMAL,2026-09-29T052155Z
01AK007,NACKAWIC STREAM NEAR TEMPERANCE VALE,2026-09-02T19:05:00Z,0.519,0.127,-67.23961,46.04878,NORMAL,2026-09-29T052155Z
01AK007,NACKAWIC STREAM NEAR TEMPERANCE VALE,2026-09-02T19:10:00Z,0.519,0.127,-67.23961,46.04878,NORMAL,2026-09-29T052155Z
01AK007,NACKAWIC STREAM NEAR TEMPERANCE VALE,2026-09-02T19:15:00Z,0.518,0.125,-67.23961,46.04878,NORMAL,2026-09-29T052155Z
01AK007,NACKAWIC STREAM NEAR TEMPERANCE VALE,2026-09-02T19:20:00Z,0.519,0.127,-67.23961,46.04878,NORMAL,2026-09-29T052155Z
01AK007,NACKAWIC STREAM NEAR TEMPERANCE VALE,2026-09-02T19:25:00Z,0.519,0.127,-67.23961,46.04878,NORMAL,2026-09-29T052155Z
01AK007,NACKAWIC STREAM NEAR TEMPERANCE VALE,2026-09-02T19:30:00Z,0.518,0.125,-67.23961,46.04878,NORMAL,2026-09-29T052155Z
01AK007,NACKAWIC STREAM NEAR TEMPERANCE VALE,2026-09-02T19:35:00Z,0.518,0.125,-67.23961,46.04878,NORMAL,2026-09-29T052155Z
01AK007,NACKAWIC STREAM NEAR TEMPERANCE VALE,2026-09-02T19:40:00Z,0.517,0.122,-67.23961,46.04878,NORMAL,2026-09-29T052155Z
01AK007,NACKAWIC STREAM NEAR TEMPERANCE VALE,2026-09-02T19:45:00Z,0.516,0.119,-67.23961,46.04878,NORMAL,2026-09-29T052155Z
01AK007,NACKAWIC STREAM NEAR TEMPERANCE VALE,2026-09-02T19:50:00Z,0.517,0.122,-67.23961,46.04878,NORMAL,2026-09-29T052155Z
01AK007,NACKAWIC STREAM NEAR TEMPERANCE VALE,2026-09-02T19:55:00Z,0.517,0.122,-67.23961,46.04878,NORMAL,2026-09-29T052155Z
01AK007,NACKAWIC STREAM NEAR TEMPERANCE VALE,2026-09-02T20:00:00Z,0.516,0.119,-67.23961,46.04878,NORMAL,2026-09-29T052155Z
01AK007,NACKAWIC STREAM NEAR TEMPERANCE VALE,2026-09-02T20:05:00Z,0.516,0.119,-67.23961,46.04878,NORMAL,2026-09-29T052155Z
01AK007,NACKAWIC STREAM NEAR TEMPERANCE VALE,2026-09-02T20:10:00Z,0.516,0.119,-67.23961,46.04878,NORMAL,2026-09-29T052155Z
01AK007,NACKAWIC STREAM NEAR TEMPERANCE VALE,2026-09-02T20:15:00Z,0.515,0.117,-67.23961,46.04878,NORMAL,2026-09-29T052155Z
01AK007,NACKAWIC STREAM NEAR TEMPERANCE VALE,2026-09-02T20:20:00Z,0.515,0.117,-67.23961,46.04878,NORMAL,2026-09-29T052155Z
01AK007,NACKAWIC STREAM NEAR TEMPERANCE VALE,2026-09-02T20:25:00Z,0.516,0.119,-67.23961,46.04878,NORMAL,2026-09-29T052155Z
01AK007,NACKAWIC STREAM NEAR TEMPERANCE VALE,2026-09-02T20:30:00Z,0.515,0.117,-67.23961,46.04878,NORMAL,2026-09-29T052155Z
01AK007,NACKAWIC STREAM NEAR TEMPERANCE VALE,2026-09-02T20:35:00Z,0.515,0.117,-67.23961,46.04878,NORMAL,2026-09-29T052155Z
01AK007,NACKAWIC STREAM NEAR TEMPERANCE VALE,2026-09-02T20:40:00Z,0.514,0.114,-67.23961,46.04878,NORMAL,2026-09-29T052155Z
01AK007,NACKAWIC STREAM NEAR TEMPERANCE VALE,2026-09-02T20:45:00Z,0.514,0.114,-67.23961,46.04878,NORMAL,2026-09-29T052155Z
01AK007,NACKAWIC STREAM NEAR TEMPERANCE VALE,2026-09-02T20:50:00Z,0.514,0.114,-67.23961,46.04878,NORMAL,2026-09-29T052155Z
01AK007,NACKAWIC STREAM NEAR TEMPERANCE VALE,2026-09-02T20:55:00Z,0.515,0.117,-67.23961,46.04878,NORMAL,2026-09-29T052155Z
01AK007,NACKAWIC STREAM NEAR TEMPERANCE VALE,2026-09-02T21:00:00Z,0.514,0.114,-67.23961,46.04878,NORMAL,2026-09-29T052155Z
01AK007,NACKAWIC STREAM NEAR TEMPERANCE VALE,2026-09-02T21:05:00Z,0.514,0.114,-67.23961,46.04878,NORMAL,2026-09-29T052155Z
01AK007,NACKAWIC STREAM NEAR TEMPERANCE VALE,2026-09-02T21:10:00Z,0.513,0.111,-67.23961,46.04878,NORMAL,2026-09-29T052155Z
01AK007,NACKAWIC STREAM NEAR TEMPERANCE VALE,2026-09-02T21:15:00Z,0.513,0.111,-67.23961,46.04878,NORMAL,2026-09-29T052155Z
01AK007,NACKAWIC STREAM NEAR TEMPERANCE VALE,2026-09-02T21:20:00Z,0.513,0.111,-67.23961,46.04878,NORMAL,2026-09-29T052155Z
01AK007,NACKAWIC STREAM NEAR TEMPERANCE VALE,2026-09-02T21:25:00Z,0.514,0.114,-67.23961,46.04878,NORMAL,2026-09-29T052155Z
01AK007,NACKAWIC STREAM NEAR TEMPERANCE VALE,2026-09-02T21:30:00Z,0.514,0.114,-67.23961,46.04878,NORMAL,2026-09-29T052155Z
01AK007,NACKAWIC STREAM NEAR TEMPERANCE VALE,2026-09-02T21:35:00Z,0.513,0.111,-67.23961,46.04878,NORMAL,2026-09-29T052155Z
01AK007,NACKAWIC STREAM NEAR TEMPERANCE VALE,2026-09-02T21:40:00Z,0.513,0.111,-67.23961,46.04878,NORMAL,2026-09-29T052155Z
01AK007,NACKAWIC STREAM NEAR TEMPERANCE VALE,2026-09-02T21:45:00Z,0.513,0.111,-67.23961,46.04878,NORMAL,2026-09-29T052155Z
01AK007,NACKAWIC STREAM NEAR TEMPERANCE VALE,2026-09-02T21:50:00Z,0.512,0.109,-67.23961,46.04878,NORMAL,2026-09-29T052155Z
01AK007,NACKAWIC STREAM NEAR TEMPERANCE VALE,2026-09-02T21:55:00Z,0.512,0.109,-67.23961,46.04878,NORMAL,2026-09-29T052155Z
01AK007,NACKAWIC STREAM NEAR TEMPERANCE VALE,2026-09-02T22:00:00Z,0.513,0.111,-67.23961,46.04878,NORMAL,2026-09-29T052155Z
01AK007,NACKAWIC STREAM NEAR TEMPERANCE VALE,2026-09-02T22:05:00Z,0.513,0.111,-67.23961,46.04878,NORMAL,2026-09-29T052155Z
01AK007,NACKAWIC STREAM NEAR TEMPERANCE VALE,2026-09-02T22:10:00Z,0.512,0.109,-67.23961,46.04878,NORMAL,2026-09-29T052155Z
01AJ010,BECAGUIMEC STREAM AT COLDSTREAM,2026-08-31T00:00:00Z,0.293,1.66,-67.46511,46.34089,NORMAL,2026-09-29T052155Z
01AJ010,BECAGUIMEC STREAM AT COLDSTREAM,2026-08-31T00:05:00Z,0.293,1.66,-67.46511,46.34089,NORMAL,2026-09-29T052155Z
01AJ010,BECAGUIMEC STREAM AT COLDSTREAM,2026-08-31T00:10:00Z,0.293,1.66,-67.46511,46.34089,NORMAL,2026-09-29T052155Z
01AJ010,BECAGUIMEC STREAM AT COLDSTREAM,2026-08-31T00:15:00Z,0.293,1.66,-67.46511,46.34089,NORMAL,2026-09-29T052155Z
01AJ010,BECAGUIMEC STREAM AT COLDSTREAM,2026-08-31T00:20:00Z,0.292,1.64,-67.46511,46.34089,NORMAL,2026-09-29T052155Z
01AJ010,BECAGUIMEC STREAM AT COLDSTREAM,2026-08-31T00:25:00Z,0.292,1.64,-67.46511,46.34089,NORMAL,2026-09-29T052155Z
01AJ010,BECAGUIMEC STREAM AT COLDSTREAM,2026-08-31T00:30:00Z,0.292,1.64,-67.46511,46.34089,NORMAL,2026-09-29T052155Z
01AJ010,BECAGUIMEC STREAM AT COLDSTREAM,2026-08-31T00:35:00Z,0.292,1.64,-67.46511,46.34089,NORMAL,2026-09-29T052155Z
01AJ010,BECAGUIMEC STREAM AT COLDSTREAM,2026-08-31T00:40:00Z,0.291,1.62,-67.46511,46.34089,NORMAL,2026-09-29T052155Z
01AJ010,BECAGUIMEC STREAM AT COLDSTREAM,2026-08-31T00:45:00Z,0.291,1.62,-67.46511,46.34089,NORMAL,2026-09-29T052155Z
01AJ010,BECAGUIMEC STREAM AT COLDSTREAM,2026-08-31T00:50:00Z,0.291,1.62,-67.46511,46.34089,NORMAL,2026-09-29T052155Z
01AJ010,BECAGUIMEC STREAM AT COLDSTREAM,2026-08-31T00:55:00Z,0.291,1.62,-67.46511,46.34089,NORMAL,2026-09-29T052155Z
01AJ010,BECAGUIMEC STREAM AT COLDSTREAM,2026-08-31T01:00:00Z,0.291,1.62,-67.46511,46.34089,NORMAL,2026-09-29T052155Z
01AJ010,BECAGUIMEC STREAM AT COLDSTREAM,2026-08-31T01:05:00Z,0.29,1.61,-67.46511,46.34089,NORMAL,2026-09-29T052155Z
01AJ010,BECAGUIMEC STREAM AT COLDSTREAM,2026-08-31T01:10:00Z,0.29,1.61,-67.46511,46.34089,NORMAL,2026-09-29T052155Z
01AJ010,BECAGUIMEC STREAM AT COLDSTREAM,2026-08-31T01:15:00Z,0.29,1.61,-67.46511,46.34089,NORMAL,2026-09-29T052155Z
01AJ010,BECAGUIMEC STREAM AT COLDSTREAM,2026-08-31T01:20:00Z,0.29,1.61,-67.46511,46.34089,NORMAL,2026-09-29T052155Z
01AJ010,BECAGUIMEC STREAM AT COLDSTREAM,2026-08-31T01:25:00Z,0.29,1.61,-67.46511,46.34089,NORMAL,2026-09-29T052155Z
01AJ010,BECAGUIMEC STREAM AT COLDSTREAM,2026-08-31T01:30:00Z,0.29,1.61,-67.46511,46.34089,NORMAL,2026-09-29T052155Z
01AJ010,BECAGUIMEC STREAM AT COLDSTREAM,2026-08-31T01:35:00Z,0.289,1.59,-67.46511,46.34089,NORMAL,2026-09-29T052155Z
01AJ010,BECAGUIMEC STREAM AT COLDSTREAM,2026-08-31T01:40:00Z,0.289,1.59,-67.46511,46.34089,NORMAL,2026-09-29T052155Z
01AJ010,BECAGUIMEC STREAM AT COLDSTREAM,2026-08-31T01:45:00Z,0.289,1.59,-67.46511,46.34089,NORMAL,2026-09-29T052155Z
01AJ010,BECAGUIMEC STREAM AT COLDSTREAM,2026-08-31T01:50:00Z,0.289,1.59,-67.46511,46.34089,NORMAL,2026-09-29T052155Z
01AJ010,BECAGUIMEC STREAM AT COLDSTREAM,2026-08-31T01:55:00Z,0.289,1.59,-67.46511,46.34089,NORMAL,2026-09-29T052155Z
01AJ010,BECAGUIMEC STREAM AT COLDSTREAM,2026-08-31T02:00:00Z,0.289,1.59,-67.46511,46.34089,NORMAL,2026-09-29T052155Z
01AJ010,BECAGUIMEC STREAM AT COLDSTREAM,2026-08-31T02:05:00Z,0.288,1.57,-67.46511,46.34089,NORMAL,2026-09-29T052155Z
01AJ010,BECAGUIMEC STREAM AT COLDSTREAM,2026-08-31T02:10:00Z,0.288,1.57,-67.46511,46.34089,NORMAL,2026-09-29T052155Z
01AJ010,BECAGUIMEC STREAM AT COLDSTREAM,2026-08-31T02:15:00Z,0.288,1.57,-67.46511,46.34089,NORMAL,2026-09-29T052155Z
01AJ010,BECAGUIMEC STREAM AT COLDSTREAM,2026-08-31T02:20:00Z,0.288,1.57,-67.46511,46.34089,NORMAL,2026-09-29T052155Z
01AJ010,BECAGUIMEC STREAM AT COLDSTREAM,2026-08-31T02:25:00Z,0.288,1.57,-67.46511,46.34089,NORMAL,2026-09-29T052155Z
01AJ010,BECAGUIMEC STREAM AT COLDSTREAM,2026-08-31T02:30:00Z,0.288,1.57,-67.46511,46.34089,NORMAL,2026-09-29T052155Z
01AJ010,BECAGUIMEC STREAM AT COLDSTREAM,2026-08-31T02:35:00Z,0.288,1.57,-67.46511,46.34089,NORMAL,2026-09-29T052155Z
01AJ010,BECAGUIMEC STREAM AT COLDSTREAM,2026-08-31T02:40:00Z,0.287,1.55,-67.46511,46.34089,NORMAL,2026-09-29T052155Z
01AJ010,BECAGUIMEC STREAM AT COLDSTREAM,2026-08-31T02:45:00Z,0.287,1.55,-67.46511,46.34089,NORMAL,2026-09-29T052155Z
01AJ010,BECAGUIMEC STREAM AT COLDSTREAM,2026-08-31T02:50:00Z,0.287,1.55,-67.46511,46.34089,NORMAL,2026-09-29T052155Z
01AJ010,BECAGUIMEC STREAM AT COLDSTREAM,2026-08-31T02:55:00Z,0.287,1.55,-67.46511,46.34089,NORMAL,2026-09-29T052155Z
01AJ010,BECAGUIMEC STREAM AT COLDSTREAM,2026-08-31T03:00:00Z,0.287,1.55,-67.46511,46.34089,NORMAL,2026-09-29T052155Z
01AJ010,BECAGUIMEC STREAM AT COLDSTREAM,2026-08-31T03:05:00Z,0.287,1.55,-67.46511,46.34089,NORMAL,2026-09-29T052155Z
01AJ010,BECAGUIMEC STREAM AT COLDSTREAM,2026-08-31T03:10:00Z,0.287,1.55,-67.46511,46.34089,NORMAL,2026-09-29T052155Z
01AJ010,BECAGUIMEC STREAM AT COLDSTREAM,2026-08-31T03:15:00Z,0.287,1.55,-67.46511,46.34089,NORMAL,2026-09-29T052155Z
01AJ010,BECAGUIMEC STREAM AT COLDSTREAM,2026-08-31T03:20:00Z,0.286,1.54,-67.46511,46.34089,NORMAL,2026-09-29T052155Z
01AJ010,BECAGUIMEC STREAM AT COLDSTREAM,2026-08-31T03:25:00Z,0.286,1.54,-67.46511,46.34089,NORMAL,2026-09-29T052155Z
01AJ010,BECAGUIMEC STREAM AT COLDSTREAM,2026-08-31T03:30:00Z,0.286,1.54,-67.46511,46.34089,NORMAL,2026-09-29T052155Z
01AJ010,BECAGUIMEC STREAM AT COLDSTREAM,2026-08-31T03:35:00Z,0.286,1.54,-67.46511,46.34089,NORMAL,2026-09-29T052155Z
01AJ010,BECAGUIMEC STREAM AT COLDSTREAM,2026-08-31T03:40:00Z,0.286,1.54,-67.46511,46.34089,NORMAL,2026-09-29T052155Z
01AJ010,BECAGUIMEC STREAM AT COLDSTREAM,2026-08-31T03:45:00Z,0.286,1.54,-67.46511,46.34089,NORMAL,2026-09-29T052155Z
01AJ010,BECAGUIMEC STREAM AT COLDSTREAM,2026-08-31T03:50:00Z,0.286,1.54,-67.46511,46.34089,NORMAL,2026-09-29T052155Z
01AJ010,BECAGUIMEC STREAM AT COLDSTREAM,2026-08-31T03:55:00Z,0.285,1.52,-67.46511,46.34089,NORMAL,2026-09-29T052155Z
01AJ010,BECAGUIMEC STREAM AT COLDSTREAM,2026-08-31T04:00:00Z,0.285,1.52,-67.46511,46.34089,NORMAL,2026-09-29T052155Z
01AJ010,BECAGUIMEC STREAM AT COLDSTREAM,2026-08-31T04:05:00Z,0.285,1.52,-67.46511,46.34089,NORMAL,2026-09-29T052155Z
01AJ010,BECAGUIMEC STREAM AT COLDSTREAM,2026-08-31T04:10:00Z,0.285,1.52,-67.46511,46.34089,NORMAL,2026-09-29T052155Z
01AJ010,BECAGUIMEC STREAM AT COLDSTREAM,2026-08-31T04:15:00Z,0.285,1.52,-67.46511,46.34089,NORMAL,2026-09-29T052155Z
01AJ010,BECAGUIMEC STREAM AT COLDSTREAM,2026-08-31T04:20:00Z,0.285,1.52,-67.46511,46.34089,NORMAL,2026-09-29T052155Z
01AJ010,BECAGUIMEC STREAM AT COLDSTREAM,2026-08-31T04:25:00Z,0.285,1.52,-67.46511,46.34089,NORMAL,2026-09-29T052155Z
01AJ010,BECAGUIMEC STREAM AT COLDSTREAM,2026-08-31T04:30:00Z,0.284,1.5,-67.46511,46.34089,NORMAL,2026-09-29T052155Z
01AJ010,BECAGUIMEC STREAM AT COLDSTREAM,2026-08-31T04:35:00Z,0.284,1.5,-67.46511,46.34089,NORMAL,2026-09-29T052155Z
01AJ010,BECAGUIMEC STREAM AT COLDSTREAM,2026-08-31T04:40:00Z,0.284,1.5,-67.46511,46.34089,NORMAL,2026-09-29T052155Z
01AJ010,BECAGUIMEC STREAM AT COLDSTREAM,2026-08-31T04:45:00Z,0.284,1.5,-67.46511,46.34089,NORMAL,2026-09-29T052155Z
01AJ010,BECAGUIMEC STREAM AT COLDSTREAM,2026-08-31T04:50:00Z,0.284,1.5,-67.46511,46.34089,NORMAL,2026-09-29T052155Z
01AJ010,BECAGUIMEC STREAM AT COLDSTREAM,2026-08-31T04:55:00Z,0.284,1.5,-67.46511,46.34089,NORMAL,2026-09-29T052155Z
01AJ010,BECAGUIMEC STREAM AT COLDSTREAM,2026-08-31T05:00:00Z,0.284,1.5,-67.46511,46.34089,NORMAL,2026-09-29T052155Z
01AJ010,BECAGUIMEC STREAM AT COLDSTREAM,2026-08-31T05:05:00Z,0.283,1.49,-67.46511,46.34089,NORMAL,2026-09-29T052155Z
01AJ010,BECAGUIMEC STREAM AT COLDSTREAM,2026-08-31T05:10:00Z,0.283,1.49,-67.46511,46.34089,NORMAL,2026-09-29T052155Z
01AJ010,BECAGUIMEC STREAM AT COLDSTREAM,2026-08-31T05:15:00Z,0.283,1.49,-67.46511,46.34089,NORMAL,2026-09-29T052155Z
01AJ010,BECAGUIMEC STREAM AT COLDSTREAM,2026-08-31T05:20:00Z,0.283,1.49,-67.46511,46.34089,NORMAL,2026-09-29T052155Z
01AJ010,BECAGUIMEC STREAM AT COLDSTREAM,2026-08-31T05:25:00Z,0.283,1.49,-67.46511,46.34089,NORMAL,2026-09-29T052155Z
01AJ010,BECAGUIMEC STREAM AT COLDSTREAM,2026-08-31T05:30:00Z,0.283,1.49,-67.46511,46.34089,NORMAL,2026-09-29T052155Z
01AJ010,BECAGUIMEC STREAM AT COLDSTREAM,2026-08-31T05:35:00Z,0.283,1.49,-67.46511,46.34089,NORMAL,2026-09-29T052155Z
01AJ010,BECAGUIMEC STREAM AT COLDSTREAM,2026-08-31T05:40:00Z,0.283,1.49,-67.46511,46.34089,NORMAL,2026-09-29T052155Z
01AJ010,BECAGUIMEC STREAM AT COLDSTREAM,2026-08-31T05:45:00Z,0.283,1.49,-67.46511,46.34089,NORMAL,2026-09-29T052155Z
01AJ010,BECAGUIMEC STREAM AT COLDSTREAM,2026-08-31T05:50:00Z,0.282,1.47,-67.46511,46.34089,NORMAL,2026-09-29T052155Z
01AJ010,BECAGUIMEC STREAM AT COLDSTREAM,2026-08-31T05:55:00Z,0.282,1.47,-67.46511,46.34089,NORMAL,2026-09-29T052155Z
01AJ010,BECAGUIMEC STREAM AT COLDSTREAM,2026-08-31T06:00:00Z,0.282,1.47,-67.46511,46.34089,NORMAL,2026-09-29T052155Z
01AJ010,BECAGUIMEC STREAM AT COLDSTREAM,2026-08-31T06:05:00Z,0.282,1.47,-67.46511,46.34089,NORMAL,2026-09-29T052155Z
01AJ010,BECAGUIMEC STREAM AT COLDSTREAM,2026-08-31T06:10:00Z,0.282,1.47,-67.46511,46.34089,NORMAL,2026-09-29T052155Z
01AJ010,BECAGUIMEC STREAM AT COLDSTREAM,2026-08-31T06:15:00Z,0.282,1.47,-67.46511,46.34089,NORMAL,2026-09-29T052155Z
01AJ010,BECAGUIMEC STREAM AT COLDSTREAM,2026-08-31T06:20:00Z,0.282,1.47,-67.46511,46.34089,NORMAL,2026-09-29T052155Z
01AJ010,BECAGUIMEC STREAM AT COLDSTREAM,2026-08-31T06:25:00Z,0.282,1.47,-67.46511,46.34089,NORMAL,2026-09-29T052155Z
01AJ010,BECAGUIMEC STREAM AT COLDSTREAM,2026-08-31T06:30:00Z,0.282,1.47,-67.46511,46.34089,NORMAL,2026-09-29T052155Z
01AJ010,BECAGUIMEC STREAM AT COLDSTREAM,2026-08-31T06:35:00Z,0.281,1.46,-67.46511,46.34089,NORMAL,2026-09-29T052155Z
01AJ010,BECAGUIMEC STREAM AT COLDSTREAM,2026-08-31T06:40:00Z,0.281,1.46,-67.46511,46.34089,NORMAL,2026-09-29T052155Z
01AJ010,BECAGUIMEC STREAM AT COLDSTREAM,2026-08-31T06:45:00Z,0.281,1.46,-67.46511,46.34089,NORMAL,2026-09-29T052155Z
01AJ010,BECAGUIMEC STREAM AT COLDSTREAM,2026-08-31T06:50:00Z,0.281,1.46,-67.46511,46.34089,NORMAL,2026-09-29T052155Z
01AJ010,BECAGUIMEC STREAM AT COLDSTREAM,2026-08-31T06:55:00Z,0.281,1.46,-67.46511,46.34089,NORMAL,2026-09-29T052155Z
01AJ010,BECAGUIMEC STREAM AT COLDSTREAM,2026-08-31T07:00:00Z,0.281,1.46,-67.46511,46.34089,NORMAL,2026-09-29T052155Z
01AJ010,BECAGUIMEC STREAM AT COLDSTREAM,2026-08-31T07:05:00Z,0.281,1.46,-67.46511,46.34089,NORMAL,2026-09-29T052155Z
01AJ010,BECAGUIMEC STREAM AT COLDSTREAM,2026-08-31T07:10:00Z,0.281,1.46,-67.46511,46.34089,NORMAL,2026-09-29T052155Z
01AJ010,BECAGUIMEC STREAM AT COLDSTREAM,2026-08-31T07:15:00Z,0.281,1.46,-67.46511,46.34089,NORMAL,2026-09-29T052155Z
01AJ010,BECAGUIMEC STREAM AT COLDSTREAM,2026-08-31T07:20:00Z,0.28,1.44,-67.46511,46.34089,NORMAL,2026-09-29T052155Z
01AJ010,BECAGUIMEC STREAM AT COLDSTREAM,2026-08-31T07:25:00Z,0.28,1.44,-67.46511,46.34089,NORMAL,2026-09-29T052155Z
01AJ010,BECAGUIMEC STREAM AT COLDSTREAM,2026-08-31T07:30:00Z,0.28,1.44,-67.46511,46.34089,NORMAL,2026-09-29T052155Z
01AJ010,BECAGUIMEC STREAM AT COLDSTREAM,2026-08-31T07:35:00Z,0.28,1.44,-67.46511,46.34089,NORMAL,2026-09-29T052155Z
01AJ010,BECAGUIMEC STREAM AT COLDSTREAM,2026-08-31T07:40:00Z,0.28,1.44,-67.46511,46.34089,NORMAL,2026-09-29T052155Z
01AJ010,BECAGUIMEC STREAM AT COLDSTREAM,2026-08-31T07:45:00Z,0.28,1.44,-67.46511,46.34089,NORMAL,2026-09-29T052155Z
01AJ010,BECAGUIMEC STREAM AT COLDSTREAM,2026-08-31T07:50:00Z,0.28,1.44,-67.46511,46.34089,NORMAL,2026-09-29T052155Z
01AJ010,BECAGUIMEC STREAM AT COLDSTREAM,2026-08-31T07:55:00Z,0.28,1.44,-67.46511,46.34089,NORMAL,2026-09-29T052155Z
01AJ010,BECAGUIMEC STREAM AT COLDSTREAM,2026-08-31T08:00:00Z,0.28,1.44,-67.46511,46.34089,NORMAL,2026-09-29T052155Z
01AJ010,BECAGUIMEC STREAM AT COLDSTREAM,2026-08-31T08:05:00Z,0.279,1.42,-67.46511,46.34089,NORMAL,2026-09-29T052155Z
01AJ010,BECAGUIMEC STREAM AT COLDSTREAM,2026-08-31T08:10:00Z,0.279,1.42,-67.46511,46.34089,NORMAL,2026-09-29T052155Z
01AJ010,BECAGUIMEC STREAM AT COLDSTREAM,2026-08-31T08:15:00Z,0.279,1.42,-67.46511,46.34089,NORMAL,2026-09-29T052155Z
01AJ010,BECAGUIMEC STREAM AT COLDSTREAM,2026-08-31T08:20:00Z,0.279,1.42,-67.46511,46.34089,NORMAL,2026-09-29T052155Z
01AJ010,BECAGUIMEC STREAM AT COLDSTREAM,2026-08-31T08:25:00Z,0.279,1.42,-67.46511,46.34089,NORMAL,2026-09-29T052155Z
01AJ010,BECAGUIMEC STREAM AT COLDSTREAM,2026-08-31T08:30:00Z,0.279,1.42,-67.46511,46.34089,NORMAL,2026-09-29T052155Z
01AJ010,BECAGUIMEC STREAM AT COLDSTREAM,2026-08-31T08:35:00Z,0.279,1.42,-67.46511,46.34089,NORMAL,2026-09-29T052155Z
01AJ010,BECAGUIMEC STREAM AT COLDSTREAM,2026-08-31T08:40:00Z,0.279,1.42,-67.46511,46.34089,NORMAL,2026-09-29T052155Z
01AJ010,BECAGUIMEC STREAM AT COLDSTREAM,2026-08-31T08:45:00Z,0.279,1.42,-67.46511,46.34089,NORMAL,2026-09-29T052155Z
01AJ010,BECAGUIMEC STREAM AT COLDSTREAM,2026-08-31T08:50:00Z,0.278,1.41,-67.46511,46.34089,NORMAL,2026-09-29T052155Z
01AJ010,BECAGUIMEC STREAM AT COLDSTREAM,2026-08-31T08:55:00Z,0.278,1.41,-67.46511,46.34089,NORMAL,2026-09-29T052155Z
01AJ010,BECAGUIMEC STREAM AT COLDSTREAM,2026-08-31T09:00:00Z,0.278,1.41,-67.46511,46.34089,NORMAL,2026-09-29T052155Z
01AJ010,BECAGUIMEC STREAM AT COLDSTREAM,2026-08-31T09:05:00Z,0.278,1.41,-67.46511,46.34089,NORMAL,2026-09-29T052155Z
01AJ010,BECAGUIMEC STREAM AT COLDSTREAM,2026-08-31T09:10:00Z,0.278,1.41,-67.46511,46.34089,NORMAL,2026-09-29T052155Z
01AJ010,BECAGUIMEC STREAM AT COLDSTREAM,2026-08-31T09:15:00Z,0.278,1.41,-67.46511,46.34089,NORMAL,2026-09-29T052155Z
01AJ010,BECAGUIMEC STREAM AT COLDSTREAM,2026-08-31T09:20:00Z,0.278,1.41,-67.46511,46.34089,NORMAL,2026-09-29T052155Z
01AJ010,BECAGUIMEC STREAM AT COLDSTREAM,2026-08-31T09:25:00Z,0.278,1.41,-67.46511,46.34089,NORMAL,2026-09-29T052155Z
01AJ010,BECAGUIMEC STREAM AT COLDSTREAM,2026-08-31T09:30:00Z,0.278,1.41,-67.46511,46.34089,NORMAL,2026-09-29T052155Z
01AJ010,BECAGUIMEC STREAM AT COLDSTREAM,2026-08-31T09:35:00Z,0.278,1.41,-67.46511,46.34089,NORMAL,2026-09-29T052155Z
01AJ010,BECAGUIMEC STREAM AT COLDSTREAM,2026-08-31T09:40:00Z,0.277,1.39,-67.46511,46.34089,NORMAL,2026-09-29T052155Z
01AJ010,BECAGUIMEC STREAM AT COLDSTREAM,2026-08-31T09:45:00Z,0.277,1.39,-67.46511,46.34089,NORMAL,2026-09-29T052155Z
01AJ010,BECAGUIMEC STREAM AT COLDSTREAM,2026-08-31T09:50:00Z,0.277,1.39,-67.46511,46.34089,NORMAL,2026-09-29T052155Z
01AJ010,BECAGUIMEC STREAM AT COLDSTREAM,2026-08-31T09:55:00Z,0.277,1.39,-67.46511,46.34089,NORMAL,2026-09-29T052155Z
01AJ010,BECAGUIMEC STREAM AT COLDSTREAM,2026-08-31T10:00:00Z,0.277,1.39,-67.46511,46.34089,NORMAL,2026-09-29T052155Z
01AJ010,BECAGUIMEC STREAM AT COLDSTREAM,2026-08-31T10:05:00Z,0.277,1.39,-67.46511,46.34089,NORMAL,2026-09-29T052155Z
01AJ010,BECAGUIMEC STREAM AT COLDSTREAM,2026-08-31T10:10:00Z,0.276,1.38,-67.46511,46.34089,NORMAL,2026-09-29T052155Z
01AJ010,BECAGUIMEC STREAM AT COLDSTREAM,2026-08-31T10:15:00Z,0.276,1.38,-67.46511,46.34089,NORMAL,2026-09-29T052155Z
01AJ010,BECAGUIMEC STREAM AT COLDSTREAM,2026-08-31T10:20:00Z,0.276,1.38,-67.46511,46.34089,NORMAL,2026-09-29T052155Z
01AJ010,BECAGUIMEC STREAM AT COLDSTREAM,2026-08-31T10:25:00Z,0.276,1.38,-67.46511,46.34089,NORMAL,2026-09-29T052155Z
01AJ010,BECAGUIMEC STREAM AT COLDSTREAM,2026-08-31T10:30:00Z,0.276,1.38,-67.46511,46.34089,NORMAL,2026-09-29T052155Z
01AJ010,BECAGUIMEC STREAM AT COLDSTREAM,2026-08-31T10:35:00Z,0.276,1.38,-67.46511,46.34089,NORMAL,2026-09-29T052155Z
01AJ010,BECAGUIMEC STREAM AT COLDSTREAM,2026-08-31T10:40:00Z,0.276,1.38,-67.46511,46.34089,NORMAL,2026-09-29T052155Z
01AJ010,BECAGUIMEC STREAM AT COLDSTREAM,2026-08-31T10:45:00Z,0.276,1.38,-67.46511,46.34089,NORMAL,2026-09-29T052155Z
01AJ010,BECAGUIMEC STREAM AT COLDSTREAM,2026-08-31T10:50:00Z,0.276,1.38,-67.46511,46.34089,NORMAL,2026-09-29T052155Z
01AJ010,BECAGUIMEC STREAM AT COLDSTREAM,2026-08-31T10:55:00Z,0.275,1.36,-67.46511,46.34089,NORMAL,2026-09-29T052155Z
01AJ010,BECAGUIMEC STREAM AT COLDSTREAM,2026-08-31T11:00:00Z,0.275,1.36,-67.46511,46.34089,NORMAL,2026-09-29T052155Z
01AJ010,BECAGUIMEC STREAM AT COLDSTREAM,2026-08-31T11:05:00Z,0.275,1.36,-67.46511,46.34089,NORMAL,2026-09-29T052155Z
01AJ010,BECAGUIMEC STREAM AT COLDSTREAM,2026-08-31T11:10:00Z,0.275,1.36,-67.46511,46.34089,NORMAL,2026-09-29T052155Z
01AJ010,BECAGUIMEC STREAM AT COLDSTREAM,2026-08-31T11:15:00Z,0.275,1.36,-67.46511,46.34089,NORMAL,2026-09-29T052155Z
01AJ010,BECAGUIMEC STREAM AT COLDSTREAM,2026-08-31T11:20:00Z,0.275,1.36,-67.46511,46.34089,NORMAL,2026-09-29T052155Z
01AJ010,BECAGUIMEC STREAM AT COLDSTREAM,2026-08-31T11:25:00Z,0.274,1.34,-67.46511,46.34089,NORMAL,2026-09-29T052155Z
01AJ010,BECAGUIMEC STREAM AT COLDSTREAM,2026-08-31T11:30:00Z,0.274,1.34,-67.46511,46.34089,NORMAL,2026-09-29T052155Z
01AJ010,BECAGUIMEC STREAM AT COLDSTREAM,2026-08-31T11:35:00Z,0.274,1.34,-67.46511,46.34089,NORMAL,2026-09-29T052155Z
01AJ010,BECAGUIMEC STREAM AT COLDSTREAM,2026-08-31T11:40:00Z,0.274,1.34,-67.46511,46.34089,NORMAL,2026-09-29T052155Z
01AJ010,BECAGUIMEC STREAM AT COLDSTREAM,2026-08-31T11:45:00Z,0.274,1.34,-67.46511,46.34089,NORMAL,2026-09-29T052155Z
01AJ010,BECAGUIMEC STREAM AT COLDSTREAM,2026-08-31T11:50:00Z,0.274,1.34,-67.46511,46.34089,NORMAL,2026-09-29T052155Z
01AJ010,BECAGUIMEC STREAM AT COLDSTREAM,2026-08-31T11:55:00Z,0.274,1.34,-67.46511,46.34089,NORMAL,2026-09-29T052155Z
01AJ010,BECAGUIMEC STREAM AT COLDSTREAM,2026-08-31T12:00:00Z,0.274,1.34,-67.46511,46.34089,NORMAL,2026-09-29T052155Z
01AJ010,BECAGUIMEC STREAM AT COLDSTREAM,2026-08-31T12:05:00Z,0.274,1.34,-67.46511,46.34089,NORMAL,2026-09-29T052155Z
01AJ010,BECAGUIMEC STREAM AT COLDSTREAM,2026-08-31T12:10:00Z,0.274,1.34,-67.46511,46.34089,NORMAL,2026-09-29T052155Z
01AJ010,BECAGUIMEC STREAM AT COLDSTREAM,2026-08-31T12:15:00Z,0.274,1.34,-67.46511,46.34089,NORMAL,2026-09-29T052155Z
01AJ010,BECAGUIMEC STREAM AT COLDSTREAM,2026-08-31T12:20:00Z,0.274,1.34,-67.46511,46.34089,NORMAL,2026-09-29T052155Z
01AJ010,BECAGUIMEC STREAM AT COLDSTREAM,2026-08-31T12:25:00Z,0.274,1.34,-67.46511,46.34089,NORMAL,2026-09-29T052155Z
01AJ010,BECAGUIMEC STREAM AT COLDSTREAM,2026-08-31T12:30:00Z,0.273,1.33,-67.46511,46.34089,NORMAL,2026-09-29T052155Z
01AJ010,BECAGUIMEC STREAM AT COLDSTREAM,2026-08-31T12:35:00Z,0.273,1.33,-67.46511,46.34089,NORMAL,2026-09-29T052155Z
01AJ010,BECAGUIMEC STREAM AT COLDSTREAM,2026-08-31T12:40:00Z,0.273,1.33,-67.46511,46.34089,NORMAL,2026-09-29T052155Z
01AJ010,BECAGUIMEC STREAM AT COLDSTREAM,2026-08-31T12:45:00Z,0.273,1.33,-67.46511,46.34089,NORMAL,2026-09-29T052155Z
01AJ010,BECAGUIMEC STREAM AT COLDSTREAM,2026-08-31T12:50:00Z,0.273,1.33,-67.46511,46.34089,NORMAL,2026-09-29T052155Z
01AJ010,BECAGUIMEC STREAM AT COLDSTREAM,2026-08-31T12:55:00Z,0.273,1.33,-67.46511,46.34089,NORMAL,2026-09-29T052155Z
01AJ010,BECAGUIMEC STREAM AT COLDSTREAM,2026-08-31T13:00:00Z,0.272,1.31,-67.46511,46.34089,NORMAL,2026-09-29T052155Z
01AJ010,BECAGUIMEC STREAM AT COLDSTREAM,2026-08-31T13:05:00Z,0.272,1.31,-67.46511,46.34089,NORMAL,2026-09-29T052155Z
01AJ010,BECAGUIMEC STREAM AT COLDSTREAM,2026-08-31T13:10:00Z,0.272,1.31,-67.46511,46.34089,NORMAL,2026-09-29T052155Z
01AJ010,BECAGUIMEC STREAM AT COLDSTREAM,2026-08-31T13:15:00Z,0.272,1.31,-67.46511,46.34089,NORMAL,2026-09-29T052155Z
01AJ010,BECAGUIMEC STREAM AT COLDSTREAM,2026-08-31T13:20:00Z,0.272,1.31,-67.46511,46.34089,NORMAL,2026-09-29T052155Z
01AJ010,BECAGUIMEC STREAM AT COLDSTREAM,2026-08-31T13:25:00Z,0.272,1.31,-67.46511,46.34089,NORMAL,2026-09-29T052155Z
01AJ010,BECAGUIMEC STREAM AT COLDSTREAM,2026-08-31T13:30:00Z,0.271,1.3,-67.46511,46.34089,NORMAL,2026-09-29T052155Z
01AJ010,BECAGUIMEC STREAM AT COLDSTREAM,2026-08-31T13:35:00Z,0.271,1.3,-67.46511,46.34089,NORMAL,2026-09-29T052155Z
01AJ010,BECAGUIMEC STREAM AT COLDSTREAM,2026-08-31T13:40:00Z,0.271,1.3,-67.46511,46.34089,NORMAL,2026-09-29T052155Z
01AJ010,BECAGUIMEC STREAM AT COLDSTREAM,2026-08-31T13:45:00Z,0.271,1.3,-67.46511,46.34089,NORMAL,2026-09-29T052155Z
01AJ010,BECAGUIMEC STREAM AT COLDSTREAM,2026-08-31T13:50:00Z,0.271,1.3,-67.46511,46.34089,NORMAL,2026-09-29T052155Z
01AJ010,BECAGUIMEC STREAM AT COLDSTREAM,2026-08-31T13:55:00Z,0.27,1.28,-67.46511,46.34089,NORMAL,2026-09-29T052155Z
01AJ010,BECAGUIMEC STREAM AT COLDSTREAM,2026-08-31T14:00:00Z,0.271,1.3,-67.46511,46.34089,NORMAL,2026-09-29T052155Z
01AJ010,BECAGUIMEC STREAM AT COLDSTREAM,2026-08-31T14:05:00Z,0.27,1.28,-67.46511,46.34089,NORMAL,2026-09-29T052155Z
01AJ010,BECAGUIMEC STREAM AT COLDSTREAM,2026-08-31T14:10:00Z,0.271,1.3,-67.46511,46.34089,NORMAL,2026-09-29T052155Z
01AJ010,BECAGUIMEC STREAM AT COLDSTREAM,2026-08-31T14:15:00Z,0.27,1.28,-67.46511,46.34089,NORMAL,2026-09-29T052155Z
01AJ010,BECAGUIMEC STREAM AT COLDSTREAM,2026-08-31T14:20:00Z,0.27,1.28,-67.46511,46.34089,NORMAL,2026-09-29T052155Z
01AJ010,BECAGUIMEC STREAM AT COLDSTREAM,2026-08-31T14:25:00Z,0.27,1.28,-67.46511,46.34089,NORMAL,2026-09-29T052155Z
01AJ010,BECAGUIMEC STREAM AT COLDSTREAM,2026-08-31T14:30:00Z,0.27,1.28,-67.46511,46.34089,NORMAL,2026-09-29T052155Z
01AJ010,BECAGUIMEC STREAM AT COLDSTREAM,2026-08-31T14:35:00Z,0.27,1.28,-67.46511,46.34089,NORMAL,2026-09-29T052155Z
01AJ010,BECAGUIMEC STREAM AT COLDSTREAM,2026-08-31T14:40:00Z,0.269,1.27,-67.46511,46.34089,NORMAL,2026-09-29T052155Z
01AJ010,BECAGUIMEC STREAM AT COLDSTREAM,2026-08-31T14:45:00Z,0.27,1.28,-67.46511,46.34089,NORMAL,2026-09-29T052155Z
01AJ010,BECAGUIMEC STREAM AT COLDSTREAM,2026-08-31T14:50:00Z,0.27,1.28,-67.46511,46.34089,NORMAL,2026-09-29T052155Z
01AJ010,BECAGUIMEC STREAM AT COLDSTREAM,2026-08-31T14:55:00Z,0.269,1.27,-67.46511,46.34089,NORMAL,2026-09-29T052155Z
01AJ010,BECAGUIMEC STREAM AT COLDSTREAM,2026-08-31T15:00:00Z,0.269,1.27,-67.46511,46.34089,NORMAL,2026-09-29T052155Z
01AJ010,BECAGUIMEC STREAM AT COLDSTREAM,2026-08-31T15:05:00Z,0.269,1.27,-67.46511,46.34089,NORMAL,2026-09-29T052155Z
01AJ010,BECAGUIMEC STREAM AT COLDSTREAM,2026-08-31T15:10:00Z,0.269,1.27,-67.46511,46.34089,NORMAL,2026-09-29T052155Z
01AJ010,BECAGUIMEC STREAM AT COLDSTREAM,2026-08-31T15:15:00Z,0.269,1.27,-67.46511,46.34089,NORMAL,2026-09-29T052155Z
01AJ010,BECAGUIMEC STREAM AT COLDSTREAM,2026-08-31T15:20:00Z,0.269,1.27,-67.46511,46.34089,NORMAL,2026-09-29T052155Z
01AJ010,BECAGUIMEC STREAM AT COLDSTREAM,2026-08-31T15:25:00Z,0.269,1.27,-67.46511,46.34089,NORMAL,2026-09-29T052155Z
01AJ010,BECAGUIMEC STREAM AT COLDSTREAM,2026-08-31T15:30:00Z,0.269,1.27,-67.46511,46.34089,NORMAL,2026-09-29T052155Z
01AJ010,BECAGUIMEC STREAM AT COLDSTREAM,2026-08-31T15:35:00Z,0.268,1.25,-67.46511,46.34089,NORMAL,2026-09-29T052155Z
01AJ010,BECAGUIMEC STREAM AT COLDSTREAM,2026-08-31T15:40:00Z,0.268,1.25,-67.46511,46.34089,NORMAL,2026-09-29T052155Z
01AJ010,BECAGUIMEC STREAM AT COLDSTREAM,2026-08-31T15:45:00Z,0.268,1.25,-67.46511,46.34089,NORMAL,2026-09-29T052155Z
01AJ010,BECAGUIMEC STREAM AT COLDSTREAM,2026-08-31T15:50:00Z,0.268,1.25,-67.46511,46.34089,NORMAL,2026-09-29T052155Z
01AJ010,BECAGUIMEC STREAM AT COLDSTREAM,2026-08-31T15:55:00Z,0.268,1.25,-67.46511,46.34089,NORMAL,2026-09-29T052155Z
01AJ010,BECAGUIMEC STREAM AT COLDSTREAM,2026-08-31T16:00:00Z,0.268,1.25,-67.46511,46.34089,NORMAL,2026-09-29T052155Z
01AJ010,BECAGUIMEC STREAM AT COLDSTREAM,2026-08-31T16:05:00Z,0.267,1.24,-67.46511,46.34089,NORMAL,2026-09-29T052155Z
01AJ010,BECAGUIMEC STREAM AT COLDSTREAM,2026-08-31T16:10:00Z,0.267,1.24,-67.46511,46.34089,NORMAL,2026-09-29T052155Z
01AJ010,BECAGUIMEC STREAM AT COLDSTREAM,2026-08-31T16:15:00Z,0.267,1.24,-67.46511,46.34089,NORMAL,2026-09-29T052155Z
01AJ010,BECAGUIMEC STREAM AT COLDSTREAM,2026-08-31T16:20:00Z,0.267,1.24,-67.46511,46.34089,NORMAL,2026-09-29T052155Z
01AJ010,BECAGUIMEC STREAM AT COLDSTREAM,2026-08-31T16:25:00Z,0.267,1.24,-67.46511,46.34089,NORMAL,2026-09-29T052155Z
01AJ010,BECAGUIMEC STREAM AT COLDSTREAM,2026-08-31T16:30:00Z,0.267,1.24,-67.46511,46.34089,NORMAL,2026-09-29T052155Z
01AJ010,BECAGUIMEC STREAM AT COLDSTREAM,2026-08-31T16:35:00Z,0.267,1.24,-67.46511,46.34089,NORMAL,2026-09-29T052155Z
01AJ010,BECAGUIMEC STREAM AT COLDSTREAM,2026-08-31T16:40:00Z,0.267,1.24,-67.46511,46.34089,NORMAL,2026-09-29T052155Z
01AJ010,BECAGUIMEC STREAM AT COLDSTREAM,2026-08-31T16:45:00Z,0.266,1.22,-67.46511,46.34089,NORMAL,2026-09-29T052155Z
01AJ010,BECAGUIMEC STREAM AT COLDSTREAM,2026-08-31T16:50:00Z,0.267,1.24,-67.46511,46.34089,NORMAL,2026-09-29T052155Z
01AJ010,BECAGUIMEC STREAM AT COLDSTREAM,2026-08-31T16:55:00Z,0.266,1.22,-67.46511,46.34089,NORMAL,2026-09-29T052155Z
01AJ010,BECAGUIMEC STREAM AT COLDSTREAM,2026-08-31T17:00:00Z,0.266,1.22,-67.46511,46.34089,NORMAL,2026-09-29T052155Z
01AJ010,BECAGUIMEC STREAM AT COLDSTREAM,2026-08-31T17:05:00Z,0.266,1.22,-67.46511,46.34089,NORMAL,2026-09-29T052155Z
01AJ010,BECAGUIMEC STREAM AT COLDSTREAM,2026-08-31T17:10:00Z,0.266,1.22,-67.46511,46.34089,NORMAL,2026-09-29T052155Z
01AJ010,BECAGUIMEC STREAM AT COLDSTREAM,2026-08-31T17:15:00Z,0.266,1.22,-67.46511,46.34089,NORMAL,2026-09-29T052155Z
01AJ010,BECAGUIMEC STREAM AT COLDSTREAM,2026-08-31T17:20:00Z,0.266,1.22,-67.46511,46.34089,NORMAL,2026-09-29T052155Z
01AJ010,BECAGUIMEC STREAM AT COLDSTREAM,2026-08-31T17:25:00Z,0.267,1.24,-67.46511,46.34089,NORMAL,2026-09-29T052155Z
01AJ010,BECAGUIMEC STREAM AT COLDSTREAM,2026-08-31T17:30:00Z,0.266,1.22,-67.46511,46.34089,NORMAL,2026-09-29T052155Z
01AJ010,BECAGUIMEC STREAM AT COLDSTREAM,2026-08-31T17:35:00Z,0.266,1.22,-67.46511,46.34089,NORMAL,2026-09-29T052155Z
01AJ010,BECAGUIMEC STREAM AT COLDSTREAM,2026-08-31T17:40:00Z,0.266,1.22,-67.46511,46.34089,NORMAL,2026-09-29T052155Z
01AJ010,BECAGUIMEC STREAM AT COLDSTREAM,2026-08-31T17:45:00Z,0.265,1.21,-67.46511,46.34089,NORMAL,2026-09-29T052155Z
01AJ010,BECAGUIMEC STREAM AT COLDSTREAM,2026-08-31T17:50:00Z,0.265,1.21,-67.46511,46.34089,NORMAL,2026-09-29T052155Z
01AJ010,BECAGUIMEC STREAM AT COLDSTREAM,2026-08-31T17:55:00Z,0.266,1.22,-67.46511,46.34089,NORMAL,2026-09-29T052155Z
01AJ010,BECAGUIMEC STREAM AT COLDSTREAM,2026-08-31T18:00:00Z,0.265,1.21,-67.46511,46.34089,NORMAL,2026-09-29T052155Z
01AJ010,BECAGUIMEC STREAM AT COLDSTREAM,2026-08-31T18:05:00Z,0.265,1.21,-67.46511,46.34089,NORMAL,2026-09-29T052155Z
01AJ010,BECAGUIMEC STREAM AT COLDSTREAM,2026-08-31T18:10:00Z,0.266,1.22,-67.46511,46.34089,NORMAL,2026-09-29T052155Z
01AJ010,BECAGUIMEC STREAM AT COLDSTREAM,2026-08-31T18:15:00Z,0.265,1.21,-67.46511,46.34089,NORMAL,2026-09-29T052155Z
01AJ010,BECAGUIMEC STREAM AT COLDSTREAM,2026-08-31T18:20:00Z,0.265,1.21,-67.46511,46.34089,NORMAL,2026-09-29T052155Z
01AJ010,BECAGUIMEC STREAM AT COLDSTREAM,2026-08-31T18:25:00Z,0.265,1.21,-67.46511,46.34089,NORMAL,2026-09-29T052155Z
01AJ010,BECAGUIMEC STREAM AT COLDSTREAM,2026-08-31T18:30:00Z,0.265,1.21,-67.46511,46.34089,NORMAL,2026-09-29T052155Z
01AJ010,BECAGUIMEC STREAM AT COLDSTREAM,2026-08-31T18:35:00Z,0.265,1.21,-67.46511,46.34089,NORMAL,2026-09-29T052155Z
01AJ010,BECAGUIMEC STREAM AT COLDSTREAM,2026-08-31T18:40:00Z,0.265,1.21,-67.46511,46.34089,NORMAL,2026-09-29T052155Z
01AJ010,BECAGUIMEC STREAM AT COLDSTREAM,2026-08-31T18:45:00Z,0.265,1.21,-67.46511,46.34089,NORMAL,2026-09-29T052155Z
01AJ010,BECAGUIMEC STREAM AT COLDSTREAM,2026-08-31T18:50:00Z,0.265,1.21,-67.46511,46.34089,NORMAL,2026-09-29T052155Z
01AJ010,BECAGUIMEC STREAM AT COLDSTREAM,2026-08-31T18:55:00Z,0.265,1.21,-67.46511,46.34089,NORMAL,2026-09-29T052155Z
01AJ010,BECAGUIMEC STREAM AT COLDSTREAM,2026-08-31T19:00:00Z,0.264,1.19,-67.46511,46.34089,NORMAL,2026-09-29T052155Z
01AJ010,BECAGUIMEC STREAM AT COLDSTREAM,2026-08-31T19:05:00Z,0.265,1.21,-67.46511,46.34089,NORMAL,2026-09-29T052155Z
01AJ010,BECAGUIMEC STREAM AT COLDSTREAM,2026-08-31T19:10:00Z,0.264,1.19,-67.46511,46.34089,NORMAL,2026-09-29T052155Z
01AJ010,BECAGUIMEC STREAM AT COLDSTREAM,2026-08-31T19:15:00Z,0.264,1.19,-67.46511,46.34089,NORMAL,2026-09-29T052155Z
01AJ010,BECAGUIMEC STREAM AT COLDSTREAM,2026-08-31T19:20:00Z,0.264,1.19,-67.46511,46.34089,NORMAL,2026-09-29T052155Z
01AJ010,BECAGUIMEC STREAM AT COLDSTREAM,2026-08-31T19:25:00Z,0.264,1.19,-67.46511,46.34089,NORMAL,2026-09-29T052155Z
01AJ010,BECAGUIMEC STREAM AT COLDSTREAM,2026-08-31T19:30:00Z,0.264,1.19,-67.46511,46.34089,NORMAL,2026-09-29T052155Z
01AJ010,BECAGUIMEC STREAM AT COLDSTREAM,2026-08-31T19:35:00Z,0.264,1.19,-67.46511,46.34089,NORMAL,2026-09-29T052155Z
01AJ010,BECAGUIMEC STREAM AT COLDSTREAM,2026-08-31T19:40:00Z,0.264,1.19,-67.46511,46.34089,NORMAL,2026-09-29T052155Z
01AJ010,BECAGUIMEC STREAM AT COLDSTREAM,2026-08-31T19:45:00Z,0.264,1.19,-67.46511,46.34089,NORMAL,2026-09-29T052155Z
01AJ010,BECAGUIMEC STREAM AT COLDSTREAM,2026-08-31T19:50:00Z,0.263,1.18,-67.46511,46.34089,NORMAL,2026-09-29T052155Z
01AJ010,BECAGUIMEC STREAM AT COLDSTREAM,2026-08-31T19:55:00Z,0.264,1.19,-67.46511,46.34089,NORMAL,2026-09-29T052155Z
01AJ010,BECAGUIMEC STREAM AT COLDSTREAM,2026-08-31T20:00:00Z,0.264,1.19,-67.46511,46.34089,NORMAL,2026-09-29T052155Z
01AJ010,BECAGUIMEC STREAM AT COLDSTREAM,2026-08-31T20:05:00Z,0.264,1.19,-67.46511,46.34089,NORMAL,2026-09-29T052155Z
01AJ010,BECAGUIMEC STREAM AT COLDSTREAM,2026-08-31T20:10:00Z,0.264,1.19,-67.46511,46.34089,NORMAL,2026-09-29T052155Z
01AJ010,BECAGUIMEC STREAM AT COLDSTREAM,2026-08-31T20:15:00Z,0.263,1.18,-67.46511,46.34089,NORMAL,2026-09-29T052155Z
01AJ010,BECAGUIMEC STREAM AT COLDSTREAM,2026-08-31T20:20:00Z,0.263,1.18,-67.46511,46.34089,NORMAL,2026-09-29T052155Z
01AJ010,BECAGUIMEC STREAM AT COLDSTREAM,2026-08-31T20:25:00Z,0.263,1.18,-67.46511,46.34089,NORMAL,2026-09-29T052155Z
01AJ010,BECAGUIMEC STREAM AT COLDSTREAM,2026-08-31T20:30:00Z,0.263,1.18,-67.46511,46.34089,NORMAL,2026-09-29T052155Z
01AJ010,BECAGUIMEC STREAM AT COLDSTREAM,2026-08-31T20:35:00Z,0.263,1.18,-67.46511,46.34089,NORMAL,2026-09-29T052155Z
01AJ010,BECAGUIMEC STREAM AT COLDSTREAM,2026-08-31T20:40:00Z,0.263,1.18,-67.46511,46.34089,NORMAL,2026-09-29T052155Z
01AJ010,BECAGUIMEC STREAM AT COLDSTREAM,2026-08-31T20:45:00Z,0.263,1.18,-67.46511,46.34089,NORMAL,2026-09-29T052155Z
01AJ010,BECAGUIMEC STREAM AT COLDSTREAM,2026-08-31T20:50:00Z,0.263,1.18,-67.46511,46.34089,NORMAL,2026-09-29T052155Z
01AJ010,BECAGUIMEC STREAM AT COLDSTREAM,2026-08-31T20:55:00Z,0.263,1.18,-67.46511,46.34089,NORMAL,2026-09-29T052155Z
01AJ010,BECAGUIMEC STREAM AT COLDSTREAM,2026-08-31T21:00:00Z,0.263,1.18,-67.46511,46.34089,NORMAL,2026-09-29T052155Z
01AJ010,BECAGUIMEC STREAM AT COLDSTREAM,2026-08-31T21:05:00Z,0.262,1.17,-67.46511,46.34089,NORMAL,2026-09-29T052155Z
01AJ010,BECAGUIMEC STREAM AT COLDSTREAM,2026-08-31T21:10:00Z,0.262,1.17,-67.46511,46.34089,NORMAL,2026-09-29T052155Z
01AJ010,BECAGUIMEC STREAM AT COLDSTREAM,2026-08-31T21:15:00Z,0.262,1.17,-67.46511,46.34089,NORMAL,2026-09-29T052155Z
01AJ010,BECAGUIMEC STREAM AT COLDSTREAM,2026-08-31T21:20:00Z,0.262,1.17,-67.46511,46.34089,NORMAL,2026-09-29T052155Z
01AJ010,BECAGUIMEC STREAM AT COLDSTREAM,2026-08-31T21:25:00Z,0.262,1.17,-67.46511,46.34089,NORMAL,2026-09-29T052155Z
01AJ010,BECAGUIMEC STREAM AT COLDSTREAM,2026-08-31T21:30:00Z,0.262,1.17,-67.46511,46.34089,NORMAL,2026-09-29T052155Z
01AJ010,BECAGUIMEC STREAM AT COLDSTREAM,2026-08-31T21:35:00Z,0.262,1.17,-67.46511,46.34089,NORMAL,2026-09-29T052155Z
01AJ010,BECAGUIMEC STREAM AT COLDSTREAM,2026-08-31T21:40:00Z,0.262,1.17,-67.46511,46.34089,NORMAL,2026-09-29T052155Z
01AJ010,BECAGUIMEC STREAM AT COLDSTREAM,2026-08-31T21:45:00Z,0.262,1.17,-67.46511,46.34089,NORMAL,2026-09-29T052155Z
01AJ010,BECAGUIMEC STREAM AT COLDSTREAM,2026-08-31T21:50:00Z,0.262,1.17,-67.46511,46.34089,NORMAL,2026-09-29T052155Z
01AJ010,BECAGUIMEC STREAM AT COLDSTREAM,2026-08-31T21:55:00Z,0.262,1.17,-67.46511,46.34089,NORMAL,2026-09-29T052155Z
01AJ010,BECAGUIMEC STREAM AT COLDSTREAM,2026-08-31T22:00:00Z,0.262,1.17,-67.46511,46.34089,NORMAL,2026-09-29T052155Z
01AJ010,BECAGUIMEC STREAM AT COLDSTREAM,2026-08-31T22:05:00Z,0.261,1.15,-67.46511,46.34089,NORMAL,2026-09-29T052155Z
01AJ010,BECAGUIMEC STREAM AT COLDSTREAM,2026-08-31T22:10:00Z,0.262,1.17,-67.46511,46.34089,NORMAL,2026-09-29T052155Z
01AJ010,BECAGUIMEC STREAM AT COLDSTREAM,2026-08-31T22:15:00Z,0.261,1.15,-67.46511,46.34089,NORMAL,2026-09-29T052155Z
01AJ010,BECAGUIMEC STREAM AT COLDSTREAM,2026-08-31T22:20:00Z,0.261,1.15,-67.46511,46.34089,NORMAL,2026-09-29T052155Z
01AJ010,BECAGUIMEC STREAM AT COLDSTREAM,2026-08-31T22:25:00Z,0.261,1.15,-67.46511,46.34089,NORMAL,2026-09-29T052155Z
01AJ010,BECAGUIMEC STREAM AT COLDSTREAM,2026-08-31T22:30:00Z,0.261,1.15,-67.46511,46.34089,NORMAL,2026-09-29T052155Z
01AJ010,BECAGUIMEC STREAM AT COLDSTREAM,2026-08-31T22:35:00Z,0.261,1.15,-67.46511,46.34089,NORMAL,2026-09-29T052155Z
01AJ010,BECAGUIMEC STREAM AT COLDSTREAM,2026-08-31T22:40:00Z,0.261,1.15,-67.46511,46.34089,NORMAL,2026-09-29T052155Z
01AJ010,BECAGUIMEC STREAM AT COLDSTREAM,2026-08-31T22:45:00Z,0.261,1.15,-67.46511,46.34089,NORMAL,2026-09-29T052155Z
01AJ010,BECAGUIMEC STREAM AT COLDSTREAM,2026-08-31T22:50:00Z,0.261,1.15,-67.46511,46.34089,NORMAL,2026-09-29T052155Z
01AJ010,BECAGUIMEC STREAM AT COLDSTREAM,2026-08-31T22:55:00Z,0.261,1.15,-67.46511,46.34089,NORMAL,2026-09-29T052155Z
01AJ010,BECAGUIMEC STREAM AT COLDSTREAM,2026-08-31T23:00:00Z,0.261,1.15,-67.46511,46.34089,NORMAL,2026-09-29T052155Z
01AJ010,BECAGUIMEC STREAM AT COLDSTREAM,2026-08-31T23:05:00Z,0.261,1.15,-67.46511,46.34089,NORMAL,2026-09-29T052155Z
01AJ010,BECAGUIMEC STREAM AT COLDSTREAM,2026-08-31T23:10:00Z,0.261,1.15,-67.46511,46.34089,NORMAL,2026-09-29T052155Z
01AJ010,BECAGUIMEC STREAM AT COLDSTREAM,2026-08-31T23:15:00Z,0.26,1.14,-67.46511,46.34089,NORMAL,2026-09-29T052155Z
01AJ010,BECAGUIMEC STREAM AT COLDSTREAM,2026-08-31T23:20:00Z,0.26,1.14,-67.46511,46.34089,NORMAL,2026-09-29T052155Z
01AJ010,BECAGUIMEC STREAM AT COLDSTREAM,2026-08-31T23:25:00Z,0.26,1.14,-67.46511,46.34089,NORMAL,2026-09-29T052155Z
01AJ010,BECAGUIMEC STREAM AT COLDSTREAM,2026-08-31T23:30:00Z,0.26,1.14,-67.46511,46.34089,NORMAL,2026-09-29T052155Z
01AJ010,BECAGUIMEC STREAM AT COLDSTREAM,2026-08-31T23:35:00Z,0.26,1.14,-67.46511,46.34089,NORMAL,2026-09-29T052155Z
01AJ010,BECAGUIMEC STREAM AT COLDSTREAM,2026-08-31T23:40:00Z,0.26,1.14,-67.46511,46.34089,NORMAL,2026-09-29T052155Z
01AJ010,BECAGUIMEC STREAM AT COLDSTREAM,2026-08-31T23:45:00Z,0.26,1.14,-67.46511,46.34089,NORMAL,2026-09-29T052155Z
01AJ010,BECAGUIMEC STREAM AT COLDSTREAM,2026-08-31T23:50:00Z,0.26,1.14,-67.46511,46.34089,NORMAL,2026-09-29T052155Z
01AJ010,BECAGUIMEC STREAM AT COLDSTREAM,2026-08-31T23:55:00Z,0.26,1.14,-67.46511,46.34089,NORMAL,2026-09-29T052155Z
01AJ010,BECAGUIMEC STREAM AT COLDSTREAM,2026-09-01T00:00:00Z,0.26,1.14,-67.46511,46.34089,NORMAL,2026-09-29T052155Z
01AJ010,BECAGUIMEC STREAM AT COLDSTREAM,2026-09-01T00:05:00Z,0.259,1.12,-67.46511,46.34089,NORMAL,2026-09-29T052155Z
01AJ010,BECAGUIMEC STREAM AT COLDSTREAM,2026-09-01T00:10:00Z,0.259,1.12,-67.46511,46.34089,NORMAL,2026-09-29T052155Z
01AJ010,BECAGUIMEC STREAM AT COLDSTREAM,2026-09-01T00:15:00Z,0.259,1.12,-67.46511,46.34089,NORMAL,2026-09-29T052155Z
01AJ010,BECAGUIMEC STREAM AT COLDSTREAM,2026-09-01T00:20:00Z,0.259,1.12,-67.46511,46.34089,NORMAL,2026-09-29T052155Z
01AJ010,BECAGUIMEC STREAM AT COLDSTREAM,2026-09-01T00:25:00Z,0.259,1.12,-67.46511,46.34089,NORMAL,2026-09-29T052155Z
01AJ010,BECAGUIMEC STREAM AT COLDSTREAM,2026-09-01T00:30:00Z,0.259,1.12,-67.46511,46.34089,NORMAL,2026-09-29T052155Z
01AJ010,BECAGUIMEC STREAM AT COLDSTREAM,2026-09-01T00:35:00Z,0.259,1.12,-67.46511,46.34089,NORMAL,2026-09-29T052155Z
01AJ010,BECAGUIMEC STREAM AT COLDSTREAM,2026-09-01T00:40:00Z,0.259,1.12,-67.46511,46.34089,NORMAL,2026-09-29T052155Z
01AJ010,BECAGUIMEC STREAM AT COLDSTREAM,2026-09-01T00:45:00Z,0.259,1.12,-67.46511,46.34089,NORMAL,2026-09-29T052155Z
01AJ010,BECAGUIMEC STREAM AT COLDSTREAM,2026-09-01T00:50:00Z,0.258,1.11,-67.46511,46.34089,NORMAL,2026-09-29T052155Z
01AJ010,BECAGUIMEC STREAM AT COLDSTREAM,2026-09-01T00:55:00Z,0.258,1.11,-67.46511,46.34089,NORMAL,2026-09-29T052155Z
01AJ010,BECAGUIMEC STREAM AT COLDSTREAM,2026-09-01T01:00:00Z,0.258,1.11,-67.46511,46.34089,NORMAL,2026-09-29T052155Z
01AJ010,BECAGUIMEC STREAM AT COLDSTREAM,2026-09-01T01:05:00Z,0.258,1.11,-67.46511,46.34089,NORMAL,2026-09-29T052155Z
01AJ010,BECAGUIMEC STREAM AT COLDSTREAM,2026-09-01T01:10:00Z,0.258,1.11,-67.46511,46.34089,NORMAL,2026-09-29T052155Z
01AJ010,BECAGUIMEC STREAM AT COLDSTREAM,2026-09-01T01:15:00Z,0.258,1.11,-67.46511,46.34089,NORMAL,2026-09-29T052155Z
01AJ010,BECAGUIMEC STREAM AT COLDSTREAM,2026-09-01T01:20:00Z,0.258,1.11,-67.46511,46.34089,NORMAL,2026-09-29T052155Z
01AJ010,BECAGUIMEC STREAM AT COLDSTREAM,2026-09-01T01:25:00Z,0.258,1.11,-67.46511,46.34089,NORMAL,2026-09-29T052155Z
01AJ010,BECAGUIMEC STREAM AT COLDSTREAM,2026-09-01T01:30:00Z,0.257,1.09,-67.46511,46.34089,NORMAL,2026-09-29T052155Z
01AJ010,BECAGUIMEC STREAM AT COLDSTREAM,2026-09-01T01:35:00Z,0.258,1.11,-67.46511,46.34089,NORMAL,2026-09-29T052155Z
01AJ010,BECAGUIMEC STREAM AT COLDSTREAM,2026-09-01T01:40:00Z,0.258,1.11,-67.46511,46.34089,NORMAL,2026-09-29T052155Z
01AJ010,BECAGUIMEC STREAM AT COLDSTREAM,2026-09-01T01:45:00Z,0.257,1.09,-67.46511,46.34089,NORMAL,2026-09-29T052155Z
01AJ010,BECAGUIMEC STREAM AT COLDSTREAM,2026-09-01T01:50:00Z,0.257,1.09,-67.46511,46.34089,NORMAL,2026-09-29T052155Z
01AJ010,BECAGUIMEC STREAM AT COLDSTREAM,2026-09-01T01:55:00Z,0.257,1.09,-67.46511,46.34089,NORMAL,2026-09-29T052155Z
01AJ010,BECAGUIMEC STREAM AT COLDSTREAM,2026-09-01T02:00:00Z,0.257,1.09,-67.46511,46.34089,NORMAL,2026-09-29T052155Z
01AJ010,BECAGUIMEC STREAM AT COLDSTREAM,2026-09-01T02:05:00Z,0.257,1.09,-67.46511,46.34089,NORMAL,2026-09-29T052155Z
01AJ010,BECAGUIMEC STREAM AT COLDSTREAM,2026-09-01T02:10:00Z,0.257,1.09,-67.46511,46.34089,NORMAL,2026-09-29T052155Z
01AJ010,BECAGUIMEC STREAM AT COLDSTREAM,2026-09-01T02:15:00Z,0.257,1.09,-67.46511,46.34089,NORMAL,2026-09-29T052155Z
01AJ010,BECAGUIMEC STREAM AT COLDSTREAM,2026-09-01T02:20:00Z,0.256,1.08,-67.46511,46.34089,NORMAL,2026-09-29T052155Z
01AJ010,BECAGUIMEC STREAM AT COLDSTREAM,2026-09-01T02:25:00Z,0.256,1.08,-67.46511,46.34089,NORMAL,2026-09-29T052155Z
01AJ010,BECAGUIMEC STREAM AT COLDSTREAM,2026-09-01T02:30:00Z,0.256,1.08,-67.46511,46.34089,NORMAL,2026-09-29T052155Z
01AJ010,BECAGUIMEC STREAM AT COLDSTREAM,2026-09-01T02:35:00Z,0.256,1.08,-67.46511,46.34089,NORMAL,2026-09-29T052155Z
01AJ010,BECAGUIMEC STREAM AT COLDSTREAM,2026-09-01T02:40:00Z,0.256,1.08,-67.46511,46.34089,NORMAL,2026-09-29T052155Z
01AJ010,BECAGUIMEC STREAM AT COLDSTREAM,2026-09-01T02:45:00Z,0.256,1.08,-67.46511,46.34089,NORMAL,2026-09-29T052155Z
01AJ010,BECAGUIMEC STREAM AT COLDSTREAM,2026-09-01T02:50:00Z,0.256,1.08,-67.46511,46.34089,NORMAL,2026-09-29T052155Z
01AJ010,BECAGUIMEC STREAM AT COLDSTREAM,2026-09-01T02:55:00Z,0.256,1.08,-67.46511,46.34089,NORMAL,2026-09-29T052155Z
01AJ010,BECAGUIMEC STREAM AT COLDSTREAM,2026-09-01T03:00:00Z,0.256,1.08,-67.46511,46.34089,NORMAL,2026-09-29T052155Z
01AJ010,BECAGUIMEC STREAM AT COLDSTREAM,2026-09-01T03:05:00Z,0.256,1.08,-67.46511,46.34089,NORMAL,2026-09-29T052155Z
01AJ010,BECAGUIMEC STREAM AT COLDSTREAM,2026-09-01T03:10:00Z,0.256,1.08,-67.46511,46.34089,NORMAL,2026-09-29T052155Z
01AJ010,BECAGUIMEC STREAM AT COLDSTREAM,2026-09-01T03:15:00Z,0.256,1.08,-67.46511,46.34089,NORMAL,2026-09-29T052155Z
01AJ010,BECAGUIMEC STREAM AT COLDSTREAM,2026-09-01T03:20:00Z,0.255,1.07,-67.46511,46.34089,NORMAL,2026-09-29T052155Z
01AJ010,BECAGUIMEC STREAM AT COLDSTREAM,2026-09-01T03:25:00Z,0.255,1.07,-67.46511,46.34089,NORMAL,2026-09-29T052155Z
01AJ010,BECAGUIMEC STREAM AT COLDSTREAM,2026-09-01T03:30:00Z,0.255,1.07,-67.46511,46.34089,NORMAL,2026-09-29T052155Z
01AJ010,BECAGUIMEC STREAM AT COLDSTREAM,2026-09-01T03:35:00Z,0.255,1.07,-67.46511,46.34089,NORMAL,2026-09-29T052155Z
01AJ010,BECAGUIMEC STREAM AT COLDSTREAM,2026-09-01T03:40:00Z,0.255,1.07,-67.46511,46.34089,NORMAL,2026-09-29T052155Z
01AJ010,BECAGUIMEC STREAM AT COLDSTREAM,2026-09-01T03:45:00Z,0.255,1.07,-67.46511,46.34089,NORMAL,2026-09-29T052155Z
01AJ010,BECAGUIMEC STREAM AT COLDSTREAM,2026-09-01T03:50:00Z,0.255,1.07,-67.46511,46.34089,NORMAL,2026-09-29T052155Z
01AJ010,BECAGUIMEC STREAM AT COLDSTREAM,2026-09-01T03:55:00Z,0.255,1.07,-67.46511,46.34089,NORMAL,2026-09-29T052155Z
01AJ010,BECAGUIMEC STREAM AT COLDSTREAM,2026-09-01T04:00:00Z,0.255,1.07,-67.46511,46.34089,NORMAL,2026-09-29T052155Z
01AJ010,BECAGUIMEC STREAM AT COLDSTREAM,2026-09-01T04:05:00Z,0.255,1.07,-67.46511,46.34089,NORMAL,2026-09-29T052155Z
01AJ010,BECAGUIMEC STREAM AT COLDSTREAM,2026-09-01T04:10:00Z,0.255,1.07,-67.46511,46.34089,NORMAL,2026-09-29T052155Z
01AJ010,BECAGUIMEC STREAM AT COLDSTREAM,2026-09-01T04:15:00Z,0.255,1.07,-67.46511,46.34089,NORMAL,2026-09-29T052155Z
01AJ010,BECAGUIMEC STREAM AT COLDSTREAM,2026-09-01T04:20:00Z,0.255,1.07,-67.46511,46.34089,NORMAL,2026-09-29T052155Z
01AJ010,BECAGUIMEC STREAM AT COLDSTREAM,2026-09-01T04:25:00Z,0.254,1.05,-67.46511,46.34089,NORMAL,2026-09-29T052155Z
01AJ010,BECAGUIMEC STREAM AT COLDSTREAM,2026-09-01T04:30:00Z,0.254,1.05,-67.46511,46.34089,NORMAL,2026-09-29T052155Z
01AJ010,BECAGUIMEC STREAM AT COLDSTREAM,2026-09-01T04:35:00Z,0.254,1.05,-67.46511,46.34089,NORMAL,2026-09-29T052155Z
01AJ010,BECAGUIMEC STREAM AT COLDSTREAM,2026-09-01T04:40:00Z,0.254,1.05,-67.46511,46.34089,NORMAL,2026-09-29T052155Z
01AJ010,BECAGUIMEC STREAM AT COLDSTREAM,2026-09-01T04:45:00Z,0.254,1.05,-67.46511,46.34089,NORMAL,2026-09-29T052155Z
01AJ010,BECAGUIMEC STREAM AT COLDSTREAM,2026-09-01T04:50:00Z,0.254,1.05,-67.46511,46.34089,NORMAL,2026-09-29T052155Z
01AJ010,BECAGUIMEC STREAM AT COLDSTREAM,2026-09-01T04:55:00Z,0.254,1.05,-67.46511,46.34089,NORMAL,2026-09-29T052155Z
01AJ010,BECAGUIMEC STREAM AT COLDSTREAM,2026-09-01T05:00:00Z,0.254,1.05,-67.46511,46.34089,NORMAL,2026-09-29T052155Z
01AJ010,BECAGUIMEC STREAM AT COLDSTREAM,2026-09-01T05:05:00Z,0.254,1.05,-67.46511,46.34089,NORMAL,2026-09-29T052155Z
01AJ010,BECAGUIMEC STREAM AT COLDSTREAM,2026-09-01T05:10:00Z,0.254,1.05,-67.46511,46.34089,NORMAL,2026-09-29T052155Z
01AJ010,BECAGUIMEC STREAM AT COLDSTREAM,2026-09-01T05:15:00Z,0.254,1.05,-67.46511,46.34089,NORMAL,2026-09-29T052155Z
01AJ010,BECAGUIMEC STREAM AT COLDSTREAM,2026-09-01T05:20:00Z,0.254,1.05,-67.46511,46.34089,NORMAL,2026-09-29T052155Z
01AJ010,BECAGUIMEC STREAM AT COLDSTREAM,2026-09-01T05:25:00Z,0.254,1.05,-67.46511,46.34089,NORMAL,2026-09-29T052155Z
01AJ010,BECAGUIMEC STREAM AT COLDSTREAM,2026-09-01T05:30:00Z,0.254,1.05,-67.46511,46.34089,NORMAL,2026-09-29T052155Z
01AJ010,BECAGUIMEC STREAM AT COLDSTREAM,2026-09-01T05:35:00Z,0.254,1.05,-67.46511,46.34089,NORMAL,2026-09-29T052155Z
01AJ010,BECAGUIMEC STREAM AT COLDSTREAM,2026-09-01T05:40:00Z,0.254,1.05,-67.46511,46.34089,NORMAL,2026-09-29T052155Z
01AJ010,BECAGUIMEC STREAM AT COLDSTREAM,2026-09-01T05:45:00Z,0.253,1.04,-67.46511,46.34089,NORMAL,2026-09-29T052155Z
01AJ010,BECAGUIMEC STREAM AT COLDSTREAM,2026-09-01T05:50:00Z,0.253,1.04,-67.46511,46.34089,NORMAL,2026-09-29T052155Z
01AJ010,BECAGUIMEC STREAM AT COLDSTREAM,2026-09-01T05:55:00Z,0.253,1.04,-67.46511,46.34089,NORMAL,2026-09-29T052155Z
01AJ010,BECAGUIMEC STREAM AT COLDSTREAM,2026-09-01T06:00:00Z,0.253,1.04,-67.46511,46.34089,NORMAL,2026-09-29T052155Z
01AJ010,BECAGUIMEC STREAM AT COLDSTREAM,2026-09-01T06:05:00Z,0.253,1.04,-67.46511,46.34089,NORMAL,2026-09-29T052155Z
01AJ010,BECAGUIMEC STREAM AT COLDSTREAM,2026-09-01T06:10:00Z,0.253,1.04,-67.46511,46.34089,NORMAL,2026-09-29T052155Z
01AJ010,BECAGUIMEC STREAM AT COLDSTREAM,2026-09-01T06:15:00Z,0.253,1.04,-67.46511,46.34089,NORMAL,2026-09-29T052155Z
01AJ010,BECAGUIMEC STREAM AT COLDSTREAM,2026-09-01T06:20:00Z,0.253,1.04,-67.46511,46.34089,NORMAL,2026-09-29T052155Z
01AJ010,BECAGUIMEC STREAM AT COLDSTREAM,2026-09-01T06:25:00Z,0.253,1.04,-67.46511,46.34089,NORMAL,2026-09-29T052155Z
01AJ010,BECAGUIMEC STREAM AT COLDSTREAM,2026-09-01T06:30:00Z,0.253,1.04,-67.46511,46.34089,NORMAL,2026-09-29T052155Z
01AJ010,BECAGUIMEC STREAM AT COLDSTREAM,2026-09-01T06:35:00Z,0.253,1.04,-67.46511,46.34089,NORMAL,2026-09-29T052155Z
01AJ010,BECAGUIMEC STREAM AT COLDSTREAM,2026-09-01T06:40:00Z,0.253,1.04,-67.46511,46.34089,NORMAL,2026-09-29T052155Z
01AJ010,BECAGUIMEC STREAM AT COLDSTREAM,2026-09-01T06:45:00Z,0.253,1.04,-67.46511,46.34089,NORMAL,2026-09-29T052155Z
01AJ010,BECAGUIMEC STREAM AT COLDSTREAM,2026-09-01T06:50:00Z,0.252,1.03,-67.46511,46.34089,NORMAL,2026-09-29T052155Z
01AJ010,BECAGUIMEC STREAM AT COLDSTREAM,2026-09-01T06:55:00Z,0.252,1.03,-67.46511,46.34089,NORMAL,2026-09-29T052155Z
01AJ010,BECAGUIMEC STREAM AT COLDSTREAM,2026-09-01T07:00:00Z,0.252,1.03,-67.46511,46.34089,NORMAL,2026-09-29T052155Z
01AJ010,BECAGUIMEC STREAM AT COLDSTREAM,2026-09-01T07:05:00Z,0.252,1.03,-67.46511,46.34089,NORMAL,2026-09-29T052155Z
01AJ010,BECAGUIMEC STREAM AT COLDSTREAM,2026-09-01T07:10:00Z,0.252,1.03,-67.46511,46.34089,NORMAL,2026-09-29T052155Z
01AJ010,BECAGUIMEC STREAM AT COLDSTREAM,2026-09-01T07:15:00Z,0.252,1.03,-67.46511,46.34089,NORMAL,2026-09-29T052155Z
01AJ010,BECAGUIMEC STREAM AT COLDSTREAM,2026-09-01T07:20:00Z,0.252,1.03,-67.46511,46.34089,NORMAL,2026-09-29T052155Z
01AJ010,BECAGUIMEC STREAM AT COLDSTREAM,2026-09-01T07:25:00Z,0.252,1.03,-67.46511,46.34089,NORMAL,2026-09-29T052155Z
01AJ010,BECAGUIMEC STREAM AT COLDSTREAM,2026-09-01T07:30:00Z,0.252,1.03,-67.46511,46.34089,NORMAL,2026-09-29T052155Z
01AJ010,BECAGUIMEC STREAM AT COLDSTREAM,2026-09-01T07:35:00Z,0.252,1.03,-67.46511,46.34089,NORMAL,2026-09-29T052155Z
01AJ010,BECAGUIMEC STREAM AT COLDSTREAM,2026-09-01T07:40:00Z,0.252,1.03,-67.46511,46.34089,NORMAL,2026-09-29T052155Z
01AJ010,BECAGUIMEC STREAM AT COLDSTREAM,2026-09-01T07:45:00Z,0.251,1.01,-67.46511,46.34089,NORMAL,2026-09-29T052155Z
01AJ010,BECAGUIMEC STREAM AT COLDSTREAM,2026-09-01T07:50:00Z,0.251,1.01,-67.46511,46.34089,NORMAL,2026-09-29T052155Z
01AJ010,BECAGUIMEC STREAM AT COLDSTREAM,2026-09-01T07:55:00Z,0.251,1.01,-67.46511,46.34089,NORMAL,2026-09-29T052155Z
01AJ010,BECAGUIMEC STREAM AT COLDSTREAM,2026-09-01T08:00:00Z,0.251,1.01,-67.46511,46.34089,NORMAL,2026-09-29T052155Z
01AJ010,BECAGUIMEC STREAM AT COLDSTREAM,2026-09-01T08:05:00Z,0.251,1.01,-67.46511,46.34089,NORMAL,2026-09-29T052155Z
01AJ010,BECAGUIMEC STREAM AT COLDSTREAM,2026-09-01T08:10:00Z,0.251,1.01,-67.46511,46.34089,NORMAL,2026-09-29T052155Z
01AJ010,BECAGUIMEC STREAM AT COLDSTREAM,2026-09-01T08:15:00Z,0.251,1.01,-67.46511,46.34089,NORMAL,2026-09-29T052155Z
01AJ010,BECAGUIMEC STREAM AT COLDSTREAM,2026-09-01T08:20:00Z,0.251,1.01,-67.46511,46.34089,NORMAL,2026-09-29T052155Z
01AJ010,BECAGUIMEC STREAM AT COLDSTREAM,2026-09-01T08:25:00Z,0.251,1.01,-67.46511,46.34089,NORMAL,2026-09-29T052155Z
01AJ010,BECAGUIMEC STREAM AT COLDSTREAM,2026-09-01T08:30:00Z,0.251,1.01,-67.46511,46.34089,NORMAL,2026-09-29T052155Z
01AJ010,BECAGUIMEC STREAM AT COLDSTREAM,2026-09-01T08:35:00Z,0.251,1.01,-67.46511,46.34089,NORMAL,2026-09-29T052155Z
01AJ010,BECAGUIMEC STREAM AT COLDSTREAM,2026-09-01T08:40:00Z,0.251,1.01,-67.46511,46.34089,NORMAL,2026-09-29T052155Z
01AJ010,BECAGUIMEC STREAM AT COLDSTREAM,2026-09-01T08:45:00Z,0.251,1.01,-67.46511,46.34089,NORMAL,2026-09-29T052155Z
01AJ010,BECAGUIMEC STREAM AT COLDSTREAM,2026-09-01T08:50:00Z,0.251,1.01,-67.46511,46.34089,NORMAL,2026-09-29T052155Z
01AJ010,BECAGUIMEC STREAM AT COLDSTREAM,2026-09-01T08:55:00Z,0.25,0.999,-67.46511,46.34089,NORMAL,2026-09-29T052155Z
01AJ010,BECAGUIMEC STREAM AT COLDSTREAM,2026-09-01T09:00:00Z,0.25,0.999,-67.46511,46.34089,NORMAL,2026-09-29T052155Z
01AJ010,BECAGUIMEC STREAM AT COLDSTREAM,2026-09-01T09:05:00Z,0.25,0.999,-67.46511,46.34089,NORMAL,2026-09-29T052155Z
01AJ010,BECAGUIMEC STREAM AT COLDSTREAM,2026-09-01T09:10:00Z,0.25,0.999,-67.46511,46.34089,NORMAL,2026-09-29T052155Z
01AJ010,BECAGUIMEC STREAM AT COLDSTREAM,2026-09-01T09:15:00Z,0.25,0.999,-67.46511,46.34089,NORMAL,2026-09-29T052155Z
01AJ010,BECAGUIMEC STREAM AT COLDSTREAM,2026-09-01T09:20:00Z,0.25,0.999,-67.46511,46.34089,NORMAL,2026-09-29T052155Z
01AJ010,BECAGUIMEC STREAM AT COLDSTREAM,2026-09-01T09:25:00Z,0.25,0.999,-67.46511,46.34089,NORMAL,2026-09-29T052155Z
01AJ010,BECAGUIMEC STREAM AT COLDSTREAM,2026-09-01T09:30:00Z,0.25,0.999,-67.46511,46.34089,NORMAL,2026-09-29T052155Z
01AJ010,BECAGUIMEC STREAM AT COLDSTREAM,2026-09-01T09:35:00Z,0.25,0.999,-67.46511,46.34089,NORMAL,2026-09-29T052155Z
01AJ010,BECAGUIMEC STREAM AT COLDSTREAM,2026-09-01T09:40:00Z,0.25,0.999,-67.46511,46.34089,NORMAL,2026-09-29T052155Z
01AJ010,BECAGUIMEC STREAM AT COLDSTREAM,2026-09-01T09:45:00Z,0.25,0.999,-67.46511,46.34089,NORMAL,2026-09-29T052155Z
01AJ010,BECAGUIMEC STREAM AT COLDSTREAM,2026-09-01T09:50:00Z,0.25,0.999,-67.46511,46.34089,NORMAL,2026-09-29T052155Z
01AJ010,BECAGUIMEC STREAM AT COLDSTREAM,2026-09-01T09:55:00Z,0.25,0.999,-67.46511,46.34089,NORMAL,2026-09-29T052155Z
01AJ010,BECAGUIMEC STREAM AT COLDSTREAM,2026-09-01T10:00:00Z,0.25,0.999,-67.46511,46.34089,NORMAL,2026-09-29T052155Z
01AJ010,BECAGUIMEC STREAM AT COLDSTREAM,2026-09-01T10:05:00Z,0.25,0.999,-67.46511,46.34089,NORMAL,2026-09-29T052155Z
01AJ010,BECAGUIMEC STREAM AT COLDSTREAM,2026-09-01T10:10:00Z,0.25,0.999,-67.46511,46.34089,NORMAL,2026-09-29T052155Z
01AJ010,BECAGUIMEC STREAM AT COLDSTREAM,2026-09-01T10:15:00Z,0.25,0.999,-67.46511,46.34089,NORMAL,2026-09-29T052155Z
01AJ010,BECAGUIMEC STREAM AT COLDSTREAM,2026-09-01T10:20:00Z,0.25,0.999,-67.46511,46.34089,NORMAL,2026-09-29T052155Z
01AJ010,BECAGUIMEC STREAM AT COLDSTREAM,2026-09-01T10:25:00Z,0.249,0.985,-67.46511,46.34089,NORMAL,2026-09-29T052155Z
01AJ010,BECAGUIMEC STREAM AT COLDSTREAM,2026-09-01T10:30:00Z,0.249,0.985,-67.46511,46.34089,NORMAL,2026-09-29T052155Z
01AJ010,BECAGUIMEC STREAM AT COLDSTREAM,2026-09-01T10:35:00Z,0.249,0.985,-67.46511,46.34089,NORMAL,2026-09-29T052155Z
01AJ010,BECAGUIMEC STREAM AT COLDSTREAM,2026-09-01T10:40:00Z,0.249,0.985,-67.46511,46.34089,NORMAL,2026-09-29T052155Z
01AJ010,BECAGUIMEC STREAM AT COLDSTREAM,2026-09-01T10:45:00Z,0.249,0.985,-67.46511,46.34089,NORMAL,2026-09-29T052155Z
01AJ010,BECAGUIMEC STREAM AT COLDSTREAM,2026-09-01T10:50:00Z,0.249,0.985,-67.46511,46.34089,NORMAL,2026-09-29T052155Z
01AJ010,BECAGUIMEC STREAM AT COLDSTREAM,2026-09-01T10:55:00Z,0.249,0.985,-67.46511,46.34089,NORMAL,2026-09-29T052155Z
01AJ010,BECAGUIMEC STREAM AT COLDSTREAM,2026-09-01T11:00:00Z,0.249,0.985,-67.46511,46.34089,NORMAL,2026-09-29T052155Z
01AJ010,BECAGUIMEC STREAM AT COLDSTREAM,2026-09-01T11:05:00Z,0.249,0.985,-67.46511,46.34089,NORMAL,2026-09-29T052155Z
01AJ010,BECAGUIMEC STREAM AT COLDSTREAM,2026-09-01T11:10:00Z,0.249,0.985,-67.46511,46.34089,NORMAL,2026-09-29T052155Z
01AJ010,BECAGUIMEC STREAM AT COLDSTREAM,2026-09-01T11:15:00Z,0.249,0.985,-67.46511,46.34089,NORMAL,2026-09-29T052155Z
01AJ010,BECAGUIMEC STREAM AT COLDSTREAM,2026-09-01T11:20:00Z,0.249,0.985,-67.46511,46.34089,NORMAL,2026-09-29T052155Z
01AJ010,BECAGUIMEC STREAM AT COLDSTREAM,2026-09-01T11:25:00Z,0.249,0.985,-67.46511,46.34089,NORMAL,2026-09-29T052155Z
01AJ010,BECAGUIMEC STREAM AT COLDSTREAM,2026-09-01T11:30:00Z,0.249,0.985,-67.46511,46.34089,NORMAL,2026-09-29T052155Z
01AJ010,BECAGUIMEC STREAM AT COLDSTREAM,2026-09-01T11:35:00Z,0.248,0.972,-67.46511,46.34089,NORMAL,2026-09-29T052155Z
01AJ010,BECAGUIMEC STREAM AT COLDSTREAM,2026-09-01T11:40:00Z,0.248,0.972,-67.46511,46.34089,NORMAL,2026-09-29T052155Z
01AJ010,BECAGUIMEC STREAM AT COLDSTREAM,2026-09-01T11:45:00Z,0.248,0.972,-67.46511,46.34089,NORMAL,2026-09-29T052155Z
01AJ010,BECAGUIMEC STREAM AT COLDSTREAM,2026-09-01T11:50:00Z,0.248,0.972,-67.46511,46.34089,NORMAL,2026-09-29T052155Z
01AJ010,BECAGUIMEC STREAM AT COLDSTREAM,2026-09-01T11:55:00Z,0.248,0.972,-67.46511,46.34089,NORMAL,2026-09-29T052155Z
01AJ010,BECAGUIMEC STREAM AT COLDSTREAM,2026-09-01T12:00:00Z,0.248,0.972,-67.46511,46.34089,NORMAL,2026-09-29T052155Z
01AJ010,BECAGUIMEC STREAM AT COLDSTREAM,2026-09-01T12:05:00Z,0.248,0.972,-67.46511,46.34089,NORMAL,2026-09-29T052155Z
01AJ010,BECAGUIMEC STREAM AT COLDSTREAM,2026-09-01T12:10:00Z,0.248,0.972,-67.46511,46.34089,NORMAL,2026-09-29T052155Z
01AJ010,BECAGUIMEC STREAM AT COLDSTREAM,2026-09-01T12:15:00Z,0.248,0.972,-67.46511,46.34089,NORMAL,2026-09-29T052155Z
01AJ010,BECAGUIMEC STREAM AT COLDSTREAM,2026-09-01T12:20:00Z,0.248,0.972,-67.46511,46.34089,NORMAL,2026-09-29T052155Z
01AJ010,BECAGUIMEC STREAM AT COLDSTREAM,2026-09-01T12:25:00Z,0.248,0.972,-67.46511,46.34089,NORMAL,2026-09-29T052155Z
01AJ010,BECAGUIMEC STREAM AT COLDSTREAM,2026-09-01T12:30:00Z,0.248,0.972,-67.46511,46.34089,NORMAL,2026-09-29T052155Z
01AJ010,BECAGUIMEC STREAM AT COLDSTREAM,2026-09-01T12:35:00Z,0.248,0.972,-67.46511,46.34089,NORMAL,2026-09-29T052155Z
01AJ010,BECAGUIMEC STREAM AT COLDSTREAM,2026-09-01T12:40:00Z,0.248,0.972,-67.46511,46.34089,NORMAL,2026-09-29T052155Z
01AJ010,BECAGUIMEC STREAM AT COLDSTREAM,2026-09-01T12:45:00Z,0.248,0.972,-67.46511,46.34089,NORMAL,2026-09-29T052155Z
01AJ010,BECAGUIMEC STREAM AT COLDSTREAM,2026-09-01T12:50:00Z,0.248,0.972,-67.46511,46.34089,NORMAL,2026-09-29T052155Z
01AJ010,BECAGUIMEC STREAM AT COLDSTREAM,2026-09-01T12:55:00Z,0.248,0.972,-67.46511,46.34089,NORMAL,2026-09-29T052155Z
01AJ010,BECAGUIMEC STREAM AT COLDSTREAM,2026-09-01T13:00:00Z,0.248,0.972,-67.46511,46.34089,NORMAL,2026-09-29T052155Z
01AJ010,BECAGUIMEC STREAM AT COLDSTREAM,2026-09-01T13:05:00Z,0.248,0.972,-67.46511,46.34089,NORMAL,2026-09-29T052155Z
01AJ010,BECAGUIMEC STREAM AT COLDSTREAM,2026-09-01T13:10:00Z,0.247,0.959,-67.46511,46.34089,NORMAL,2026-09-29T052155Z
01AJ010,BECAGUIMEC STREAM AT COLDSTREAM,2026-09-01T13:15:00Z,0.247,0.959,-67.46511,46.34089,NORMAL,2026-09-29T052155Z
01AJ010,BECAGUIMEC STREAM AT COLDSTREAM,2026-09-01T13:20:00Z,0.247,0.959,-67.46511,46.34089,NORMAL,2026-09-29T052155Z
01AJ010,BECAGUIMEC STREAM AT COLDSTREAM,2026-09-01T13:25:00Z,0.247,0.959,-67.46511,46.34089,NORMAL,2026-09-29T052155Z
01AJ010,BECAGUIMEC STREAM AT COLDSTREAM,2026-09-01T13:30:00Z,0.247,0.959,-67.46511,46.34089,NORMAL,2026-09-29T052155Z
01AJ010,BECAGUIMEC STREAM AT COLDSTREAM,2026-09-01T13:35:00Z,0.247,0.959,-67.46511,46.34089,NORMAL,2026-09-29T052155Z
01AJ010,BECAGUIMEC STREAM AT COLDSTREAM,2026-09-01T13:40:00Z,0.247,0.959,-67.46511,46.34089,NORMAL,2026-09-29T052155Z
01AJ010,BECAGUIMEC STREAM AT COLDSTREAM,2026-09-01T13:45:00Z,0.247,0.959,-67.46511,46.34089,NORMAL,2026-09-29T052155Z
01AJ010,BECAGUIMEC STREAM AT COLDSTREAM,2026-09-01T13:50:00Z,0.247,0.959,-67.46511,46.34089,NORMAL,2026-09-29T052155Z
01AJ010,BECAGUIMEC STREAM AT COLDSTREAM,2026-09-01T13:55:00Z,0.247,0.959,-67.46511,46.34089,NORMAL,2026-09-29T052155Z
01AJ010,BECAGUIMEC STREAM AT COLDSTREAM,2026-09-01T14:00:00Z,0.246,0.946,-67.46511,46.34089,NORMAL,2026-09-29T052155Z
01AJ010,BECAGUIMEC STREAM AT COLDSTREAM,2026-09-01T14:05:00Z,0.247,0.959,-67.46511,46.34089,NORMAL,2026-09-29T052155Z
01AJ010,BECAGUIMEC STREAM AT COLDSTREAM,2026-09-01T14:10:00Z,0.247,0.959,-67.46511,46.34089,NORMAL,2026-09-29T052155Z
01AJ010,BECAGUIMEC STREAM AT COLDSTREAM,2026-09-01T14:15:00Z,0.246,0.946,-67.46511,46.34089,NORMAL,2026-09-29T052155Z
01AJ010,BECAGUIMEC STREAM AT COLDSTREAM,2026-09-01T14:20:00Z,0.247,0.959,-67.46511,46.34089,NORMAL,2026-09-29T052155Z
01AJ010,BECAGUIMEC STREAM AT COLDSTREAM,2026-09-01T14:25:00Z,0.246,0.946,-67.46511,46.34089,NORMAL,2026-09-29T052155Z
01AJ010,BECAGUIMEC STREAM AT COLDSTREAM,2026-09-01T14:30:00Z,0.246,0.946,-67.46511,46.34089,NORMAL,2026-09-29T052155Z
01AJ010,BECAGUIMEC STREAM AT COLDSTREAM,2026-09-01T14:35:00Z,0.246,0.946,-67.46511,46.34089,NORMAL,2026-09-29T052155Z
01AJ010,BECAGUIMEC STREAM AT COLDSTREAM,2026-09-01T14:40:00Z,0.246,0.946,-67.46511,46.34089,NORMAL,2026-09-29T052155Z
01AJ010,BECAGUIMEC STREAM AT COLDSTREAM,2026-09-01T14:45:00Z,0.246,0.946,-67.46511,46.34089,NORMAL,2026-09-29T052155Z
01AJ010,BECAGUIMEC STREAM AT COLDSTREAM,2026-09-01T14:50:00Z,0.246,0.946,-67.46511,46.34089,NORMAL,2026-09-29T052155Z
01AJ010,BECAGUIMEC STREAM AT COLDSTREAM,2026-09-01T14:55:00Z,0.246,0.946,-67.46511,46.34089,NORMAL,2026-09-29T052155Z
01AJ010,BECAGUIMEC STREAM AT COLDSTREAM,2026-09-01T15:00:00Z,0.246,0.946,-67.46511,46.34089,NORMAL,2026-09-29T052155Z
01AJ010,BECAGUIMEC STREAM AT COLDSTREAM,2026-09-01T15:05:00Z,0.246,0.946,-67.46511,46.34089,NORMAL,2026-09-29T052155Z
01AJ010,BECAGUIMEC STREAM AT COLDSTREAM,2026-09-01T15:10:00Z,0.245,0.933,-67.46511,46.34089,NORMAL,2026-09-29T052155Z
01AJ010,BECAGUIMEC STREAM AT COLDSTREAM,2026-09-01T15:15:00Z,0.245,0.933,-67.46511,46.34089,NORMAL,2026-09-29T052155Z
01AJ010,BECAGUIMEC STREAM AT COLDSTREAM,2026-09-01T15:20:00Z,0.245,0.933,-67.46511,46.34089,NORMAL,2026-09-29T052155Z
01AJ010,BECAGUIMEC STREAM AT COLDSTREAM,2026-09-01T15:25:00Z,0.245,0.933,-67.46511,46.34089,NORMAL,2026-09-29T052155Z
01AJ010,BECAGUIMEC STREAM AT COLDSTREAM,2026-09-01T15:30:00Z,0.245,0.933,-67.46511,46.34089,NORMAL,2026-09-29T052155Z
01AJ010,BECAGUIMEC STREAM AT COLDSTREAM,2026-09-01T15:35:00Z,0.245,0.933,-67.46511,46.34089,NORMAL,2026-09-29T052155Z
01AJ010,BECAGUIMEC STREAM AT COLDSTREAM,2026-09-01T15:40:00Z,0.245,0.933,-67.46511,46.34089,NORMAL,2026-09-29T052155Z
01AJ010,BECAGUIMEC STREAM AT COLDSTREAM,2026-09-01T15:45:00Z,0.245,0.933,-67.46511,46.34089,NORMAL,2026-09-29T052155Z
01AJ010,BECAGUIMEC STREAM AT COLDSTREAM,2026-09-01T15:50:00Z,0.244,0.92,-67.46511,46.34089,NORMAL,2026-09-29T052155Z
01AJ010,BECAGUIMEC STREAM AT COLDSTREAM,2026-09-01T15:55:00Z,0.245,0.933,-67.46511,46.34089,NORMAL,2026-09-29T052155Z
01AJ010,BECAGUIMEC STREAM AT COLDSTREAM,2026-09-01T16:00:00Z,0.244,0.92,-67.46511,46.34089,NORMAL,2026-09-29T052155Z
01AJ010,BECAGUIMEC STREAM AT COLDSTREAM,2026-09-01T16:05:00Z,0.244,0.92,-67.46511,46.34089,NORMAL,2026-09-29T052155Z
01AJ010,BECAGUIMEC STREAM AT COLDSTREAM,2026-09-01T16:10:00Z,0.244,0.92,-67.46511,46.34089,NORMAL,2026-09-29T052155Z
01AJ010,BECAGUIMEC STREAM AT COLDSTREAM,2026-09-01T16:15:00Z,0.244,0.92,-67.46511,46.34089,NORMAL,2026-09-29T052155Z
01AJ010,BECAGUIMEC STREAM AT COLDSTREAM,2026-09-01T16:20:00Z,0.244,0.92,-67.46511,46.34089,NORMAL,2026-09-29T052155Z
01AJ010,BECAGUIMEC STREAM AT COLDSTREAM,2026-09-01T16:25:00Z,0.244,0.92,-67.46511,46.34089,NORMAL,2026-09-29T052155Z
01AJ010,BECAGUIMEC STREAM AT COLDSTREAM,2026-09-01T16:30:00Z,0.244,0.92,-67.46511,46.34089,NORMAL,2026-09-29T052155Z
01AJ010,BECAGUIMEC STREAM AT COLDSTREAM,2026-09-01T16:35:00Z,0.244,0.92,-67.46511,46.34089,NORMAL,2026-09-29T052155Z
01AJ010,BECAGUIMEC STREAM AT COLDSTREAM,2026-09-01T16:40:00Z,0.244,0.92,-67.46511,46.34089,NORMAL,2026-09-29T052155Z
01AJ010,BECAGUIMEC STREAM AT COLDSTREAM,2026-09-01T16:45:00Z,0.244,0.92,-67.46511,46.34089,NORMAL,2026-09-29T052155Z
01AJ010,BECAGUIMEC STREAM AT COLDSTREAM,2026-09-01T16:50:00Z,0.243,0.908,-67.46511,46.34089,NORMAL,2026-09-29T052155Z
01AJ010,BECAGUIMEC STREAM AT COLDSTREAM,2026-09-01T16:55:00Z,0.244,0.92,-67.46511,46.34089,NORMAL,2026-09-29T052155Z
01AJ010,BECAGUIMEC STREAM AT COLDSTREAM,2026-09-01T17:00:00Z,0.244,0.92,-67.46511,46.34089,NORMAL,2026-09-29T052155Z
01AJ010,BECAGUIMEC STREAM AT COLDSTREAM,2026-09-01T17:05:00Z,0.244,0.92,-67.46511,46.34089,NORMAL,2026-09-29T052155Z
01AJ010,BECAGUIMEC STREAM AT COLDSTREAM,2026-09-01T17:10:00Z,0.244,0.92,-67.46511,46.34089,NORMAL,2026-09-29T052155Z
01AJ010,BECAGUIMEC STREAM AT COLDSTREAM,2026-09-01T17:15:00Z,0.244,0.92,-67.46511,46.34089,NORMAL,2026-09-29T052155Z
01AJ010,BECAGUIMEC STREAM AT COLDSTREAM,2026-09-01T17:20:00Z,0.244,0.92,-67.46511,46.34089,NORMAL,2026-09-29T052155Z
01AJ010,BECAGUIMEC STREAM AT COLDSTREAM,2026-09-01T17:25:00Z,0.244,0.92,-67.46511,46.34089,NORMAL,2026-09-29T052155Z
01AJ010,BECAGUIMEC STREAM AT COLDSTREAM,2026-09-01T17:30:00Z,0.243,0.908,-67.46511,46.34089,NORMAL,2026-09-29T052155Z
01AJ010,BECAGUIMEC STREAM AT COLDSTREAM,2026-09-01T17:35:00Z,0.243,0.908,-67.46511,46.34089,NORMAL,2026-09-29T052155Z
01AJ010,BECAGUIMEC STREAM AT COLDSTREAM,2026-09-01T17:40:00Z,0.243,0.908,-67.46511,46.34089,NORMAL,2026-09-29T052155Z
01AJ010,BECAGUIMEC STREAM AT COLDSTREAM,2026-09-01T17:45:00Z,0.244,0.92,-67.46511,46.34089,NORMAL,2026-09-29T052155Z
01AJ010,BECAGUIMEC STREAM AT COLDSTREAM,2026-09-01T17:50:00Z,0.243,0.908,-67.46511,46.34089,NORMAL,2026-09-29T052155Z
01AJ010,BECAGUIMEC STREAM AT COLDSTREAM,2026-09-01T17:55:00Z,0.243,0.908,-67.46511,46.34089,NORMAL,2026-09-29T052155Z
01AJ010,BECAGUIMEC STREAM AT COLDSTREAM,2026-09-01T18:00:00Z,0.243,0.908,-67.46511,46.34089,NORMAL,2026-09-29T052155Z
01AJ010,BECAGUIMEC STREAM AT COLDSTREAM,2026-09-01T18:05:00Z,0.243,0.908,-67.46511,46.34089,NORMAL,2026-09-29T052155Z
01AJ010,BECAGUIMEC STREAM AT COLDSTREAM,2026-09-01T18:10:00Z,0.243,0.908,-67.46511,46.34089,NORMAL,2026-09-29T052155Z
01AJ010,BECAGUIMEC STREAM AT COLDSTREAM,2026-09-01T18:15:00Z,0.243,0.908,-67.46511,46.34089,NORMAL,2026-09-29T052155Z
01AJ010,BECAGUIMEC STREAM AT COLDSTREAM,2026-09-01T18:20:00Z,0.243,0.908,-67.46511,46.34089,NORMAL,2026-09-29T052155Z
01AJ010,BECAGUIMEC STREAM AT COLDSTREAM,2026-09-01T18:25:00Z,0.243,0.908,-67.46511,46.34089,NORMAL,2026-09-29T052155Z
01AJ010,BECAGUIMEC STREAM AT COLDSTREAM,2026-09-01T18:30:00Z,0.243,0.908,-67.46511,46.34089,NORMAL,2026-09-29T052155Z
01AJ010,BECAGUIMEC STREAM AT COLDSTREAM,2026-09-01T18:35:00Z,0.243,0.908,-67.46511,46.34089,NORMAL,2026-09-29T052155Z
01AJ010,BECAGUIMEC STREAM AT COLDSTREAM,2026-09-01T18:40:00Z,0.243,0.908,-67.46511,46.34089,NORMAL,2026-09-29T052155Z
01AJ010,BECAGUIMEC STREAM AT COLDSTREAM,2026-09-01T18:45:00Z,0.243,0.908,-67.46511,46.34089,NORMAL,2026-09-29T052155Z
01AJ010,BECAGUIMEC STREAM AT COLDSTREAM,2026-09-01T18:50:00Z,0.243,0.908,-67.46511,46.34089,NORMAL,2026-09-29T052155Z
01AJ010,BECAGUIMEC STREAM AT COLDSTREAM,2026-09-01T18:55:00Z,0.243,0.908,-67.46511,46.34089,NORMAL,2026-09-29T052155Z
01AJ010,BECAGUIMEC STREAM AT COLDSTREAM,2026-09-01T19:00:00Z,0.243,0.908,-67.46511,46.34089,NORMAL,2026-09-29T052155Z
01AJ010,BECAGUIMEC STREAM AT COLDSTREAM,2026-09-01T19:05:00Z,0.243,0.908,-67.46511,46.34089,NORMAL,2026-09-29T052155Z
01AJ010,BECAGUIMEC STREAM AT COLDSTREAM,2026-09-01T19:10:00Z,0.243,0.908,-67.46511,46.34089,NORMAL,2026-09-29T052155Z
01AJ010,BECAGUIMEC STREAM AT COLDSTREAM,2026-09-01T19:15:00Z,0.243,0.908,-67.46511,46.34089,NORMAL,2026-09-29T052155Z
01AJ010,BECAGUIMEC STREAM AT COLDSTREAM,2026-09-01T19:20:00Z,0.243,0.908,-67.46511,46.34089,NORMAL,2026-09-29T052155Z
01AJ010,BECAGUIMEC STREAM AT COLDSTREAM,2026-09-01T19:25:00Z,0.243,0.908,-67.46511,46.34089,NORMAL,2026-09-29T052155Z
01AJ010,BECAGUIMEC STREAM AT COLDSTREAM,2026-09-01T19:30:00Z,0.243,0.908,-67.46511,46.34089,NORMAL,2026-09-29T052155Z
01AJ010,BECAGUIMEC STREAM AT COLDSTREAM,2026-09-01T19:35:00Z,0.243,0.908,-67.46511,46.34089,NORMAL,2026-09-29T052155Z
01AJ010,BECAGUIMEC STREAM AT COLDSTREAM,2026-09-01T19:40:00Z,0.243,0.908,-67.46511,46.34089,NORMAL,2026-09-29T052155Z
01AJ010,BECAGUIMEC STREAM AT COLDSTREAM,2026-09-01T19:45:00Z,0.243,0.908,-67.46511,46.34089,NORMAL,2026-09-29T052155Z
01AJ010,BECAGUIMEC STREAM AT COLDSTREAM,2026-09-01T19:50:00Z,0.243,0.908,-67.46511,46.34089,NORMAL,2026-09-29T052155Z
01AJ010,BECAGUIMEC STREAM AT COLDSTREAM,2026-09-01T19:55:00Z,0.242,0.895,-67.46511,46.34089,NORMAL,2026-09-29T052155Z
01AJ010,BECAGUIMEC STREAM AT COLDSTREAM,2026-09-01T20:00:00Z,0.243,0.908,-67.46511,46.34089,NORMAL,2026-09-29T052155Z
01AJ010,BECAGUIMEC STREAM AT COLDSTREAM,2026-09-01T20:05:00Z,0.243,0.908,-67.46511,46.34089,NORMAL,2026-09-29T052155Z
01AJ010,BECAGUIMEC STREAM AT COLDSTREAM,2026-09-01T20:10:00Z,0.243,0.908,-67.46511,46.34089,NORMAL,2026-09-29T052155Z
01AJ010,BECAGUIMEC STREAM AT COLDSTREAM,2026-09-01T20:15:00Z,0.242,0.895,-67.46511,46.34089,NORMAL,2026-09-29T052155Z
01AJ010,BECAGUIMEC STREAM AT COLDSTREAM,2026-09-01T20:20:00Z,0.243,0.908,-67.46511,46.34089,NORMAL,2026-09-29T052155Z
01AJ010,BECAGUIMEC STREAM AT COLDSTREAM,2026-09-01T20:25:00Z,0.242,0.895,-67.46511,46.34089,NORMAL,2026-09-29T052155Z
01AJ010,BECAGUIMEC STREAM AT COLDSTREAM,2026-09-01T20:30:00Z,0.243,0.908,-67.46511,46.34089,NORMAL,2026-09-29T052155Z
01AJ010,BECAGUIMEC STREAM AT COLDSTREAM,2026-09-01T20:35:00Z,0.243,0.908,-67.46511,46.34089,NORMAL,2026-09-29T052155Z
01AJ010,BECAGUIMEC STREAM AT COLDSTREAM,2026-09-01T20:40:00Z,0.243,0.908,-67.46511,46.34089,NORMAL,2026-09-29T052155Z
01AJ010,BECAGUIMEC STREAM AT COLDSTREAM,2026-09-01T20:45:00Z,0.243,0.908,-67.46511,46.34089,NORMAL,2026-09-29T052155Z
01AJ010,BECAGUIMEC STREAM AT COLDSTREAM,2026-09-01T20:50:00Z,0.243,0.908,-67.46511,46.34089,NORMAL,2026-09-29T052155Z
01AJ010,BECAGUIMEC STREAM AT COLDSTREAM,2026-09-01T20:55:00Z,0.243,0.908,-67.46511,46.34089,NORMAL,2026-09-29T052155Z
01AJ010,BECAGUIMEC STREAM AT COLDSTREAM,2026-09-01T21:00:00Z,0.243,0.908,-67.46511,46.34089,NORMAL,2026-09-29T052155Z
01AJ010,BECAGUIMEC STREAM AT COLDSTREAM,2026-09-01T21:05:00Z,0.242,0.895,-67.46511,46.34089,NORMAL,2026-09-29T052155Z
01AJ010,BECAGUIMEC STREAM AT COLDSTREAM,2026-09-01T21:10:00Z,0.243,0.908,-67.46511,46.34089,NORMAL,2026-09-29T052155Z
01AJ010,BECAGUIMEC STREAM AT COLDSTREAM,2026-09-01T21:15:00Z,0.242,0.895,-67.46511,46.34089,NORMAL,2026-09-29T052155Z
01AJ010,BECAGUIMEC STREAM AT COLDSTREAM,2026-09-01T21:20:00Z,0.242,0.895,-67.46511,46.34089,NORMAL,2026-09-29T052155Z
01AJ010,BECAGUIMEC STREAM AT COLDSTREAM,2026-09-01T21:25:00Z,0.242,0.895,-67.46511,46.34089,NORMAL,2026-09-29T052155Z
01AJ010,BECAGUIMEC STREAM AT COLDSTREAM,2026-09-01T21:30:00Z,0.242,0.895,-67.46511,46.34089,NORMAL,2026-09-29T052155Z
01AJ010,BECAGUIMEC STREAM AT COLDSTREAM,2026-09-01T21:35:00Z,0.242,0.895,-67.46511,46.34089,NORMAL,2026-09-29T052155Z
01AJ010,BECAGUIMEC STREAM AT COLDSTREAM,2026-09-01T21:40:00Z,0.242,0.895,-67.46511,46.34089,NORMAL,2026-09-29T052155Z
01AJ010,BECAGUIMEC STREAM AT COLDSTREAM,2026-09-01T21:45:00Z,0.242,0.895,-67.46511,46.34089,NORMAL,2026-09-29T052155Z
01AJ010,BECAGUIMEC STREAM AT COLDSTREAM,2026-09-01T21:50:00Z,0.242,0.895,-67.46511,46.34089,NORMAL,2026-09-29T052155Z
01AJ010,BECAGUIMEC STREAM AT COLDSTREAM,2026-09-01T21:55:00Z,0.242,0.895,-67.46511,46.34089,NORMAL,2026-09-29T052155Z
01AJ010,BECAGUIMEC STREAM AT COLDSTREAM,2026-09-01T22:00:00Z,0.242,0.895,-67.46511,46.34089,NORMAL,2026-09-29T052155Z
01AJ010,BECAGUIMEC STREAM AT COLDSTREAM,2026-09-01T22:05:00Z,0.241,0.882,-67.46511,46.34089,NORMAL,2026-09-29T052155Z
01AJ010,BECAGUIMEC STREAM AT COLDSTREAM,2026-09-01T22:10:00Z,0.241,0.882,-67.46511,46.34089,NORMAL,2026-09-29T052155Z
01AJ010,BECAGUIMEC STREAM AT COLDSTREAM,2026-09-01T22:15:00Z,0.241,0.882,-67.46511,46.34089,NORMAL,2026-09-29T052155Z
01AJ010,BECAGUIMEC STREAM AT COLDSTREAM,2026-09-01T22:20:00Z,0.241,0.882,-67.46511,46.34089,NORMAL,2026-09-29T052155Z
01AJ010,BECAGUIMEC STREAM AT COLDSTREAM,2026-09-01T22:25:00Z,0.241,0.882,-67.46511,46.34089,NORMAL,2026-09-29T052155Z
01AJ010,BECAGUIMEC STREAM AT COLDSTREAM,2026-09-01T22:30:00Z,0.241,0.882,-67.46511,46.34089,NORMAL,2026-09-29T052155Z
01AJ010,BECAGUIMEC STREAM AT COLDSTREAM,2026-09-01T22:35:00Z,0.242,0.895,-67.46511,46.34089,NORMAL,2026-09-29T052155Z
01AJ010,BECAGUIMEC STREAM AT COLDSTREAM,2026-09-01T22:40:00Z,0.241,0.883,-67.46511,46.34089,NORMAL,2026-09-29T052155Z
01AJ010,BECAGUIMEC STREAM AT COLDSTREAM,2026-09-01T22:45:00Z,0.241,0.883,-67.46511,46.34089,NORMAL,2026-09-29T052155Z
01AJ010,BECAGUIMEC STREAM AT COLDSTREAM,2026-09-01T22:50:00Z,0.241,0.883,-67.46511,46.34089,NORMAL,2026-09-29T052155Z
01AJ010,BECAGUIMEC STREAM AT COLDSTREAM,2026-09-01T22:55:00Z,0.241,0.883,-67.46511,46.34089,NORMAL,2026-09-29T052155Z
01AJ010,BECAGUIMEC STREAM AT COLDSTREAM,2026-09-01T23:00:00Z,0.241,0.883,-67.46511,46.34089,NORMAL,2026-09-29T052155Z
01AJ010,BECAGUIMEC STREAM AT COLDSTREAM,2026-09-01T23:05:00Z,0.241,0.883,-67.46511,46.34089,NORMAL,2026-09-29T052155Z
01AJ010,BECAGUIMEC STREAM AT COLDSTREAM,2026-09-01T23:10:00Z,0.241,0.883,-67.46511,46.34089,NORMAL,2026-09-29T052155Z
01AJ010,BECAGUIMEC STREAM AT COLDSTREAM,2026-09-01T23:15:00Z,0.241,0.883,-67.46511,46.34089,NORMAL,2026-09-29T052155Z
01AJ010,BECAGUIMEC STREAM AT COLDSTREAM,2026-09-01T23:20:00Z,0.241,0.883,-67.46511,46.34089,NORMAL,2026-09-29T052155Z
01AJ010,BECAGUIMEC STREAM AT COLDSTREAM,2026-09-01T23:25:00Z,0.241,0.883,-67.46511,46.34089,NORMAL,2026-09-29T052155Z
01AJ010,BECAGUIMEC STREAM AT COLDSTREAM,2026-09-01T23:30:00Z,0.241,0.883,-67.46511,46.34089,NORMAL,2026-09-29T052155Z
01AJ010,BECAGUIMEC STREAM AT COLDSTREAM,2026-09-01T23:35:00Z,0.241,0.883,-67.46511,46.34089,NORMAL,2026-09-29T052155Z
01AJ010,BECAGUIMEC STREAM AT COLDSTREAM,2026-09-01T23:40:00Z,0.241,0.883,-67.46511,46.34089,NORMAL,2026-09-29T052155Z
01AJ010,BECAGUIMEC STREAM AT COLDSTREAM,2026-09-01T23:45:00Z,0.241,0.883,-67.46511,46.34089,NORMAL,2026-09-29T052155Z
01AJ010,BECAGUIMEC STREAM AT COLDSTREAM,2026-09-01T23:50:00Z,0.241,0.883,-67.46511,46.34089,NORMAL,2026-09-29T052155Z
01AJ010,BECAGUIMEC STREAM AT COLDSTREAM,2026-09-01T23:55:00Z,0.241,0.883,-67.46511,46.34089,NORMAL,2026-09-29T052155Z
01AJ010,BECAGUIMEC STREAM AT COLDSTREAM,2026-09-02T00:00:00Z,0.241,0.883,-67.46511,46.34089,NORMAL,2026-09-29T052155Z
01AJ010,BECAGUIMEC STREAM AT COLDSTREAM,2026-09-02T00:05:00Z,0.24,0.87,-67.46511,46.34089,NORMAL,2026-09-29T052155Z
01AJ010,BECAGUIMEC STREAM AT COLDSTREAM,2026-09-02T00:10:00Z,0.241,0.883,-67.46511,46.34089,NORMAL,2026-09-29T052155Z
01AJ010,BECAGUIMEC STREAM AT COLDSTREAM,2026-09-02T00:15:00Z,0.241,0.883,-67.46511,46.34089,NORMAL,2026-09-29T052155Z
01AJ010,BECAGUIMEC STREAM AT COLDSTREAM,2026-09-02T00:20:00Z,0.24,0.87,-67.46511,46.34089,NORMAL,2026-09-29T052155Z
01AJ010,BECAGUIMEC STREAM AT COLDSTREAM,2026-09-02T00:25:00Z,0.24,0.87,-67.46511,46.34089,NORMAL,2026-09-29T052155Z
01AJ010,BECAGUIMEC STREAM AT COLDSTREAM,2026-09-02T00:30:00Z,0.24,0.87,-67.46511,46.34089,NORMAL,2026-09-29T052155Z
01AJ010,BECAGUIMEC STREAM AT COLDSTREAM,2026-09-02T00:35:00Z,0.24,0.87,-67.46511,46.34089,NORMAL,2026-09-29T052155Z
01AJ010,BECAGUIMEC STREAM AT COLDSTREAM,2026-09-02T00:40:00Z,0.24,0.87,-67.46511,46.34089,NORMAL,2026-09-29T052155Z
01AJ010,BECAGUIMEC STREAM AT COLDSTREAM,2026-09-02T00:45:00Z,0.24,0.87,-67.46511,46.34089,NORMAL,2026-09-29T052155Z
01AJ010,BECAGUIMEC STREAM AT COLDSTREAM,2026-09-02T00:50:00Z,0.24,0.87,-67.46511,46.34089,NORMAL,2026-09-29T052155Z
01AJ010,BECAGUIMEC STREAM AT COLDSTREAM,2026-09-02T00:55:00Z,0.24,0.87,-67.46511,46.34089,NORMAL,2026-09-29T052155Z
01AJ010,BECAGUIMEC STREAM AT COLDSTREAM,2026-09-02T01:00:00Z,0.24,0.87,-67.46511,46.34089,NORMAL,2026-09-29T052155Z
01AJ010,BECAGUIMEC STREAM AT COLDSTREAM,2026-09-02T01:05:00Z,0.24,0.87,-67.46511,46.34089,NORMAL,2026-09-29T052155Z
01AJ010,BECAGUIMEC STREAM AT COLDSTREAM,2026-09-02T01:10:00Z,0.24,0.87,-67.46511,46.34089,NORMAL,2026-09-29T052155Z
01AJ010,BECAGUIMEC STREAM AT COLDSTREAM,2026-09-02T01:15:00Z,0.24,0.87,-67.46511,46.34089,NORMAL,2026-09-29T052155Z
01AJ010,BECAGUIMEC STREAM AT COLDSTREAM,2026-09-02T01:20:00Z,0.24,0.87,-67.46511,46.34089,NORMAL,2026-09-29T052155Z
01AJ010,BECAGUIMEC STREAM AT COLDSTREAM,2026-09-02T01:25:00Z,0.239,0.858,-67.46511,46.34089,NORMAL,2026-09-29T052155Z
01AJ010,BECAGUIMEC STREAM AT COLDSTREAM,2026-09-02T01:30:00Z,0.24,0.87,-67.46511,46.34089,NORMAL,2026-09-29T052155Z
01AJ010,BECAGUIMEC STREAM AT COLDSTREAM,2026-09-02T01:35:00Z,0.239,0.858,-67.46511,46.34089,NORMAL,2026-09-29T052155Z
01AJ010,BECAGUIMEC STREAM AT COLDSTREAM,2026-09-02T01:40:00Z,0.239,0.858,-67.46511,46.34089,NORMAL,2026-09-29T052155Z
01AJ010,BECAGUIMEC STREAM AT COLDSTREAM,2026-09-02T01:45:00Z,0.239,0.858,-67.46511,46.34089,NORMAL,2026-09-29T052155Z
01AJ010,BECAGUIMEC STREAM AT COLDSTREAM,2026-09-02T01:50:00Z,0.239,0.858,-67.46511,46.34089,NORMAL,2026-09-29T052155Z
01AJ010,BECAGUIMEC STREAM AT COLDSTREAM,2026-09-02T01:55:00Z,0.239,0.858,-67.46511,46.34089,NORMAL,2026-09-29T052155Z
01AJ010,BECAGUIMEC STREAM AT COLDSTREAM,2026-09-02T02:00:00Z,0.239,0.858,-67.46511,46.34089,NORMAL,2026-09-29T052155Z
01AJ010,BECAGUIMEC STREAM AT COLDSTREAM,2026-09-02T02:05:00Z,0.239,0.858,-67.46511,46.34089,NORMAL,2026-09-29T052155Z
01AJ010,BECAGUIMEC STREAM AT COLDSTREAM,2026-09-02T02:10:00Z,0.239,0.858,-67.46511,46.34089,NORMAL,2026-09-29T052155Z
01AJ010,BECAGUIMEC STREAM AT COLDSTREAM,2026-09-02T02:15:00Z,0.239,0.858,-67.46511,46.34089,NORMAL,2026-09-29T052155Z
01AJ010,BECAGUIMEC STREAM AT COLDSTREAM,2026-09-02T02:20:00Z,0.239,0.858,-67.46511,46.34089,NORMAL,2026-09-29T052155Z
01AJ010,BECAGUIMEC STREAM AT COLDSTREAM,2026-09-02T02:25:00Z,0.239,0.858,-67.46511,46.34089,NORMAL,2026-09-29T052155Z
01AJ010,BECAGUIMEC STREAM AT COLDSTREAM,2026-09-02T02:30:00Z,0.239,0.858,-67.46511,46.34089,NORMAL,2026-09-29T052155Z
01AJ010,BECAGUIMEC STREAM AT COLDSTREAM,2026-09-02T02:35:00Z,0.238,0.845,-67.46511,46.34089,NORMAL,2026-09-29T052155Z
01AJ010,BECAGUIMEC STREAM AT COLDSTREAM,2026-09-02T02:40:00Z,0.239,0.858,-67.46511,46.34089,NORMAL,2026-09-29T052155Z
01AJ010,BECAGUIMEC STREAM AT COLDSTREAM,2026-09-02T02:45:00Z,0.238,0.845,-67.46511,46.34089,NORMAL,2026-09-29T052155Z
01AJ010,BECAGUIMEC STREAM AT COLDSTREAM,2026-09-02T02:50:00Z,0.238,0.845,-67.46511,46.34089,NORMAL,2026-09-29T052155Z
01AJ010,BECAGUIMEC STREAM AT COLDSTREAM,2026-09-02T02:55:00Z,0.238,0.845,-67.46511,46.34089,NORMAL,2026-09-29T052155Z
01AJ010,BECAGUIMEC STREAM AT COLDSTREAM,2026-09-02T03:00:00Z,0.238,0.845,-67.46511,46.34089,NORMAL,2026-09-29T052155Z
01AJ010,BECAGUIMEC STREAM AT COLDSTREAM,2026-09-02T03:05:00Z,0.238,0.845,-67.46511,46.34089,NORMAL,2026-09-29T052155Z
01AJ010,BECAGUIMEC STREAM AT COLDSTREAM,2026-09-02T03:10:00Z,0.238,0.845,-67.46511,46.34089,NORMAL,2026-09-29T052155Z
01AJ010,BECAGUIMEC STREAM AT COLDSTREAM,2026-09-02T03:15:00Z,0.238,0.845,-67.46511,46.34089,NORMAL,2026-09-29T052155Z
01AJ010,BECAGUIMEC STREAM AT COLDSTREAM,2026-09-02T03:20:00Z,0.238,0.845,-67.46511,46.34089,NORMAL,2026-09-29T052155Z
01AJ010,BECAGUIMEC STREAM AT COLDSTREAM,2026-09-02T03:25:00Z,0.238,0.845,-67.46511,46.34089,NORMAL,2026-09-29T052155Z
01AJ010,BECAGUIMEC STREAM AT COLDSTREAM,2026-09-02T03:30:00Z,0.238,0.845,-67.46511,46.34089,NORMAL,2026-09-29T052155Z
01AJ010,BECAGUIMEC STREAM AT COLDSTREAM,2026-09-02T03:35:00Z,0.238,0.845,-67.46511,46.34089,NORMAL,2026-09-29T052155Z
01AJ010,BECAGUIMEC STREAM AT COLDSTREAM,2026-09-02T03:40:00Z,0.238,0.845,-67.46511,46.34089,NORMAL,2026-09-29T052155Z
01AJ010,BECAGUIMEC STREAM AT COLDSTREAM,2026-09-02T03:45:00Z,0.238,0.845,-67.46511,46.34089,NORMAL,2026-09-29T052155Z
01AJ010,BECAGUIMEC STREAM AT COLDSTREAM,2026-09-02T03:50:00Z,0.238,0.845,-67.46511,46.34089,NORMAL,2026-09-29T052155Z
01AJ010,BECAGUIMEC STREAM AT COLDSTREAM,2026-09-02T03:55:00Z,0.238,0.845,-67.46511,46.34089,NORMAL,2026-09-29T052155Z
01AJ010,BECAGUIMEC STREAM AT COLDSTREAM,2026-09-02T04:00:00Z,0.238,0.845,-67.46511,46.34089,NORMAL,2026-09-29T052155Z
01AJ010,BECAGUIMEC STREAM AT COLDSTREAM,2026-09-02T04:05:00Z,0.238,0.845,-67.46511,46.34089,NORMAL,2026-09-29T052155Z
01AJ010,BECAGUIMEC STREAM AT COLDSTREAM,2026-09-02T04:10:00Z,0.238,0.845,-67.46511,46.34089,NORMAL,2026-09-29T052155Z
01AJ010,BECAGUIMEC STREAM AT COLDSTREAM,2026-09-02T04:15:00Z,0.238,0.845,-67.46511,46.34089,NORMAL,2026-09-29T052155Z
01AJ010,BECAGUIMEC STREAM AT COLDSTREAM,2026-09-02T04:20:00Z,0.237,0.833,-67.46511,46.34089,NORMAL,2026-09-29T052155Z
01AJ010,BECAGUIMEC STREAM AT COLDSTREAM,2026-09-02T04:25:00Z,0.238,0.845,-67.46511,46.34089,NORMAL,2026-09-29T052155Z
01AJ010,BECAGUIMEC STREAM AT COLDSTREAM,2026-09-02T04:30:00Z,0.237,0.833,-67.46511,46.34089,NORMAL,2026-09-29T052155Z
01AJ010,BECAGUIMEC STREAM AT COLDSTREAM,2026-09-02T04:35:00Z,0.237,0.833,-67.46511,46.34089,NORMAL,2026-09-29T052155Z
01AJ010,BECAGUIMEC STREAM AT COLDSTREAM,2026-09-02T04:40:00Z,0.237,0.833,-67.46511,46.34089,NORMAL,2026-09-29T052155Z
01AJ010,BECAGUIMEC STREAM AT COLDSTREAM,2026-09-02T04:45:00Z,0.237,0.833,-67.46511,46.34089,NORMAL,2026-09-29T052155Z
01AJ010,BECAGUIMEC STREAM AT COLDSTREAM,2026-09-02T04:50:00Z,0.237,0.833,-67.46511,46.34089,NORMAL,2026-09-29T052155Z
01AJ010,BECAGUIMEC STREAM AT COLDSTREAM,2026-09-02T04:55:00Z,0.237,0.833,-67.46511,46.34089,NORMAL,2026-09-29T052155Z
01AJ010,BECAGUIMEC STREAM AT COLDSTREAM,2026-09-02T05:00:00Z,0.237,0.833,-67.46511,46.34089,NORMAL,2026-09-29T052155Z
01AJ010,BECAGUIMEC STREAM AT COLDSTREAM,2026-09-02T05:05:00Z,0.237,0.833,-67.46511,46.34089,NORMAL,2026-09-29T052155Z
01AJ010,BECAGUIMEC STREAM AT COLDSTREAM,2026-09-02T05:10:00Z,0.237,0.833,-67.46511,46.34089,NORMAL,2026-09-29T052155Z
01AJ010,BECAGUIMEC STREAM AT COLDSTREAM,2026-09-02T05:15:00Z,0.237,0.833,-67.46511,46.34089,NORMAL,2026-09-29T052155Z
01AJ010,BECAGUIMEC STREAM AT COLDSTREAM,2026-09-02T05:20:00Z,0.237,0.833,-67.46511,46.34089,NORMAL,2026-09-29T052155Z
01AJ010,BECAGUIMEC STREAM AT COLDSTREAM,2026-09-02T05:25:00Z,0.237,0.833,-67.46511,46.34089,NORMAL,2026-09-29T052155Z
01AJ010,BECAGUIMEC STREAM AT COLDSTREAM,2026-09-02T05:30:00Z,0.237,0.833,-67.46511,46.34089,NORMAL,2026-09-29T052155Z
01AJ010,BECAGUIMEC STREAM AT COLDSTREAM,2026-09-02T05:35:00Z,0.237,0.833,-67.46511,46.34089,NORMAL,2026-09-29T052155Z
01AJ010,BECAGUIMEC STREAM AT COLDSTREAM,2026-09-02T05:40:00Z,0.236,0.821,-67.46511,46.34089,NORMAL,2026-09-29T052155Z
01AJ010,BECAGUIMEC STREAM AT COLDSTREAM,2026-09-02T05:45:00Z,0.236,0.821,-67.46511,46.34089,NORMAL,2026-09-29T052155Z
01AJ010,BECAGUIMEC STREAM AT COLDSTREAM,2026-09-02T05:50:00Z,0.236,0.821,-67.46511,46.34089,NORMAL,2026-09-29T052155Z
01AJ010,BECAGUIMEC STREAM AT COLDSTREAM,2026-09-02T05:55:00Z,0.236,0.821,-67.46511,46.34089,NORMAL,2026-09-29T052155Z
01AJ010,BECAGUIMEC STREAM AT COLDSTREAM,2026-09-02T06:00:00Z,0.236,0.821,-67.46511,46.34089,NORMAL,2026-09-29T052155Z
01AJ010,BECAGUIMEC STREAM AT COLDSTREAM,2026-09-02T06:05:00Z,0.236,0.821,-67.46511,46.34089,NORMAL,2026-09-29T052155Z
01AJ010,BECAGUIMEC STREAM AT COLDSTREAM,2026-09-02T06:10:00Z,0.236,0.821,-67.46511,46.34089,NORMAL,2026-09-29T052155Z
01AJ010,BECAGUIMEC STREAM AT COLDSTREAM,2026-09-02T06:15:00Z,0.236,0.821,-67.46511,46.34089,NORMAL,2026-09-29T052155Z
01AJ010,BECAGUIMEC STREAM AT COLDSTREAM,2026-09-02T06:20:00Z,0.236,0.821,-67.46511,46.34089,NORMAL,2026-09-29T052155Z
01AJ010,BECAGUIMEC STREAM AT COLDSTREAM,2026-09-02T06:25:00Z,0.236,0.821,-67.46511,46.34089,NORMAL,2026-09-29T052155Z
01AJ010,BECAGUIMEC STREAM AT COLDSTREAM,2026-09-02T06:30:00Z,0.236,0.821,-67.46511,46.34089,NORMAL,2026-09-29T052155Z
01AJ010,BECAGUIMEC STREAM AT COLDSTREAM,2026-09-02T06:35:00Z,0.236,0.821,-67.46511,46.34089,NORMAL,2026-09-29T052155Z
01AJ010,BECAGUIMEC STREAM AT COLDSTREAM,2026-09-02T06:40:00Z,0.236,0.821,-67.46511,46.34089,NORMAL,2026-09-29T052155Z
01AJ010,BECAGUIMEC STREAM AT COLDSTREAM,2026-09-02T06:45:00Z,0.236,0.821,-67.46511,46.34089,NORMAL,2026-09-29T052155Z
01AJ010,BECAGUIMEC STREAM AT COLDSTREAM,2026-09-02T06:50:00Z,0.236,0.821,-67.46511,46.34089,NORMAL,2026-09-29T052155Z
01AJ010,BECAGUIMEC STREAM AT COLDSTREAM,2026-09-02T06:55:00Z,0.236,0.821,-67.46511,46.34089,NORMAL,2026-09-29T052155Z
01AJ010,BECAGUIMEC STREAM AT COLDSTREAM,2026-09-02T07:00:00Z,0.236,0.821,-67.46511,46.34089,NORMAL,2026-09-29T052155Z
01AJ010,BECAGUIMEC STREAM AT COLDSTREAM,2026-09-02T07:05:00Z,0.236,0.821,-67.46511,46.34089,NORMAL,2026-09-29T052155Z
01AJ010,BECAGUIMEC STREAM AT COLDSTREAM,2026-09-02T07:10:00Z,0.236,0.821,-67.46511,46.34089,NORMAL,2026-09-29T052155Z
01AJ010,BECAGUIMEC STREAM AT COLDSTREAM,2026-09-02T07:15:00Z,0.236,0.821,-67.46511,46.34089,NORMAL,2026-09-29T052155Z
01AJ010,BECAGUIMEC STREAM AT COLDSTREAM,2026-09-02T07:20:00Z,0.236,0.821,-67.46511,46.34089,NORMAL,2026-09-29T052155Z
01AJ010,BECAGUIMEC STREAM AT COLDSTREAM,2026-09-02T07:25:00Z,0.235,0.809,-67.46511,46.34089,NORMAL,2026-09-29T052155Z
01AJ010,BECAGUIMEC STREAM AT COLDSTREAM,2026-09-02T07:30:00Z,0.235,0.809,-67.46511,46.34089,NORMAL,2026-09-29T052155Z
01AJ010,BECAGUIMEC STREAM AT COLDSTREAM,2026-09-02T07:35:00Z,0.235,0.809,-67.46511,46.34089,NORMAL,2026-09-29T052155Z
01AJ010,BECAGUIMEC STREAM AT COLDSTREAM,2026-09-02T07:40:00Z,0.235,0.809,-67.46511,46.34089,NORMAL,2026-09-29T052155Z
01AJ010,BECAGUIMEC STREAM AT COLDSTREAM,2026-09-02T07:45:00Z,0.235,0.809,-67.46511,46.34089,NORMAL,2026-09-29T052155Z
01AJ010,BECAGUIMEC STREAM AT COLDSTREAM,2026-09-02T07:50:00Z,0.235,0.809,-67.46511,46.34089,NORMAL,2026-09-29T052155Z
01AJ010,BECAGUIMEC STREAM AT COLDSTREAM,2026-09-02T07:55:00Z,0.235,0.809,-67.46511,46.34089,NORMAL,2026-09-29T052155Z
01AJ010,BECAGUIMEC STREAM AT COLDSTREAM,2026-09-02T08:00:00Z,0.235,0.809,-67.46511,46.34089,NORMAL,2026-09-29T052155Z
01AJ010,BECAGUIMEC STREAM AT COLDSTREAM,2026-09-02T08:05:00Z,0.235,0.809,-67.46511,46.34089,NORMAL,2026-09-29T052155Z
01AJ010,BECAGUIMEC STREAM AT COLDSTREAM,2026-09-02T08:10:00Z,0.235,0.809,-67.46511,46.34089,NORMAL,2026-09-29T052155Z
01AJ010,BECAGUIMEC STREAM AT COLDSTREAM,2026-09-02T08:15:00Z,0.235,0.809,-67.46511,46.34089,NORMAL,2026-09-29T052155Z
01AJ010,BECAGUIMEC STREAM AT COLDSTREAM,2026-09-02T08:20:00Z,0.235,0.809,-67.46511,46.34089,NORMAL,2026-09-29T052155Z
01AJ010,BECAGUIMEC STREAM AT COLDSTREAM,2026-09-02T08:25:00Z,0.235,0.809,-67.46511,46.34089,NORMAL,2026-09-29T052155Z
01AJ010,BECAGUIMEC STREAM AT COLDSTREAM,2026-09-02T08:30:00Z,0.235,0.809,-67.46511,46.34089,NORMAL,2026-09-29T052155Z
01AJ010,BECAGUIMEC STREAM AT COLDSTREAM,2026-09-02T08:35:00Z,0.235,0.809,-67.46511,46.34089,NORMAL,2026-09-29T052155Z
01AJ010,BECAGUIMEC STREAM AT COLDSTREAM,2026-09-02T08:40:00Z,0.235,0.809,-67.46511,46.34089,NORMAL,2026-09-29T052155Z
01AJ010,BECAGUIMEC STREAM AT COLDSTREAM,2026-09-02T08:45:00Z,0.235,0.809,-67.46511,46.34089,NORMAL,2026-09-29T052155Z
01AJ010,BECAGUIMEC STREAM AT COLDSTREAM,2026-09-02T08:50:00Z,0.234,0.797,-67.46511,46.34089,NORMAL,2026-09-29T052155Z
01AJ010,BECAGUIMEC STREAM AT COLDSTREAM,2026-09-02T08:55:00Z,0.235,0.809,-67.46511,46.34089,NORMAL,2026-09-29T052155Z
01AJ010,BECAGUIMEC STREAM AT COLDSTREAM,2026-09-02T09:00:00Z,0.235,0.809,-67.46511,46.34089,NORMAL,2026-09-29T052155Z
01AJ010,BECAGUIMEC STREAM AT COLDSTREAM,2026-09-02T09:05:00Z,0.235,0.809,-67.46511,46.34089,NORMAL,2026-09-29T052155Z
01AJ010,BECAGUIMEC STREAM AT COLDSTREAM,2026-09-02T09:10:00Z,0.234,0.797,-67.46511,46.34089,NORMAL,2026-09-29T052155Z
01AJ010,BECAGUIMEC STREAM AT COLDSTREAM,2026-09-02T09:15:00Z,0.234,0.797,-67.46511,46.34089,NORMAL,2026-09-29T052155Z
01AJ010,BECAGUIMEC STREAM AT COLDSTREAM,2026-09-02T09:20:00Z,0.234,0.797,-67.46511,46.34089,NORMAL,2026-09-29T052155Z
01AJ010,BECAGUIMEC STREAM AT COLDSTREAM,2026-09-02T09:25:00Z,0.234,0.797,-67.46511,46.34089,NORMAL,2026-09-29T052155Z
01AJ010,BECAGUIMEC STREAM AT COLDSTREAM,2026-09-02T09:30:00Z,0.234,0.797,-67.46511,46.34089,NORMAL,2026-09-29T052155Z
01AJ010,BECAGUIMEC STREAM AT COLDSTREAM,2026-09-02T09:35:00Z,0.234,0.797,-67.46511,46.34089,NORMAL,2026-09-29T052155Z
01AJ010,BECAGUIMEC STREAM AT COLDSTREAM,2026-09-02T09:40:00Z,0.234,0.797,-67.46511,46.34089,NORMAL,2026-09-29T052155Z
01AJ010,BECAGUIMEC STREAM AT COLDSTREAM,2026-09-02T09:45:00Z,0.234,0.797,-67.46511,46.34089,NORMAL,2026-09-29T052155Z
01AJ010,BECAGUIMEC STREAM AT COLDSTREAM,2026-09-02T09:50:00Z,0.234,0.797,-67.46511,46.34089,NORMAL,2026-09-29T052155Z
01AJ010,BECAGUIMEC STREAM AT COLDSTREAM,2026-09-02T09:55:00Z,0.234,0.797,-67.46511,46.34089,NORMAL,2026-09-29T052155Z
01AJ010,BECAGUIMEC STREAM AT COLDSTREAM,2026-09-02T10:00:00Z,0.234,0.797,-67.46511,46.34089,NORMAL,2026-09-29T052155Z
01AJ010,BECAGUIMEC STREAM AT COLDSTREAM,2026-09-02T10:05:00Z,0.234,0.797,-67.46511,46.34089,NORMAL,2026-09-29T052155Z
01AJ010,BECAGUIMEC STREAM AT COLDSTREAM,2026-09-02T10:10:00Z,0.234,0.797,-67.46511,46.34089,NORMAL,2026-09-29T052155Z
01AJ010,BECAGUIMEC STREAM AT COLDSTREAM,2026-09-02T10:15:00Z,0.234,0.797,-67.46511,46.34089,NORMAL,2026-09-29T052155Z
01AJ010,BECAGUIMEC STREAM AT COLDSTREAM,2026-09-02T10:20:00Z,0.234,0.797,-67.46511,46.34089,NORMAL,2026-09-29T052155Z
01AJ010,BECAGUIMEC STREAM AT COLDSTREAM,2026-09-02T10:25:00Z,0.234,0.797,-67.46511,46.34089,NORMAL,2026-09-29T052155Z
01AJ010,BECAGUIMEC STREAM AT COLDSTREAM,2026-09-02T10:30:00Z,0.234,0.797,-67.46511,46.34089,NORMAL,2026-09-29T052155Z
01AJ010,BECAGUIMEC STREAM AT COLDSTREAM,2026-09-02T10:35:00Z,0.234,0.797,-67.46511,46.34089,NORMAL,2026-09-29T052155Z
01AJ010,BECAGUIMEC STREAM AT COLDSTREAM,2026-09-02T10:40:00Z,0.234,0.797,-67.46511,46.34089,NORMAL,2026-09-29T052155Z
01AJ010,BECAGUIMEC STREAM AT COLDSTREAM,2026-09-02T10:45:00Z,0.234,0.797,-67.46511,46.34089,NORMAL,2026-09-29T052155Z
01AJ010,BECAGUIMEC STREAM AT COLDSTREAM,2026-09-02T10:50:00Z,0.234,0.797,-67.46511,46.34089,NORMAL,2026-09-29T052155Z
01AJ010,BECAGUIMEC STREAM AT COLDSTREAM,2026-09-02T10:55:00Z,0.234,0.797,-67.46511,46.34089,NORMAL,2026-09-29T052155Z
01AJ010,BECAGUIMEC STREAM AT COLDSTREAM,2026-09-02T11:00:00Z,0.234,0.797,-67.46511,46.34089,NORMAL,2026-09-29T052155Z
01AJ010,BECAGUIMEC STREAM AT COLDSTREAM,2026-09-02T11:05:00Z,0.234,0.797,-67.46511,46.34089,NORMAL,2026-09-29T052155Z
01AJ010,BECAGUIMEC STREAM AT COLDSTREAM,2026-09-02T11:10:00Z,0.234,0.797,-67.46511,46.34089,NORMAL,2026-09-29T052155Z
01AJ010,BECAGUIMEC STREAM AT COLDSTREAM,2026-09-02T11:15:00Z,0.234,0.797,-67.46511,46.34089,NORMAL,2026-09-29T052155Z
01AJ010,BECAGUIMEC STREAM AT COLDSTREAM,2026-09-02T11:20:00Z,0.234,0.797,-67.46511,46.34089,NORMAL,2026-09-29T052155Z
01AJ010,BECAGUIMEC STREAM AT COLDSTREAM,2026-09-02T11:25:00Z,0.233,0.785,-67.46511,46.34089,NORMAL,2026-09-29T052155Z
01AJ010,BECAGUIMEC STREAM AT COLDSTREAM,2026-09-02T11:30:00Z,0.233,0.785,-67.46511,46.34089,NORMAL,2026-09-29T052155Z
01AJ010,BECAGUIMEC STREAM AT COLDSTREAM,2026-09-02T11:35:00Z,0.233,0.785,-67.46511,46.34089,NORMAL,2026-09-29T052155Z
01AJ010,BECAGUIMEC STREAM AT COLDSTREAM,2026-09-02T11:40:00Z,0.233,0.785,-67.46511,46.34089,NORMAL,2026-09-29T052155Z
01AJ010,BECAGUIMEC STREAM AT COLDSTREAM,2026-09-02T11:45:00Z,0.233,0.785,-67.46511,46.34089,NORMAL,2026-09-29T052155Z
01AJ010,BECAGUIMEC STREAM AT COLDSTREAM,2026-09-02T11:50:00Z,0.233,0.785,-67.46511,46.34089,NORMAL,2026-09-29T052155Z
01AJ010,BECAGUIMEC STREAM AT COLDSTREAM,2026-09-02T11:55:00Z,0.233,0.785,-67.46511,46.34089,NORMAL,2026-09-29T052155Z
01AK001,SHOGOMOC STREAM NEAR TRANS CANADA HIGHWAY,2026-08-31T11:35:00Z,0.335,0.429,-67.32036,45.94353,NORMAL,2026-09-29T052155Z
01AK001,SHOGOMOC STREAM NEAR TRANS CANADA HIGHWAY,2026-08-31T11:40:00Z,0.335,0.429,-67.32036,45.94353,NORMAL,2026-09-29T052155Z
01AK001,SHOGOMOC STREAM NEAR TRANS CANADA HIGHWAY,2026-08-31T11:45:00Z,0.336,0.433,-67.32036,45.94353,NORMAL,2026-09-29T052155Z
01AK001,SHOGOMOC STREAM NEAR TRANS CANADA HIGHWAY,2026-08-31T11:50:00Z,0.335,0.429,-67.32036,45.94353,NORMAL,2026-09-29T052155Z
01AK001,SHOGOMOC STREAM NEAR TRANS CANADA HIGHWAY,2026-08-31T11:55:00Z,0.336,0.433,-67.32036,45.94353,NORMAL,2026-09-29T052155Z
01AK001,SHOGOMOC STREAM NEAR TRANS CANADA HIGHWAY,2026-08-31T12:00:00Z,0.335,0.429,-67.32036,45.94353,NORMAL,2026-09-29T052155Z
01AK001,SHOGOMOC STREAM NEAR TRANS CANADA HIGHWAY,2026-08-31T12:05:00Z,0.335,0.429,-67.32036,45.94353,NORMAL,2026-09-29T052155Z
01AK001,SHOGOMOC STREAM NEAR TRANS CANADA HIGHWAY,2026-08-31T12:10:00Z,0.336,0.433,-67.32036,45.94353,NORMAL,2026-09-29T052155Z
01AK001,SHOGOMOC STREAM NEAR TRANS CANADA HIGHWAY,2026-08-31T12:15:00Z,0.335,0.429,-67.32036,45.94353,NORMAL,2026-09-29T052155Z
01AK001,SHOGOMOC STREAM NEAR TRANS CANADA HIGHWAY,2026-08-31T12:20:00Z,0.336,0.433,-67.32036,45.94353,NORMAL,2026-09-29T052155Z
01AK001,SHOGOMOC STREAM NEAR TRANS CANADA HIGHWAY,2026-08-31T12:25:00Z,0.335,0.429,-67.32036,45.94353,NORMAL,2026-09-29T052155Z
01AK001,SHOGOMOC STREAM NEAR TRANS CANADA HIGHWAY,2026-08-31T12:30:00Z,0.335,0.429,-67.32036,45.94353,NORMAL,2026-09-29T052155Z
01AK001,SHOGOMOC STREAM NEAR TRANS CANADA HIGHWAY,2026-08-31T10:35:00Z,0.335,0.429,-67.32036,45.94353,NORMAL,2026-09-29T052155Z
01AK001,SHOGOMOC STREAM NEAR TRANS CANADA HIGHWAY,2026-08-31T10:40:00Z,0.336,0.433,-67.32036,45.94353,NORMAL,2026-09-29T052155Z
01AK001,SHOGOMOC STREAM NEAR TRANS CANADA HIGHWAY,2026-08-31T10:45:00Z,0.335,0.429,-67.32036,45.94353,NORMAL,2026-09-29T052155Z
01AK001,SHOGOMOC STREAM NEAR TRANS CANADA HIGHWAY,2026-08-31T10:50:00Z,0.336,0.433,-67.32036,45.94353,NORMAL,2026-09-29T052155Z
01AK001,SHOGOMOC STREAM NEAR TRANS CANADA HIGHWAY,2026-08-31T10:55:00Z,0.335,0.429,-67.32036,45.94353,NORMAL,2026-09-29T052155Z
01AK001,SHOGOMOC STREAM NEAR TRANS CANADA HIGHWAY,2026-08-31T11:00:00Z,0.335,0.429,-67.32036,45.94353,NORMAL,2026-09-29T052155Z
01AK001,SHOGOMOC STREAM NEAR TRANS CANADA HIGHWAY,2026-08-31T11:05:00Z,0.336,0.433,-67.32036,45.94353,NORMAL,2026-09-29T052155Z
01AK001,SHOGOMOC STREAM NEAR TRANS CANADA HIGHWAY,2026-08-31T11:10:00Z,0.336,0.433,-67.32036,45.94353,NORMAL,2026-09-29T052155Z
01AK001,SHOGOMOC STREAM NEAR TRANS CANADA HIGHWAY,2026-08-31T11:15:00Z,0.335,0.429,-67.32036,45.94353,NORMAL,2026-09-29T052155Z
01AK001,SHOGOMOC STREAM NEAR TRANS CANADA HIGHWAY,2026-08-31T11:20:00Z,0.336,0.433,-67.32036,45.94353,NORMAL,2026-09-29T052155Z
01AK001,SHOGOMOC STREAM NEAR TRANS CANADA HIGHWAY,2026-08-31T11:25:00Z,0.335,0.429,-67.32036,45.94353,NORMAL,2026-09-29T052155Z
01AK001,SHOGOMOC STREAM NEAR TRANS CANADA HIGHWAY,2026-08-31T11:30:00Z,0.335,0.429,-67.32036,45.94353,NORMAL,2026-09-29T052155Z
01AK001,SHOGOMOC STREAM NEAR TRANS CANADA HIGHWAY,2026-08-31T09:35:00Z,0.337,0.438,-67.32036,45.94353,NORMAL,2026-09-29T052155Z
01AK001,SHOGOMOC STREAM NEAR TRANS CANADA HIGHWAY,2026-08-31T09:40:00Z,0.335,0.429,-67.32036,45.94353,NORMAL,2026-09-29T052155Z
01AK001,SHOGOMOC STREAM NEAR TRANS CANADA HIGHWAY,2026-08-31T09:45:00Z,0.335,0.429,-67.32036,45.94353,NORMAL,2026-09-29T052155Z
01AK001,SHOGOMOC STREAM NEAR TRANS CANADA HIGHWAY,2026-08-31T09:50:00Z,0.335,0.429,-67.32036,45.94353,NORMAL,2026-09-29T052155Z
01AK001,SHOGOMOC STREAM NEAR TRANS CANADA HIGHWAY,2026-08-31T09:55:00Z,0.337,0.438,-67.32036,45.94353,NORMAL,2026-09-29T052155Z
01AK001,SHOGOMOC STREAM NEAR TRANS CANADA HIGHWAY,2026-08-31T10:00:00Z,0.335,0.429,-67.32036,45.94353,NORMAL,2026-09-29T052155Z
01AK001,SHOGOMOC STREAM NEAR TRANS CANADA HIGHWAY,2026-08-31T10:05:00Z,0.336,0.433,-67.32036,45.94353,NORMAL,2026-09-29T052155Z
01AK001,SHOGOMOC STREAM NEAR TRANS CANADA HIGHWAY,2026-08-31T10:10:00Z,0.336,0.433,-67.32036,45.94353,NORMAL,2026-09-29T052155Z
01AK001,SHOGOMOC STREAM NEAR TRANS CANADA HIGHWAY,2026-08-31T10:15:00Z,0.335,0.429,-67.32036,45.94353,NORMAL,2026-09-29T052155Z
01AK001,SHOGOMOC STREAM NEAR TRANS CANADA HIGHWAY,2026-08-31T10:20:00Z,0.336,0.433,-67.32036,45.94353,NORMAL,2026-09-29T052155Z
01AK001,SHOGOMOC STREAM NEAR TRANS CANADA HIGHWAY,2026-08-31T10:25:00Z,0.336,0.433,-67.32036,45.94353,NORMAL,2026-09-29T052155Z
01AK001,SHOGOMOC STREAM NEAR TRANS CANADA HIGHWAY,2026-08-31T10:30:00Z,0.335,0.429,-67.32036,45.94353,NORMAL,2026-09-29T052155Z
01AK001,SHOGOMOC STREAM NEAR TRANS CANADA HIGHWAY,2026-08-31T12:35:00Z,0.336,0.433,-67.32036,45.94353,NORMAL,2026-09-29T052155Z
01AK001,SHOGOMOC STREAM NEAR TRANS CANADA HIGHWAY,2026-08-31T12:40:00Z,0.336,0.433,-67.32036,45.94353,NORMAL,2026-09-29T052155Z
01AK001,SHOGOMOC STREAM NEAR TRANS CANADA HIGHWAY,2026-08-31T12:45:00Z,0.336,0.433,-67.32036,45.94353,NORMAL,2026-09-29T052155Z
01AK001,SHOGOMOC STREAM NEAR TRANS CANADA HIGHWAY,2026-08-31T12:50:00Z,0.336,0.433,-67.32036,45.94353,NORMAL,2026-09-29T052155Z
01AK001,SHOGOMOC STREAM NEAR TRANS CANADA HIGHWAY,2026-08-31T12:55:00Z,0.335,0.429,-67.32036,45.94353,NORMAL,2026-09-29T052155Z
01AK001,SHOGOMOC STREAM NEAR TRANS CANADA HIGHWAY,2026-08-31T13:00:00Z,0.336,0.433,-67.32036,45.94353,NORMAL,2026-09-29T052155Z
01AK001,SHOGOMOC STREAM NEAR TRANS CANADA HIGHWAY,2026-08-31T13:05:00Z,0.335,0.429,-67.32036,45.94353,NORMAL,2026-09-29T052155Z
01AK001,SHOGOMOC STREAM NEAR TRANS CANADA HIGHWAY,2026-08-31T13:10:00Z,0.335,0.429,-67.32036,45.94353,NORMAL,2026-09-29T052155Z
01AK001,SHOGOMOC STREAM NEAR TRANS CANADA HIGHWAY,2026-08-31T13:15:00Z,0.336,0.433,-67.32036,45.94353,NORMAL,2026-09-29T052155Z
01AK001,SHOGOMOC STREAM NEAR TRANS CANADA HIGHWAY,2026-08-31T13:20:00Z,0.336,0.433,-67.32036,45.94353,NORMAL,2026-09-29T052155Z
01AK001,SHOGOMOC STREAM NEAR TRANS CANADA HIGHWAY,2026-08-31T13:25:00Z,0.336,0.433,-67.32036,45.94353,NORMAL,2026-09-29T052155Z
01AK001,SHOGOMOC STREAM NEAR TRANS CANADA HIGHWAY,2026-08-31T13:30:00Z,0.336,0.433,-67.32036,45.94353,NORMAL,2026-09-29T052155Z
01AK001,SHOGOMOC STREAM NEAR TRANS CANADA HIGHWAY,2026-08-31T13:35:00Z,0.338,0.442,-67.32036,45.94353,NORMAL,2026-09-29T052155Z
01AK001,SHOGOMOC STREAM NEAR TRANS CANADA HIGHWAY,2026-08-31T13:40:00Z,0.336,0.433,-67.32036,45.94353,NORMAL,2026-09-29T052155Z
01AK001,SHOGOMOC STREAM NEAR TRANS CANADA HIGHWAY,2026-08-31T13:45:00Z,0.337,0.438,-67.32036,45.94353,NORMAL,2026-09-29T052155Z
01AK001,SHOGOMOC STREAM NEAR TRANS CANADA HIGHWAY,2026-08-31T13:50:00Z,0.336,0.433,-67.32036,45.94353,NORMAL,2026-09-29T052155Z
01AK001,SHOGOMOC STREAM NEAR TRANS CANADA HIGHWAY,2026-08-31T13:55:00Z,0.336,0.433,-67.32036,45.94353,NORMAL,2026-09-29T052155Z
01AK001,SHOGOMOC STREAM NEAR TRANS CANADA HIGHWAY,2026-08-31T14:00:00Z,0.336,0.433,-67.32036,45.94353,NORMAL,2026-09-29T052155Z
01AK001,SHOGOMOC STREAM NEAR TRANS CANADA HIGHWAY,2026-08-31T14:05:00Z,0.337,0.438,-67.32036,45.94353,NORMAL,2026-09-29T052155Z
01AK001,SHOGOMOC STREAM NEAR TRANS CANADA HIGHWAY,2026-08-31T14:10:00Z,0.337,0.438,-67.32036,45.94353,NORMAL,2026-09-29T052155Z
01AK001,SHOGOMOC STREAM NEAR TRANS CANADA HIGHWAY,2026-08-31T14:15:00Z,0.337,0.438,-67.32036,45.94353,NORMAL,2026-09-29T052155Z
01AK001,SHOGOMOC STREAM NEAR TRANS CANADA HIGHWAY,2026-08-31T14:20:00Z,0.336,0.433,-67.32036,45.94353,NORMAL,2026-09-29T052155Z
01AK001,SHOGOMOC STREAM NEAR TRANS CANADA HIGHWAY,2026-08-31T14:25:00Z,0.336,0.433,-67.32036,45.94353,NORMAL,2026-09-29T052155Z
01AK001,SHOGOMOC STREAM NEAR TRANS CANADA HIGHWAY,2026-08-31T14:30:00Z,0.336,0.433,-67.32036,45.94353,NORMAL,2026-09-29T052155Z
01AK001,SHOGOMOC STREAM NEAR TRANS CANADA HIGHWAY,2026-08-31T15:35:00Z,0.335,0.429,-67.32036,45.94353,NORMAL,2026-09-29T052155Z
01AK001,SHOGOMOC STREAM NEAR TRANS CANADA HIGHWAY,2026-08-31T15:40:00Z,0.335,0.429,-67.32036,45.94353,NORMAL,2026-09-29T052155Z
01AK001,SHOGOMOC STREAM NEAR TRANS CANADA HIGHWAY,2026-08-31T15:45:00Z,0.335,0.429,-67.32036,45.94353,NORMAL,2026-09-29T052155Z
01AK001,SHOGOMOC STREAM NEAR TRANS CANADA HIGHWAY,2026-08-31T15:50:00Z,0.336,0.433,-67.32036,45.94353,NORMAL,2026-09-29T052155Z
01AK001,SHOGOMOC STREAM NEAR TRANS CANADA HIGHWAY,2026-08-31T15:55:00Z,0.335,0.429,-67.32036,45.94353,NORMAL,2026-09-29T052155Z
01AK001,SHOGOMOC STREAM NEAR TRANS CANADA HIGHWAY,2026-08-31T16:00:00Z,0.337,0.438,-67.32036,45.94353,NORMAL,2026-09-29T052155Z
01AK001,SHOGOMOC STREAM NEAR TRANS CANADA HIGHWAY,2026-08-31T16:05:00Z,0.337,0.438,-67.32036,45.94353,NORMAL,2026-09-29T052155Z
01AK001,SHOGOMOC STREAM NEAR TRANS CANADA HIGHWAY,2026-08-31T16:10:00Z,0.336,0.433,-67.32036,45.94353,NORMAL,2026-09-29T052155Z
01AK001,SHOGOMOC STREAM NEAR TRANS CANADA HIGHWAY,2026-08-31T16:15:00Z,0.337,0.438,-67.32036,45.94353,NORMAL,2026-09-29T052155Z
01AK001,SHOGOMOC STREAM NEAR TRANS CANADA HIGHWAY,2026-08-31T16:20:00Z,0.337,0.438,-67.32036,45.94353,NORMAL,2026-09-29T052155Z
01AK001,SHOGOMOC STREAM NEAR TRANS CANADA HIGHWAY,2026-08-31T16:25:00Z,0.336,0.433,-67.32036,45.94353,NORMAL,2026-09-29T052155Z
01AK001,SHOGOMOC STREAM NEAR TRANS CANADA HIGHWAY,2026-08-31T16:30:00Z,0.336,0.433,-67.32036,45.94353,NORMAL,2026-09-29T052155Z
01AK001,SHOGOMOC STREAM NEAR TRANS CANADA HIGHWAY,2026-08-31T14:35:00Z,0.337,0.438,-67.32036,45.94353,NORMAL,2026-09-29T052155Z
01AK001,SHOGOMOC STREAM NEAR TRANS CANADA HIGHWAY,2026-08-31T14:40:00Z,0.336,0.433,-67.32036,45.94353,NORMAL,2026-09-29T052155Z
01AK001,SHOGOMOC STREAM NEAR TRANS CANADA HIGHWAY,2026-08-31T14:45:00Z,0.337,0.438,-67.32036,45.94353,NORMAL,2026-09-29T052155Z
01AK001,SHOGOMOC STREAM NEAR TRANS CANADA HIGHWAY,2026-08-31T14:50:00Z,0.335,0.429,-67.32036,45.94353,NORMAL,2026-09-29T052155Z
01AK001,SHOGOMOC STREAM NEAR TRANS CANADA HIGHWAY,2026-08-31T14:55:00Z,0.337,0.438,-67.32036,45.94353,NORMAL,2026-09-29T052155Z
01AK001,SHOGOMOC STREAM NEAR TRANS CANADA HIGHWAY,2026-08-31T15:00:00Z,0.336,0.433,-67.32036,45.94353,NORMAL,2026-09-29T052155Z
01AK001,SHOGOMOC STREAM NEAR TRANS CANADA HIGHWAY,2026-08-31T15:05:00Z,0.336,0.433,-67.32036,45.94353,NORMAL,2026-09-29T052155Z
01AK001,SHOGOMOC STREAM NEAR TRANS CANADA HIGHWAY,2026-08-31T15:10:00Z,0.335,0.429,-67.32036,45.94353,NORMAL,2026-09-29T052155Z
01AK001,SHOGOMOC STREAM NEAR TRANS CANADA HIGHWAY,2026-08-31T15:15:00Z,0.335,0.429,-67.32036,45.94353,NORMAL,2026-09-29T052155Z
01AK001,SHOGOMOC STREAM NEAR TRANS CANADA HIGHWAY,2026-08-31T15:20:00Z,0.336,0.433,-67.32036,45.94353,NORMAL,2026-09-29T052155Z
01AK001,SHOGOMOC STREAM NEAR TRANS CANADA HIGHWAY,2026-08-31T15:25:00Z,0.336,0.433,-67.32036,45.94353,NORMAL,2026-09-29T052155Z
01AK001,SHOGOMOC STREAM NEAR TRANS CANADA HIGHWAY,2026-08-31T15:30:00Z,0.336,0.433,-67.32036,45.94353,NORMAL,2026-09-29T052155Z
01AK001,SHOGOMOC STREAM NEAR TRANS CANADA HIGHWAY,2026-08-31T16:35:00Z,0.336,0.433,-67.32036,45.94353,NORMAL,2026-09-29T052155Z
01AK001,SHOGOMOC STREAM NEAR TRANS CANADA HIGHWAY,2026-08-31T16:40:00Z,0.336,0.433,-67.32036,45.94353,NORMAL,2026-09-29T052155Z
01AK001,SHOGOMOC STREAM NEAR TRANS CANADA HIGHWAY,2026-08-31T16:45:00Z,0.336,0.433,-67.32036,45.94353,NORMAL,2026-09-29T052155Z
01AK001,SHOGOMOC STREAM NEAR TRANS CANADA HIGHWAY,2026-08-31T16:50:00Z,0.335,0.429,-67.32036,45.94353,NORMAL,2026-09-29T052155Z
01AK001,SHOGOMOC STREAM NEAR TRANS CANADA HIGHWAY,2026-08-31T16:55:00Z,0.336,0.433,-67.32036,45.94353,NORMAL,2026-09-29T052155Z
01AK001,SHOGOMOC STREAM NEAR TRANS CANADA HIGHWAY,2026-08-31T17:00:00Z,0.336,0.433,-67.32036,45.94353,NORMAL,2026-09-29T052155Z
01AK001,SHOGOMOC STREAM NEAR TRANS CANADA HIGHWAY,2026-08-31T17:05:00Z,0.336,0.433,-67.32036,45.94353,NORMAL,2026-09-29T052155Z
01AK001,SHOGOMOC STREAM NEAR TRANS CANADA HIGHWAY,2026-08-31T17:10:00Z,0.335,0.429,-67.32036,45.94353,NORMAL,2026-09-29T052155Z
01AK001,SHOGOMOC STREAM NEAR TRANS CANADA HIGHWAY,2026-08-31T17:15:00Z,0.335,0.429,-67.32036,45.94353,NORMAL,2026-09-29T052155Z
01AK001,SHOGOMOC STREAM NEAR TRANS CANADA HIGHWAY,2026-08-31T17:20:00Z,0.335,0.429,-67.32036,45.94353,NORMAL,2026-09-29T052155Z
01AK001,SHOGOMOC STREAM NEAR TRANS CANADA HIGHWAY,2026-08-31T17:25:00Z,0.335,0.429,-67.32036,45.94353,NORMAL,2026-09-29T052155Z
01AK001,SHOGOMOC STREAM NEAR TRANS CANADA HIGHWAY,2026-08-31T17:30:00Z,0.334,0.425,-67.32036,45.94353,NORMAL,2026-09-29T052155Z
01AK001,SHOGOMOC STREAM NEAR TRANS CANADA HIGHWAY,2026-08-31T17:35:00Z,0.335,0.429,-67.32036,45.94353,NORMAL,2026-09-29T052155Z
01AK001,SHOGOMOC STREAM NEAR TRANS CANADA HIGHWAY,2026-08-31T17:40:00Z,0.334,0.425,-67.32036,45.94353,NORMAL,2026-09-29T052155Z
01AK001,SHOGOMOC STREAM NEAR TRANS CANADA HIGHWAY,2026-08-31T17:45:00Z,0.334,0.425,-67.32036,45.94353,NORMAL,2026-09-29T052155Z
01AK001,SHOGOMOC STREAM NEAR TRANS CANADA HIGHWAY,2026-08-31T17:50:00Z,0.335,0.429,-67.32036,45.94353,NORMAL,2026-09-29T052155Z
01AK001,SHOGOMOC STREAM NEAR TRANS CANADA HIGHWAY,2026-08-31T17:55:00Z,0.334,0.425,-67.32036,45.94353,NORMAL,2026-09-29T052155Z
01AK001,SHOGOMOC STREAM NEAR TRANS CANADA HIGHWAY,2026-08-31T18:00:00Z,0.334,0.425,-67.32036,45.94353,NORMAL,2026-09-29T052155Z
01AK001,SHOGOMOC STREAM NEAR TRANS CANADA HIGHWAY,2026-08-31T18:05:00Z,0.335,0.429,-67.32036,45.94353,NORMAL,2026-09-29T052155Z
01AK001,SHOGOMOC STREAM NEAR TRANS CANADA HIGHWAY,2026-08-31T18:10:00Z,0.334,0.425,-67.32036,45.94353,NORMAL,2026-09-29T052155Z
01AK001,SHOGOMOC STREAM NEAR TRANS CANADA HIGHWAY,2026-08-31T18:15:00Z,0.334,0.425,-67.32036,45.94353,NORMAL,2026-09-29T052155Z
01AK001,SHOGOMOC STREAM NEAR TRANS CANADA HIGHWAY,2026-08-31T18:20:00Z,0.335,0.429,-67.32036,45.94353,NORMAL,2026-09-29T052155Z
01AK001,SHOGOMOC STREAM NEAR TRANS CANADA HIGHWAY,2026-08-31T18:25:00Z,0.334,0.425,-67.32036,45.94353,NORMAL,2026-09-29T052155Z
01AK001,SHOGOMOC STREAM NEAR TRANS CANADA HIGHWAY,2026-08-31T18:30:00Z,0.334,0.425,-67.32036,45.94353,NORMAL,2026-09-29T052155Z
01AK001,SHOGOMOC STREAM NEAR TRANS CANADA HIGHWAY,2026-08-31T18:35:00Z,0.335,0.429,-67.32036,45.94353,NORMAL,2026-09-29T052155Z
01AK001,SHOGOMOC STREAM NEAR TRANS CANADA HIGHWAY,2026-08-31T18:40:00Z,0.334,0.425,-67.32036,45.94353,NORMAL,2026-09-29T052155Z
01AK001,SHOGOMOC STREAM NEAR TRANS CANADA HIGHWAY,2026-08-31T18:45:00Z,0.333,0.421,-67.32036,45.94353,NORMAL,2026-09-29T052155Z
01AK001,SHOGOMOC STREAM NEAR TRANS CANADA HIGHWAY,2026-08-31T18:50:00Z,0.334,0.425,-67.32036,45.94353,NORMAL,2026-09-29T052155Z
01AK001,SHOGOMOC STREAM NEAR TRANS CANADA HIGHWAY,2026-08-31T18:55:00Z,0.334,0.425,-67.32036,45.94353,NORMAL,2026-09-29T052155Z
01AK001,SHOGOMOC STREAM NEAR TRANS CANADA HIGHWAY,2026-08-31T19:00:00Z,0.333,0.421,-67.32036,45.94353,NORMAL,2026-09-29T052155Z
01AK001,SHOGOMOC STREAM NEAR TRANS CANADA HIGHWAY,2026-08-31T19:05:00Z,0.333,0.421,-67.32036,45.94353,NORMAL,2026-09-29T052155Z
01AK001,SHOGOMOC STREAM NEAR TRANS CANADA HIGHWAY,2026-08-31T19:10:00Z,0.333,0.421,-67.32036,45.94353,NORMAL,2026-09-29T052155Z
01AK001,SHOGOMOC STREAM NEAR TRANS CANADA HIGHWAY,2026-08-31T19:15:00Z,0.334,0.425,-67.32036,45.94353,NORMAL,2026-09-29T052155Z
01AK001,SHOGOMOC STREAM NEAR TRANS CANADA HIGHWAY,2026-08-31T19:20:00Z,0.333,0.421,-67.32036,45.94353,NORMAL,2026-09-29T052155Z
01AK001,SHOGOMOC STREAM NEAR TRANS CANADA HIGHWAY,2026-08-31T19:25:00Z,0.333,0.421,-67.32036,45.94353,NORMAL,2026-09-29T052155Z
01AK001,SHOGOMOC STREAM NEAR TRANS CANADA HIGHWAY,2026-08-31T19:30:00Z,0.333,0.421,-67.32036,45.94353,NORMAL,2026-09-29T052155Z
01AK001,SHOGOMOC STREAM NEAR TRANS CANADA HIGHWAY,2026-08-31T00:00:00Z,0.338,0.442,-67.32036,45.94353,NORMAL,2026-09-29T052155Z
01AK001,SHOGOMOC STREAM NEAR TRANS CANADA HIGHWAY,2026-08-31T00:05:00Z,0.338,0.442,-67.32036,45.94353,NORMAL,2026-09-29T052155Z
01AK001,SHOGOMOC STREAM NEAR TRANS CANADA HIGHWAY,2026-08-31T00:10:00Z,0.339,0.446,-67.32036,45.94353,NORMAL,2026-09-29T052155Z
01AK001,SHOGOMOC STREAM NEAR TRANS CANADA HIGHWAY,2026-08-31T00:15:00Z,0.338,0.442,-67.32036,45.94353,NORMAL,2026-09-29T052155Z
01AK001,SHOGOMOC STREAM NEAR TRANS CANADA HIGHWAY,2026-08-31T00:20:00Z,0.339,0.446,-67.32036,45.94353,NORMAL,2026-09-29T052155Z
01AK001,SHOGOMOC STREAM NEAR TRANS CANADA HIGHWAY,2026-08-31T00:25:00Z,0.338,0.442,-67.32036,45.94353,NORMAL,2026-09-29T052155Z
01AK001,SHOGOMOC STREAM NEAR TRANS CANADA HIGHWAY,2026-08-31T00:30:00Z,0.339,0.446,-67.32036,45.94353,NORMAL,2026-09-29T052155Z
01AK001,SHOGOMOC STREAM NEAR TRANS CANADA HIGHWAY,2026-08-31T00:35:00Z,0.338,0.442,-67.32036,45.94353,NORMAL,2026-09-29T052155Z
01AK001,SHOGOMOC STREAM NEAR TRANS CANADA HIGHWAY,2026-08-31T00:40:00Z,0.338,0.442,-67.32036,45.94353,NORMAL,2026-09-29T052155Z
01AK001,SHOGOMOC STREAM NEAR TRANS CANADA HIGHWAY,2026-08-31T00:45:00Z,0.338,0.442,-67.32036,45.94353,NORMAL,2026-09-29T052155Z
01AK001,SHOGOMOC STREAM NEAR TRANS CANADA HIGHWAY,2026-08-31T00:50:00Z,0.338,0.442,-67.32036,45.94353,NORMAL,2026-09-29T052155Z
01AK001,SHOGOMOC STREAM NEAR TRANS CANADA HIGHWAY,2026-08-31T00:55:00Z,0.338,0.442,-67.32036,45.94353,NORMAL,2026-09-29T052155Z
01AK001,SHOGOMOC STREAM NEAR TRANS CANADA HIGHWAY,2026-08-31T01:00:00Z,0.338,0.442,-67.32036,45.94353,NORMAL,2026-09-29T052155Z
01AK001,SHOGOMOC STREAM NEAR TRANS CANADA HIGHWAY,2026-08-31T01:05:00Z,0.338,0.442,-67.32036,45.94353,NORMAL,2026-09-29T052155Z
01AK001,SHOGOMOC STREAM NEAR TRANS CANADA HIGHWAY,2026-08-31T01:10:00Z,0.338,0.442,-67.32036,45.94353,NORMAL,2026-09-29T052155Z
01AK001,SHOGOMOC STREAM NEAR TRANS CANADA HIGHWAY,2026-08-31T01:15:00Z,0.338,0.442,-67.32036,45.94353,NORMAL,2026-09-29T052155Z
01AK001,SHOGOMOC STREAM NEAR TRANS CANADA HIGHWAY,2026-08-31T01:20:00Z,0.339,0.446,-67.32036,45.94353,NORMAL,2026-09-29T052155Z
01AK001,SHOGOMOC STREAM NEAR TRANS CANADA HIGHWAY,2026-08-31T01:25:00Z,0.338,0.442,-67.32036,45.94353,NORMAL,2026-09-29T052155Z
01AK001,SHOGOMOC STREAM NEAR TRANS CANADA HIGHWAY,2026-08-31T01:30:00Z,0.338,0.442,-67.32036,45.94353,NORMAL,2026-09-29T052155Z
01AK001,SHOGOMOC STREAM NEAR TRANS CANADA HIGHWAY,2026-08-31T01:35:00Z,0.339,0.446,-67.32036,45.94353,NORMAL,2026-09-29T052155Z
01AK001,SHOGOMOC STREAM NEAR TRANS CANADA HIGHWAY,2026-08-31T01:40:00Z,0.339,0.446,-67.32036,45.94353,NORMAL,2026-09-29T052155Z
01AK001,SHOGOMOC STREAM NEAR TRANS CANADA HIGHWAY,2026-08-31T01:45:00Z,0.338,0.442,-67.32036,45.94353,NORMAL,2026-09-29T052155Z
01AK001,SHOGOMOC STREAM NEAR TRANS CANADA HIGHWAY,2026-08-31T01:50:00Z,0.338,0.442,-67.32036,45.94353,NORMAL,2026-09-29T052155Z
01AK001,SHOGOMOC STREAM NEAR TRANS CANADA HIGHWAY,2026-08-31T01:55:00Z,0.338,0.442,-67.32036,45.94353,NORMAL,2026-09-29T052155Z
01AK001,SHOGOMOC STREAM NEAR TRANS CANADA HIGHWAY,2026-08-31T02:00:00Z,0.338,0.442,-67.32036,45.94353,NORMAL,2026-09-29T052155Z
01AK001,SHOGOMOC STREAM NEAR TRANS CANADA HIGHWAY,2026-08-31T02:05:00Z,0.339,0.446,-67.32036,45.94353,NORMAL,2026-09-29T052155Z
01AK001,SHOGOMOC STREAM NEAR TRANS CANADA HIGHWAY,2026-08-31T02:10:00Z,0.338,0.442,-67.32036,45.94353,NORMAL,2026-09-29T052155Z
01AK001,SHOGOMOC STREAM NEAR TRANS CANADA HIGHWAY,2026-08-31T02:15:00Z,0.338,0.442,-67.32036,45.94353,NORMAL,2026-09-29T052155Z
01AK001,SHOGOMOC STREAM NEAR TRANS CANADA HIGHWAY,2026-08-31T02:20:00Z,0.339,0.446,-67.32036,45.94353,NORMAL,2026-09-29T052155Z
01AK001,SHOGOMOC STREAM NEAR TRANS CANADA HIGHWAY,2026-08-31T02:25:00Z,0.338,0.442,-67.32036,45.94353,NORMAL,2026-09-29T052155Z
01AK001,SHOGOMOC STREAM NEAR TRANS CANADA HIGHWAY,2026-08-31T02:30:00Z,0.339,0.446,-67.32036,45.94353,NORMAL,2026-09-29T052155Z
01AK001,SHOGOMOC STREAM NEAR TRANS CANADA HIGHWAY,2026-08-31T02:35:00Z,0.338,0.442,-67.32036,45.94353,NORMAL,2026-09-29T052155Z
01AK001,SHOGOMOC STREAM NEAR TRANS CANADA HIGHWAY,2026-08-31T02:40:00Z,0.338,0.442,-67.32036,45.94353,NORMAL,2026-09-29T052155Z
01AK001,SHOGOMOC STREAM NEAR TRANS CANADA HIGHWAY,2026-08-31T02:45:00Z,0.338,0.442,-67.32036,45.94353,NORMAL,2026-09-29T052155Z
01AK001,SHOGOMOC STREAM NEAR TRANS CANADA HIGHWAY,2026-08-31T02:50:00Z,0.338,0.442,-67.32036,45.94353,NORMAL,2026-09-29T052155Z
01AK001,SHOGOMOC STREAM NEAR TRANS CANADA HIGHWAY,2026-08-31T02:55:00Z,0.338,0.442,-67.32036,45.94353,NORMAL,2026-09-29T052155Z
01AK001,SHOGOMOC STREAM NEAR TRANS CANADA HIGHWAY,2026-08-31T03:00:00Z,0.338,0.442,-67.32036,45.94353,NORMAL,2026-09-29T052155Z
01AK001,SHOGOMOC STREAM NEAR TRANS CANADA HIGHWAY,2026-08-31T03:05:00Z,0.338,0.442,-67.32036,45.94353,NORMAL,2026-09-29T052155Z
01AK001,SHOGOMOC STREAM NEAR TRANS CANADA HIGHWAY,2026-08-31T03:10:00Z,0.338,0.442,-67.32036,45.94353,NORMAL,2026-09-29T052155Z
01AK001,SHOGOMOC STREAM NEAR TRANS CANADA HIGHWAY,2026-08-31T03:15:00Z,0.338,0.442,-67.32036,45.94353,NORMAL,2026-09-29T052155Z
01AK001,SHOGOMOC STREAM NEAR TRANS CANADA HIGHWAY,2026-08-31T03:20:00Z,0.338,0.442,-67.32036,45.94353,NORMAL,2026-09-29T052155Z
01AK001,SHOGOMOC STREAM NEAR TRANS CANADA HIGHWAY,2026-08-31T03:25:00Z,0.338,0.442,-67.32036,45.94353,NORMAL,2026-09-29T052155Z
01AK001,SHOGOMOC STREAM NEAR TRANS CANADA HIGHWAY,2026-08-31T03:30:00Z,0.338,0.442,-67.32036,45.94353,NORMAL,2026-09-29T052155Z
01AK001,SHOGOMOC STREAM NEAR TRANS CANADA HIGHWAY,2026-08-31T03:35:00Z,0.337,0.438,-67.32036,45.94353,NORMAL,2026-09-29T052155Z
01AK001,SHOGOMOC STREAM NEAR TRANS CANADA HIGHWAY,2026-08-31T03:40:00Z,0.338,0.442,-67.32036,45.94353,NORMAL,2026-09-29T052155Z
01AK001,SHOGOMOC STREAM NEAR TRANS CANADA HIGHWAY,2026-08-31T03:45:00Z,0.337,0.438,-67.32036,45.94353,NORMAL,2026-09-29T052155Z
01AK001,SHOGOMOC STREAM NEAR TRANS CANADA HIGHWAY,2026-08-31T03:50:00Z,0.337,0.438,-67.32036,45.94353,NORMAL,2026-09-29T052155Z
01AK001,SHOGOMOC STREAM NEAR TRANS CANADA HIGHWAY,2026-08-31T03:55:00Z,0.338,0.442,-67.32036,45.94353,NORMAL,2026-09-29T052155Z
01AK001,SHOGOMOC STREAM NEAR TRANS CANADA HIGHWAY,2026-08-31T04:00:00Z,0.338,0.442,-67.32036,45.94353,NORMAL,2026-09-29T052155Z
01AK001,SHOGOMOC STREAM NEAR TRANS CANADA HIGHWAY,2026-08-31T04:05:00Z,0.337,0.438,-67.32036,45.94353,NORMAL,2026-09-29T052155Z
01AK001,SHOGOMOC STREAM NEAR TRANS CANADA HIGHWAY,2026-08-31T04:10:00Z,0.337,0.438,-67.32036,45.94353,NORMAL,2026-09-29T052155Z
01AK001,SHOGOMOC STREAM NEAR TRANS CANADA HIGHWAY,2026-08-31T04:15:00Z,0.338,0.442,-67.32036,45.94353,NORMAL,2026-09-29T052155Z
01AK001,SHOGOMOC STREAM NEAR TRANS CANADA HIGHWAY,2026-08-31T04:20:00Z,0.337,0.438,-67.32036,45.94353,NORMAL,2026-09-29T052155Z
01AK001,SHOGOMOC STREAM NEAR TRANS CANADA HIGHWAY,2026-08-31T04:25:00Z,0.337,0.438,-67.32036,45.94353,NORMAL,2026-09-29T052155Z
01AK001,SHOGOMOC STREAM NEAR TRANS CANADA HIGHWAY,2026-08-31T04:30:00Z,0.337,0.438,-67.32036,45.94353,NORMAL,2026-09-29T052155Z
01AK001,SHOGOMOC STREAM NEAR TRANS CANADA HIGHWAY,2026-08-31T04:35:00Z,0.337,0.438,-67.32036,45.94353,NORMAL,2026-09-29T052155Z
01AK001,SHOGOMOC STREAM NEAR TRANS CANADA HIGHWAY,2026-08-31T04:40:00Z,0.337,0.438,-67.32036,45.94353,NORMAL,2026-09-29T052155Z
01AK001,SHOGOMOC STREAM NEAR TRANS CANADA HIGHWAY,2026-08-31T04:45:00Z,0.336,0.433,-67.32036,45.94353,NORMAL,2026-09-29T052155Z
01AK001,SHOGOMOC STREAM NEAR TRANS CANADA HIGHWAY,2026-08-31T04:50:00Z,0.336,0.433,-67.32036,45.94353,NORMAL,2026-09-29T052155Z
01AK001,SHOGOMOC STREAM NEAR TRANS CANADA HIGHWAY,2026-08-31T04:55:00Z,0.337,0.438,-67.32036,45.94353,NORMAL,2026-09-29T052155Z
01AK001,SHOGOMOC STREAM NEAR TRANS CANADA HIGHWAY,2026-08-31T05:00:00Z,0.337,0.438,-67.32036,45.94353,NORMAL,2026-09-29T052155Z
01AK001,SHOGOMOC STREAM NEAR TRANS CANADA HIGHWAY,2026-08-31T05:05:00Z,0.336,0.433,-67.32036,45.94353,NORMAL,2026-09-29T052155Z
01AK001,SHOGOMOC STREAM NEAR TRANS CANADA HIGHWAY,2026-08-31T05:10:00Z,0.336,0.433,-67.32036,45.94353,NORMAL,2026-09-29T052155Z
01AK001,SHOGOMOC STREAM NEAR TRANS CANADA HIGHWAY,2026-08-31T05:15:00Z,0.336,0.433,-67.32036,45.94353,NORMAL,2026-09-29T052155Z
01AK001,SHOGOMOC STREAM NEAR TRANS CANADA HIGHWAY,2026-08-31T05:20:00Z,0.336,0.433,-67.32036,45.94353,NORMAL,2026-09-29T052155Z
01AK001,SHOGOMOC STREAM NEAR TRANS CANADA HIGHWAY,2026-08-31T05:25:00Z,0.337,0.438,-67.32036,45.94353,NORMAL,2026-09-29T052155Z
01AK001,SHOGOMOC STREAM NEAR TRANS CANADA HIGHWAY,2026-08-31T05:30:00Z,0.337,0.438,-67.32036,45.94353,NORMAL,2026-09-29T052155Z
01AK001,SHOGOMOC STREAM NEAR TRANS CANADA HIGHWAY,2026-08-31T05:35:00Z,0.337,0.438,-67.32036,45.94353,NORMAL,2026-09-29T052155Z
01AK001,SHOGOMOC STREAM NEAR TRANS CANADA HIGHWAY,2026-08-31T05:40:00Z,0.337,0.438,-67.32036,45.94353,NORMAL,2026-09-29T052155Z
01AK001,SHOGOMOC STREAM NEAR TRANS CANADA HIGHWAY,2026-08-31T05:45:00Z,0.336,0.433,-67.32036,45.94353,NORMAL,2026-09-29T052155Z
01AK001,SHOGOMOC STREAM NEAR TRANS CANADA HIGHWAY,2026-08-31T05:50:00Z,0.336,0.433,-67.32036,45.94353,NORMAL,2026-09-29T052155Z
01AK001,SHOGOMOC STREAM NEAR TRANS CANADA HIGHWAY,2026-08-31T05:55:00Z,0.336,0.433,-67.32036,45.94353,NORMAL,2026-09-29T052155Z
01AK001,SHOGOMOC STREAM NEAR TRANS CANADA HIGHWAY,2026-08-31T06:00:00Z,0.336,0.433,-67.32036,45.94353,NORMAL,2026-09-29T052155Z
01AK001,SHOGOMOC STREAM NEAR TRANS CANADA HIGHWAY,2026-08-31T06:05:00Z,0.336,0.433,-67.32036,45.94353,NORMAL,2026-09-29T052155Z
01AK001,SHOGOMOC STREAM NEAR TRANS CANADA HIGHWAY,2026-08-31T06:10:00Z,0.335,0.429,-67.32036,45.94353,NORMAL,2026-09-29T052155Z
01AK001,SHOGOMOC STREAM NEAR TRANS CANADA HIGHWAY,2026-08-31T06:15:00Z,0.336,0.433,-67.32036,45.94353,NORMAL,2026-09-29T052155Z
01AK001,SHOGOMOC STREAM NEAR TRANS CANADA HIGHWAY,2026-08-31T06:20:00Z,0.335,0.429,-67.32036,45.94353,NORMAL,2026-09-29T052155Z
01AK001,SHOGOMOC STREAM NEAR TRANS CANADA HIGHWAY,2026-08-31T06:25:00Z,0.335,0.429,-67.32036,45.94353,NORMAL,2026-09-29T052155Z
01AK001,SHOGOMOC STREAM NEAR TRANS CANADA HIGHWAY,2026-08-31T06:30:00Z,0.337,0.438,-67.32036,45.94353,NORMAL,2026-09-29T052155Z
01AK001,SHOGOMOC STREAM NEAR TRANS CANADA HIGHWAY,2026-08-31T06:35:00Z,0.337,0.438,-67.32036,45.94353,NORMAL,2026-09-29T052155Z
01AK001,SHOGOMOC STREAM NEAR TRANS CANADA HIGHWAY,2026-08-31T06:40:00Z,0.335,0.429,-67.32036,45.94353,NORMAL,2026-09-29T052155Z
01AK001,SHOGOMOC STREAM NEAR TRANS CANADA HIGHWAY,2026-08-31T06:45:00Z,0.337,0.438,-67.32036,45.94353,NORMAL,2026-09-29T052155Z
01AK001,SHOGOMOC STREAM NEAR TRANS CANADA HIGHWAY,2026-08-31T06:50:00Z,0.335,0.429,-67.32036,45.94353,NORMAL,2026-09-29T052155Z
01AK001,SHOGOMOC STREAM NEAR TRANS CANADA HIGHWAY,2026-08-31T06:55:00Z,0.335,0.429,-67.32036,45.94353,NORMAL,2026-09-29T052155Z
01AK001,SHOGOMOC STREAM NEAR TRANS CANADA HIGHWAY,2026-08-31T07:00:00Z,0.337,0.438,-67.32036,45.94353,NORMAL,2026-09-29T052155Z
01AK001,SHOGOMOC STREAM NEAR TRANS CANADA HIGHWAY,2026-08-31T07:05:00Z,0.335,0.429,-67.32036,45.94353,NORMAL,2026-09-29T052155Z
01AK001,SHOGOMOC STREAM NEAR TRANS CANADA HIGHWAY,2026-08-31T07:10:00Z,0.335,0.429,-67.32036,45.94353,NORMAL,2026-09-29T052155Z
01AK001,SHOGOMOC STREAM NEAR TRANS CANADA HIGHWAY,2026-08-31T07:15:00Z,0.336,0.433,-67.32036,45.94353,NORMAL,2026-09-29T052155Z
01AK001,SHOGOMOC STREAM NEAR TRANS CANADA HIGHWAY,2026-08-31T07:20:00Z,0.336,0.433,-67.32036,45.94353,NORMAL,2026-09-29T052155Z
01AK001,SHOGOMOC STREAM NEAR TRANS CANADA HIGHWAY,2026-08-31T07:25:00Z,0.336,0.433,-67.32036,45.94353,NORMAL,2026-09-29T052155Z
01AK001,SHOGOMOC STREAM NEAR TRANS CANADA HIGHWAY,2026-08-31T07:30:00Z,0.335,0.429,-67.32036,45.94353,NORMAL,2026-09-29T052155Z
01AK001,SHOGOMOC STREAM NEAR TRANS CANADA HIGHWAY,2026-08-31T07:35:00Z,0.335,0.429,-67.32036,45.94353,NORMAL,2026-09-29T052155Z
01AK001,SHOGOMOC STREAM NEAR TRANS CANADA HIGHWAY,2026-08-31T07:40:00Z,0.335,0.429,-67.32036,45.94353,NORMAL,2026-09-29T052155Z
01AK001,SHOGOMOC STREAM NEAR TRANS CANADA HIGHWAY,2026-08-31T07:45:00Z,0.335,0.429,-67.32036,45.94353,NORMAL,2026-09-29T052155Z
01AK001,SHOGOMOC STREAM NEAR TRANS CANADA HIGHWAY,2026-08-31T07:50:00Z,0.335,0.429,-67.32036,45.94353,NORMAL,2026-09-29T052155Z
01AK001,SHOGOMOC STREAM NEAR TRANS CANADA HIGHWAY,2026-08-31T07:55:00Z,0.336,0.433,-67.32036,45.94353,NORMAL,2026-09-29T052155Z
01AK001,SHOGOMOC STREAM NEAR TRANS CANADA HIGHWAY,2026-08-31T08:00:00Z,0.335,0.429,-67.32036,45.94353,NORMAL,2026-09-29T052155Z
01AK001,SHOGOMOC STREAM NEAR TRANS CANADA HIGHWAY,2026-08-31T08:05:00Z,0.335,0.429,-67.32036,45.94353,NORMAL,2026-09-29T052155Z
01AK001,SHOGOMOC STREAM NEAR TRANS CANADA HIGHWAY,2026-08-31T08:10:00Z,0.335,0.429,-67.32036,45.94353,NORMAL,2026-09-29T052155Z
01AK001,SHOGOMOC STREAM NEAR TRANS CANADA HIGHWAY,2026-08-31T08:15:00Z,0.335,0.429,-67.32036,45.94353,NORMAL,2026-09-29T052155Z
01AK001,SHOGOMOC STREAM NEAR TRANS CANADA HIGHWAY,2026-08-31T08:20:00Z,0.335,0.429,-67.32036,45.94353,NORMAL,2026-09-29T052155Z
01AK001,SHOGOMOC STREAM NEAR TRANS CANADA HIGHWAY,2026-08-31T08:25:00Z,0.336,0.433,-67.32036,45.94353,NORMAL,2026-09-29T052155Z
01AK001,SHOGOMOC STREAM NEAR TRANS CANADA HIGHWAY,2026-08-31T08:30:00Z,0.335,0.429,-67.32036,45.94353,NORMAL,2026-09-29T052155Z
01AK001,SHOGOMOC STREAM NEAR TRANS CANADA HIGHWAY,2026-08-31T08:35:00Z,0.336,0.433,-67.32036,45.94353,NORMAL,2026-09-29T052155Z
01AK001,SHOGOMOC STREAM NEAR TRANS CANADA HIGHWAY,2026-08-31T08:40:00Z,0.335,0.429,-67.32036,45.94353,NORMAL,2026-09-29T052155Z
01AK001,SHOGOMOC STREAM NEAR TRANS CANADA HIGHWAY,2026-08-31T08:45:00Z,0.335,0.429,-67.32036,45.94353,NORMAL,2026-09-29T052155Z
01AK001,SHOGOMOC STREAM NEAR TRANS CANADA HIGHWAY,2026-08-31T08:50:00Z,0.336,0.433,-67.32036,45.94353,NORMAL,2026-09-29T052155Z
01AK001,SHOGOMOC STREAM NEAR TRANS CANADA HIGHWAY,2026-08-31T08:55:00Z,0.335,0.429,-67.32036,45.94353,NORMAL,2026-09-29T052155Z
01AK001,SHOGOMOC STREAM NEAR TRANS CANADA HIGHWAY,2026-08-31T09:00:00Z,0.335,0.429,-67.32036,45.94353,NORMAL,2026-09-29T052155Z
01AK001,SHOGOMOC STREAM NEAR TRANS CANADA HIGHWAY,2026-08-31T09:05:00Z,0.335,0.429,-67.32036,45.94353,NORMAL,2026-09-29T052155Z
01AK001,SHOGOMOC STREAM NEAR TRANS CANADA HIGHWAY,2026-08-31T09:10:00Z,0.336,0.433,-67.32036,45.94353,NORMAL,2026-09-29T052155Z
01AK001,SHOGOMOC STREAM NEAR TRANS CANADA HIGHWAY,2026-08-31T09:15:00Z,0.336,0.433,-67.32036,45.94353,NORMAL,2026-09-29T052155Z
01AK001,SHOGOMOC STREAM NEAR TRANS CANADA HIGHWAY,2026-08-31T09:20:00Z,0.334,0.425,-67.32036,45.94353,NORMAL,2026-09-29T052155Z
01AK001,SHOGOMOC STREAM NEAR TRANS CANADA HIGHWAY,2026-08-31T09:25:00Z,0.335,0.429,-67.32036,45.94353,NORMAL,2026-09-29T052155Z
01AK001,SHOGOMOC STREAM NEAR TRANS CANADA HIGHWAY,2026-08-31T09:30:00Z,0.336,0.433,-67.32036,45.94353,NORMAL,2026-09-29T052155Z
01AK001,SHOGOMOC STREAM NEAR TRANS CANADA HIGHWAY,2026-08-31T21:35:00Z,0.332,0.417,-67.32036,45.94353,NORMAL,2026-09-29T052155Z
01AK001,SHOGOMOC STREAM NEAR TRANS CANADA HIGHWAY,2026-08-31T21:40:00Z,0.331,0.413,-67.32036,45.94353,NORMAL,2026-09-29T052155Z
01AK001,SHOGOMOC STREAM NEAR TRANS CANADA HIGHWAY,2026-08-31T21:45:00Z,0.332,0.417,-67.32036,45.94353,NORMAL,2026-09-29T052155Z
01AK001,SHOGOMOC STREAM NEAR TRANS CANADA HIGHWAY,2026-08-31T21:50:00Z,0.331,0.413,-67.32036,45.94353,NORMAL,2026-09-29T052155Z
01AK001,SHOGOMOC STREAM NEAR TRANS CANADA HIGHWAY,2026-08-31T21:55:00Z,0.332,0.417,-67.32036,45.94353,NORMAL,2026-09-29T052155Z
01AK001,SHOGOMOC STREAM NEAR TRANS CANADA HIGHWAY,2026-08-31T22:00:00Z,0.331,0.413,-67.32036,45.94353,NORMAL,2026-09-29T052155Z
01AK001,SHOGOMOC STREAM NEAR TRANS CANADA HIGHWAY,2026-08-31T22:05:00Z,0.332,0.417,-67.32036,45.94353,NORMAL,2026-09-29T052155Z
01AK001,SHOGOMOC STREAM NEAR TRANS CANADA HIGHWAY,2026-08-31T22:10:00Z,0.331,0.413,-67.32036,45.94353,NORMAL,2026-09-29T052155Z
01AK001,SHOGOMOC STREAM NEAR TRANS CANADA HIGHWAY,2026-08-31T22:15:00Z,0.331,0.413,-67.32036,45.94353,NORMAL,2026-09-29T052155Z
01AK001,SHOGOMOC STREAM NEAR TRANS CANADA HIGHWAY,2026-08-31T22:20:00Z,0.331,0.413,-67.32036,45.94353,NORMAL,2026-09-29T052155Z
01AK001,SHOGOMOC STREAM NEAR TRANS CANADA HIGHWAY,2026-08-31T22:25:00Z,0.331,0.413,-67.32036,45.94353,NORMAL,2026-09-29T052155Z
01AK001,SHOGOMOC STREAM NEAR TRANS CANADA HIGHWAY,2026-08-31T22:30:00Z,0.331,0.413,-67.32036,45.94353,NORMAL,2026-09-29T052155Z
01AK001,SHOGOMOC STREAM NEAR TRANS CANADA HIGHWAY,2026-08-31T22:35:00Z,0.331,0.413,-67.32036,45.94353,NORMAL,2026-09-29T052155Z
01AK001,SHOGOMOC STREAM NEAR TRANS CANADA HIGHWAY,2026-08-31T22:40:00Z,0.331,0.413,-67.32036,45.94353,NORMAL,2026-09-29T052155Z
01AK001,SHOGOMOC STREAM NEAR TRANS CANADA HIGHWAY,2026-08-31T22:45:00Z,0.331,0.413,-67.32036,45.94353,NORMAL,2026-09-29T052155Z
01AK001,SHOGOMOC STREAM NEAR TRANS CANADA HIGHWAY,2026-08-31T22:50:00Z,0.331,0.413,-67.32036,45.94353,NORMAL,2026-09-29T052155Z
01AK001,SHOGOMOC STREAM NEAR TRANS CANADA HIGHWAY,2026-08-31T22:55:00Z,0.331,0.413,-67.32036,45.94353,NORMAL,2026-09-29T052155Z
01AK001,SHOGOMOC STREAM NEAR TRANS CANADA HIGHWAY,2026-08-31T23:00:00Z,0.33,0.409,-67.32036,45.94353,NORMAL,2026-09-29T052155Z
01AK001,SHOGOMOC STREAM NEAR TRANS CANADA HIGHWAY,2026-08-31T23:05:00Z,0.33,0.409,-67.32036,45.94353,NORMAL,2026-09-29T052155Z
01AK001,SHOGOMOC STREAM NEAR TRANS CANADA HIGHWAY,2026-08-31T23:10:00Z,0.331,0.413,-67.32036,45.94353,NORMAL,2026-09-29T052155Z
01AK001,SHOGOMOC STREAM NEAR TRANS CANADA HIGHWAY,2026-08-31T23:15:00Z,0.331,0.413,-67.32036,45.94353,NORMAL,2026-09-29T052155Z
01AK001,SHOGOMOC STREAM NEAR TRANS CANADA HIGHWAY,2026-08-31T23:20:00Z,0.331,0.413,-67.32036,45.94353,NORMAL,2026-09-29T052155Z
01AK001,SHOGOMOC STREAM NEAR TRANS CANADA HIGHWAY,2026-08-31T23:25:00Z,0.33,0.409,-67.32036,45.94353,NORMAL,2026-09-29T052155Z
01AK001,SHOGOMOC STREAM NEAR TRANS CANADA HIGHWAY,2026-08-31T23:30:00Z,0.33,0.409,-67.32036,45.94353,NORMAL,2026-09-29T052155Z
01AK001,SHOGOMOC STREAM NEAR TRANS CANADA HIGHWAY,2026-08-31T20:35:00Z,0.333,0.421,-67.32036,45.94353,NORMAL,2026-09-29T052155Z
01AK001,SHOGOMOC STREAM NEAR TRANS CANADA HIGHWAY,2026-08-31T20:40:00Z,0.332,0.417,-67.32036,45.94353,NORMAL,2026-09-29T052155Z
01AK001,SHOGOMOC STREAM NEAR TRANS CANADA HIGHWAY,2026-08-31T20:45:00Z,0.332,0.417,-67.32036,45.94353,NORMAL,2026-09-29T052155Z
01AK001,SHOGOMOC STREAM NEAR TRANS CANADA HIGHWAY,2026-08-31T20:50:00Z,0.332,0.417,-67.32036,45.94353,NORMAL,2026-09-29T052155Z
01AK001,SHOGOMOC STREAM NEAR TRANS CANADA HIGHWAY,2026-08-31T20:55:00Z,0.332,0.417,-67.32036,45.94353,NORMAL,2026-09-29T052155Z
01AK001,SHOGOMOC STREAM NEAR TRANS CANADA HIGHWAY,2026-08-31T21:00:00Z,0.332,0.417,-67.32036,45.94353,NORMAL,2026-09-29T052155Z
01AK001,SHOGOMOC STREAM NEAR TRANS CANADA HIGHWAY,2026-08-31T21:05:00Z,0.332,0.417,-67.32036,45.94353,NORMAL,2026-09-29T052155Z
01AK001,SHOGOMOC STREAM NEAR TRANS CANADA HIGHWAY,2026-08-31T21:10:00Z,0.332,0.417,-67.32036,45.94353,NORMAL,2026-09-29T052155Z
01AK001,SHOGOMOC STREAM NEAR TRANS CANADA HIGHWAY,2026-08-31T21:15:00Z,0.332,0.417,-67.32036,45.94353,NORMAL,2026-09-29T052155Z
01AK001,SHOGOMOC STREAM NEAR TRANS CANADA HIGHWAY,2026-08-31T21:20:00Z,0.332,0.417,-67.32036,45.94353,NORMAL,2026-09-29T052155Z
01AK001,SHOGOMOC STREAM NEAR TRANS CANADA HIGHWAY,2026-08-31T21:25:00Z,0.331,0.413,-67.32036,45.94353,NORMAL,2026-09-29T052155Z
01AK001,SHOGOMOC STREAM NEAR TRANS CANADA HIGHWAY,2026-08-31T21:30:00Z,0.332,0.417,-67.32036,45.94353,NORMAL,2026-09-29T052155Z
01AK001,SHOGOMOC STREAM NEAR TRANS CANADA HIGHWAY,2026-08-31T19:35:00Z,0.333,0.421,-67.32036,45.94353,NORMAL,2026-09-29T052155Z
01AK001,SHOGOMOC STREAM NEAR TRANS CANADA HIGHWAY,2026-08-31T19:40:00Z,0.333,0.421,-67.32036,45.94353,NORMAL,2026-09-29T052155Z
01AK001,SHOGOMOC STREAM NEAR TRANS CANADA HIGHWAY,2026-08-31T19:45:00Z,0.333,0.421,-67.32036,45.94353,NORMAL,2026-09-29T052155Z
01AK001,SHOGOMOC STREAM NEAR TRANS CANADA HIGHWAY,2026-08-31T19:50:00Z,0.333,0.421,-67.32036,45.94353,NORMAL,2026-09-29T052155Z
01AK001,SHOGOMOC STREAM NEAR TRANS CANADA HIGHWAY,2026-08-31T19:55:00Z,0.333,0.421,-67.32036,45.94353,NORMAL,2026-09-29T052155Z
01AK001,SHOGOMOC STREAM NEAR TRANS CANADA HIGHWAY,2026-08-31T20:00:00Z,0.333,0.421,-67.32036,45.94353,NORMAL,2026-09-29T052155Z
01AK001,SHOGOMOC STREAM NEAR TRANS CANADA HIGHWAY,2026-08-31T20:05:00Z,0.333,0.421,-67.32036,45.94353,NORMAL,2026-09-29T052155Z
01AK001,SHOGOMOC STREAM NEAR TRANS CANADA HIGHWAY,2026-08-31T20:10:00Z,0.333,0.421,-67.32036,45.94353,NORMAL,2026-09-29T052155Z
01AK001,SHOGOMOC STREAM NEAR TRANS CANADA HIGHWAY,2026-08-31T20:15:00Z,0.333,0.421,-67.32036,45.94353,NORMAL,2026-09-29T052155Z
01AK001,SHOGOMOC STREAM NEAR TRANS CANADA HIGHWAY,2026-08-31T20:20:00Z,0.332,0.417,-67.32036,45.94353,NORMAL,2026-09-29T052155Z
01AK001,SHOGOMOC STREAM NEAR TRANS CANADA HIGHWAY,2026-08-31T20:25:00Z,0.333,0.421,-67.32036,45.94353,NORMAL,2026-09-29T052155Z
01AK001,SHOGOMOC STREAM NEAR TRANS CANADA HIGHWAY,2026-08-31T20:30:00Z,0.333,0.421,-67.32036,45.94353,NORMAL,2026-09-29T052155Z
01AK001,SHOGOMOC STREAM NEAR TRANS CANADA HIGHWAY,2026-08-31T23:35:00Z,0.33,0.409,-67.32036,45.94353,NORMAL,2026-09-29T052155Z
01AK001,SHOGOMOC STREAM NEAR TRANS CANADA HIGHWAY,2026-08-31T23:40:00Z,0.33,0.409,-67.32036,45.94353,NORMAL,2026-09-29T052155Z
01AK001,SHOGOMOC STREAM NEAR TRANS CANADA HIGHWAY,2026-08-31T23:45:00Z,0.33,0.409,-67.32036,45.94353,NORMAL,2026-09-29T052155Z
01AK001,SHOGOMOC STREAM NEAR TRANS CANADA HIGHWAY,2026-08-31T23:50:00Z,0.33,0.409,-67.32036,45.94353,NORMAL,2026-09-29T052155Z
01AK001,SHOGOMOC STREAM NEAR TRANS CANADA HIGHWAY,2026-08-31T23:55:00Z,0.331,0.413,-67.32036,45.94353,NORMAL,2026-09-29T052155Z
01AK001,SHOGOMOC STREAM NEAR TRANS CANADA HIGHWAY,2026-09-01T00:00:00Z,0.331,0.413,-67.32036,45.94353,NORMAL,2026-09-29T052155Z
01AK001,SHOGOMOC STREAM NEAR TRANS CANADA HIGHWAY,2026-09-01T00:05:00Z,0.33,0.409,-67.32036,45.94353,NORMAL,2026-09-29T052155Z
01AK001,SHOGOMOC STREAM NEAR TRANS CANADA HIGHWAY,2026-09-01T00:10:00Z,0.33,0.409,-67.32036,45.94353,NORMAL,2026-09-29T052155Z
01AK001,SHOGOMOC STREAM NEAR TRANS CANADA HIGHWAY,2026-09-01T00:15:00Z,0.33,0.409,-67.32036,45.94353,NORMAL,2026-09-29T052155Z
01AK001,SHOGOMOC STREAM NEAR TRANS CANADA HIGHWAY,2026-09-01T00:20:00Z,0.33,0.409,-67.32036,45.94353,NORMAL,2026-09-29T052155Z
01AK001,SHOGOMOC STREAM NEAR TRANS CANADA HIGHWAY,2026-09-01T00:25:00Z,0.33,0.409,-67.32036,45.94353,NORMAL,2026-09-29T052155Z
01AK001,SHOGOMOC STREAM NEAR TRANS CANADA HIGHWAY,2026-09-01T00:30:00Z,0.33,0.409,-67.32036,45.94353,NORMAL,2026-09-29T052155Z
01AK001,SHOGOMOC STREAM NEAR TRANS CANADA HIGHWAY,2026-09-01T00:35:00Z,0.33,0.409,-67.32036,45.94353,NORMAL,2026-09-29T052155Z
01AK001,SHOGOMOC STREAM NEAR TRANS CANADA HIGHWAY,2026-09-01T00:40:00Z,0.33,0.409,-67.32036,45.94353,NORMAL,2026-09-29T052155Z
01AK001,SHOGOMOC STREAM NEAR TRANS CANADA HIGHWAY,2026-09-01T00:45:00Z,0.331,0.413,-67.32036,45.94353,NORMAL,2026-09-29T052155Z
01AK001,SHOGOMOC STREAM NEAR TRANS CANADA HIGHWAY,2026-09-01T00:50:00Z,0.33,0.409,-67.32036,45.94353,NORMAL,2026-09-29T052155Z
01AK001,SHOGOMOC STREAM NEAR TRANS CANADA HIGHWAY,2026-09-01T00:55:00Z,0.331,0.413,-67.32036,45.94353,NORMAL,2026-09-29T052155Z
01AK001,SHOGOMOC STREAM NEAR TRANS CANADA HIGHWAY,2026-09-01T01:00:00Z,0.331,0.413,-67.32036,45.94353,NORMAL,2026-09-29T052155Z
01AK001,SHOGOMOC STREAM NEAR TRANS CANADA HIGHWAY,2026-09-01T01:05:00Z,0.331,0.413,-67.32036,45.94353,NORMAL,2026-09-29T052155Z
01AK001,SHOGOMOC STREAM NEAR TRANS CANADA HIGHWAY,2026-09-01T01:10:00Z,0.33,0.409,-67.32036,45.94353,NORMAL,2026-09-29T052155Z
01AK001,SHOGOMOC STREAM NEAR TRANS CANADA HIGHWAY,2026-09-01T01:15:00Z,0.331,0.413,-67.32036,45.94353,NORMAL,2026-09-29T052155Z
01AK001,SHOGOMOC STREAM NEAR TRANS CANADA HIGHWAY,2026-09-01T01:20:00Z,0.33,0.409,-67.32036,45.94353,NORMAL,2026-09-29T052155Z
01AK001,SHOGOMOC STREAM NEAR TRANS CANADA HIGHWAY,2026-09-01T01:25:00Z,0.33,0.409,-67.32036,45.94353,NORMAL,2026-09-29T052155Z
01AK001,SHOGOMOC STREAM NEAR TRANS CANADA HIGHWAY,2026-09-01T01:30:00Z,0.33,0.409,-67.32036,45.94353,NORMAL,2026-09-29T052155Z
01AK001,SHOGOMOC STREAM NEAR TRANS CANADA HIGHWAY,2026-09-01T01:35:00Z,0.33,0.409,-67.32036,45.94353,NORMAL,2026-09-29T052155Z
01AK001,SHOGOMOC STREAM NEAR TRANS CANADA HIGHWAY,2026-09-01T01:40:00Z,0.33,0.409,-67.32036,45.94353,NORMAL,2026-09-29T052155Z
01AK001,SHOGOMOC STREAM NEAR TRANS CANADA HIGHWAY,2026-09-01T01:45:00Z,0.329,0.405,-67.32036,45.94353,NORMAL,2026-09-29T052155Z
01AK001,SHOGOMOC STREAM NEAR TRANS CANADA HIGHWAY,2026-09-01T01:50:00Z,0.329,0.405,-67.32036,45.94353,NORMAL,2026-09-29T052155Z
01AK001,SHOGOMOC STREAM NEAR TRANS CANADA HIGHWAY,2026-09-01T01:55:00Z,0.33,0.409,-67.32036,45.94353,NORMAL,2026-09-29T052155Z
01AK001,SHOGOMOC STREAM NEAR TRANS CANADA HIGHWAY,2026-09-01T02:00:00Z,0.329,0.405,-67.32036,45.94353,NORMAL,2026-09-29T052155Z
01AK001,SHOGOMOC STREAM NEAR TRANS CANADA HIGHWAY,2026-09-01T02:05:00Z,0.33,0.409,-67.32036,45.94353,NORMAL,2026-09-29T052155Z
01AK001,SHOGOMOC STREAM NEAR TRANS CANADA HIGHWAY,2026-09-01T02:10:00Z,0.329,0.405,-67.32036,45.94353,NORMAL,2026-09-29T052155Z
01AK001,SHOGOMOC STREAM NEAR TRANS CANADA HIGHWAY,2026-09-01T02:15:00Z,0.33,0.409,-67.32036,45.94353,NORMAL,2026-09-29T052155Z
01AK001,SHOGOMOC STREAM NEAR TRANS CANADA HIGHWAY,2026-09-01T02:20:00Z,0.329,0.405,-67.32036,45.94353,NORMAL,2026-09-29T052155Z
01AK001,SHOGOMOC STREAM NEAR TRANS CANADA HIGHWAY,2026-09-01T02:25:00Z,0.329,0.405,-67.32036,45.94353,NORMAL,2026-09-29T052155Z
01AK001,SHOGOMOC STREAM NEAR TRANS CANADA HIGHWAY,2026-09-01T02:30:00Z,0.33,0.409,-67.32036,45.94353,NORMAL,2026-09-29T052155Z
01AK001,SHOGOMOC STREAM NEAR TRANS CANADA HIGHWAY,2026-09-01T02:35:00Z,0.329,0.405,-67.32036,45.94353,NORMAL,2026-09-29T052155Z
01AK001,SHOGOMOC STREAM NEAR TRANS CANADA HIGHWAY,2026-09-01T02:40:00Z,0.329,0.405,-67.32036,45.94353,NORMAL,2026-09-29T052155Z
01AK001,SHOGOMOC STREAM NEAR TRANS CANADA HIGHWAY,2026-09-01T02:45:00Z,0.329,0.405,-67.32036,45.94353,NORMAL,2026-09-29T052155Z
01AK001,SHOGOMOC STREAM NEAR TRANS CANADA HIGHWAY,2026-09-01T02:50:00Z,0.329,0.405,-67.32036,45.94353,NORMAL,2026-09-29T052155Z
01AK001,SHOGOMOC STREAM NEAR TRANS CANADA HIGHWAY,2026-09-01T02:55:00Z,0.328,0.401,-67.32036,45.94353,NORMAL,2026-09-29T052155Z
01AK001,SHOGOMOC STREAM NEAR TRANS CANADA HIGHWAY,2026-09-01T03:00:00Z,0.328,0.401,-67.32036,45.94353,NORMAL,2026-09-29T052155Z
01AK001,SHOGOMOC STREAM NEAR TRANS CANADA HIGHWAY,2026-09-01T03:05:00Z,0.328,0.401,-67.32036,45.94353,NORMAL,2026-09-29T052155Z
01AK001,SHOGOMOC STREAM NEAR TRANS CANADA HIGHWAY,2026-09-01T03:10:00Z,0.33,0.409,-67.32036,45.94353,NORMAL,2026-09-29T052155Z
01AK001,SHOGOMOC STREAM NEAR TRANS CANADA HIGHWAY,2026-09-01T03:15:00Z,0.33,0.409,-67.32036,45.94353,NORMAL,2026-09-29T052155Z
01AK001,SHOGOMOC STREAM NEAR TRANS CANADA HIGHWAY,2026-09-01T03:20:00Z,0.33,0.409,-67.32036,45.94353,NORMAL,2026-09-29T052155Z
01AK001,SHOGOMOC STREAM NEAR TRANS CANADA HIGHWAY,2026-09-01T03:25:00Z,0.328,0.401,-67.32036,45.94353,NORMAL,2026-09-29T052155Z
01AK001,SHOGOMOC STREAM NEAR TRANS CANADA HIGHWAY,2026-09-01T03:30:00Z,0.329,0.405,-67.32036,45.94353,NORMAL,2026-09-29T052155Z
01AK001,SHOGOMOC STREAM NEAR TRANS CANADA HIGHWAY,2026-09-01T03:35:00Z,0.328,0.401,-67.32036,45.94353,NORMAL,2026-09-29T052155Z
01AK001,SHOGOMOC STREAM NEAR TRANS CANADA HIGHWAY,2026-09-01T03:40:00Z,0.329,0.405,-67.32036,45.94353,NORMAL,2026-09-29T052155Z
01AK001,SHOGOMOC STREAM NEAR TRANS CANADA HIGHWAY,2026-09-01T03:45:00Z,0.328,0.401,-67.32036,45.94353,NORMAL,2026-09-29T052155Z
01AK001,SHOGOMOC STREAM NEAR TRANS CANADA HIGHWAY,2026-09-01T03:50:00Z,0.329,0.405,-67.32036,45.94353,NORMAL,2026-09-29T052155Z
01AK001,SHOGOMOC STREAM NEAR TRANS CANADA HIGHWAY,2026-09-01T03:55:00Z,0.327,0.397,-67.32036,45.94353,NORMAL,2026-09-29T052155Z
01AK001,SHOGOMOC STREAM NEAR TRANS CANADA HIGHWAY,2026-09-01T04:00:00Z,0.327,0.397,-67.32036,45.94353,NORMAL,2026-09-29T052155Z
01AK001,SHOGOMOC STREAM NEAR TRANS CANADA HIGHWAY,2026-09-01T04:05:00Z,0.328,0.401,-67.32036,45.94353,NORMAL,2026-09-29T052155Z
01AK001,SHOGOMOC STREAM NEAR TRANS CANADA HIGHWAY,2026-09-01T04:10:00Z,0.328,0.401,-67.32036,45.94353,NORMAL,2026-09-29T052155Z
01AK001,SHOGOMOC STREAM NEAR TRANS CANADA HIGHWAY,2026-09-01T04:15:00Z,0.329,0.405,-67.32036,45.94353,NORMAL,2026-09-29T052155Z
01AK001,SHOGOMOC STREAM NEAR TRANS CANADA HIGHWAY,2026-09-01T04:20:00Z,0.329,0.405,-67.32036,45.94353,NORMAL,2026-09-29T052155Z
01AK001,SHOGOMOC STREAM NEAR TRANS CANADA HIGHWAY,2026-09-01T04:25:00Z,0.329,0.405,-67.32036,45.94353,NORMAL,2026-09-29T052155Z
01AK001,SHOGOMOC STREAM NEAR TRANS CANADA HIGHWAY,2026-09-01T04:30:00Z,0.328,0.401,-67.32036,45.94353,NORMAL,2026-09-29T052155Z
01AK001,SHOGOMOC STREAM NEAR TRANS CANADA HIGHWAY,2026-09-01T04:35:00Z,0.327,0.397,-67.32036,45.94353,NORMAL,2026-09-29T052155Z
01AK001,SHOGOMOC STREAM NEAR TRANS CANADA HIGHWAY,2026-09-01T04:40:00Z,0.327,0.397,-67.32036,45.94353,NORMAL,2026-09-29T052155Z
01AK001,SHOGOMOC STREAM NEAR TRANS CANADA HIGHWAY,2026-09-01T04:45:00Z,0.328,0.401,-67.32036,45.94353,NORMAL,2026-09-29T052155Z
01AK001,SHOGOMOC STREAM NEAR TRANS CANADA HIGHWAY,2026-09-01T04:50:00Z,0.328,0.401,-67.32036,45.94353,NORMAL,2026-09-29T052155Z
01AK001,SHOGOMOC STREAM NEAR TRANS CANADA HIGHWAY,2026-09-01T04:55:00Z,0.326,0.393,-67.32036,45.94353,NORMAL,2026-09-29T052155Z
01AK001,SHOGOMOC STREAM NEAR TRANS CANADA HIGHWAY,2026-09-01T05:00:00Z,0.326,0.393,-67.32036,45.94353,NORMAL,2026-09-29T052155Z
01AK001,SHOGOMOC STREAM NEAR TRANS CANADA HIGHWAY,2026-09-01T05:05:00Z,0.326,0.393,-67.32036,45.94353,NORMAL,2026-09-29T052155Z
01AK001,SHOGOMOC STREAM NEAR TRANS CANADA HIGHWAY,2026-09-01T05:10:00Z,0.326,0.393,-67.32036,45.94353,NORMAL,2026-09-29T052155Z
01AK001,SHOGOMOC STREAM NEAR TRANS CANADA HIGHWAY,2026-09-01T05:15:00Z,0.326,0.393,-67.32036,45.94353,NORMAL,2026-09-29T052155Z
01AK001,SHOGOMOC STREAM NEAR TRANS CANADA HIGHWAY,2026-09-01T05:20:00Z,0.328,0.401,-67.32036,45.94353,NORMAL,2026-09-29T052155Z
01AK001,SHOGOMOC STREAM NEAR TRANS CANADA HIGHWAY,2026-09-01T05:25:00Z,0.328,0.401,-67.32036,45.94353,NORMAL,2026-09-29T052155Z
01AK001,SHOGOMOC STREAM NEAR TRANS CANADA HIGHWAY,2026-09-01T05:30:00Z,0.328,0.401,-67.32036,45.94353,NORMAL,2026-09-29T052155Z
01AK001,SHOGOMOC STREAM NEAR TRANS CANADA HIGHWAY,2026-09-01T05:35:00Z,0.326,0.393,-67.32036,45.94353,NORMAL,2026-09-29T052155Z
01AK001,SHOGOMOC STREAM NEAR TRANS CANADA HIGHWAY,2026-09-01T05:40:00Z,0.326,0.393,-67.32036,45.94353,NORMAL,2026-09-29T052155Z
01AK001,SHOGOMOC STREAM NEAR TRANS CANADA HIGHWAY,2026-09-01T05:45:00Z,0.326,0.393,-67.32036,45.94353,NORMAL,2026-09-29T052155Z
01AK001,SHOGOMOC STREAM NEAR TRANS CANADA HIGHWAY,2026-09-01T05:50:00Z,0.327,0.397,-67.32036,45.94353,NORMAL,2026-09-29T052155Z
01AK001,SHOGOMOC STREAM NEAR TRANS CANADA HIGHWAY,2026-09-01T05:55:00Z,0.326,0.393,-67.32036,45.94353,NORMAL,2026-09-29T052155Z
01AK001,SHOGOMOC STREAM NEAR TRANS CANADA HIGHWAY,2026-09-01T06:00:00Z,0.327,0.397,-67.32036,45.94353,NORMAL,2026-09-29T052155Z
01AK001,SHOGOMOC STREAM NEAR TRANS CANADA HIGHWAY,2026-09-01T06:05:00Z,0.326,0.393,-67.32036,45.94353,NORMAL,2026-09-29T052155Z
01AK001,SHOGOMOC STREAM NEAR TRANS CANADA HIGHWAY,2026-09-01T06:10:00Z,0.327,0.397,-67.32036,45.94353,NORMAL,2026-09-29T052155Z
01AK001,SHOGOMOC STREAM NEAR TRANS CANADA HIGHWAY,2026-09-01T06:15:00Z,0.325,0.389,-67.32036,45.94353,NORMAL,2026-09-29T052155Z
01AK001,SHOGOMOC STREAM NEAR TRANS CANADA HIGHWAY,2026-09-01T06:20:00Z,0.325,0.389,-67.32036,45.94353,NORMAL,2026-09-29T052155Z
01AK001,SHOGOMOC STREAM NEAR TRANS CANADA HIGHWAY,2026-09-01T06:25:00Z,0.326,0.393,-67.32036,45.94353,NORMAL,2026-09-29T052155Z
01AK001,SHOGOMOC STREAM NEAR TRANS CANADA HIGHWAY,2026-09-01T06:30:00Z,0.327,0.397,-67.32036,45.94353,NORMAL,2026-09-29T052155Z
01AK001,SHOGOMOC STREAM NEAR TRANS CANADA HIGHWAY,2026-09-01T06:35:00Z,0.325,0.389,-67.32036,45.94353,NORMAL,2026-09-29T052155Z
01AK001,SHOGOMOC STREAM NEAR TRANS CANADA HIGHWAY,2026-09-01T06:40:00Z,0.325,0.389,-67.32036,45.94353,NORMAL,2026-09-29T052155Z
01AK001,SHOGOMOC STREAM NEAR TRANS CANADA HIGHWAY,2026-09-01T06:45:00Z,0.325,0.389,-67.32036,45.94353,NORMAL,2026-09-29T052155Z
01AK001,SHOGOMOC STREAM NEAR TRANS CANADA HIGHWAY,2026-09-01T06:50:00Z,0.325,0.389,-67.32036,45.94353,NORMAL,2026-09-29T052155Z
01AK001,SHOGOMOC STREAM NEAR TRANS CANADA HIGHWAY,2026-09-01T06:55:00Z,0.325,0.389,-67.32036,45.94353,NORMAL,2026-09-29T052155Z
01AK001,SHOGOMOC STREAM NEAR TRANS CANADA HIGHWAY,2026-09-01T07:00:00Z,0.326,0.393,-67.32036,45.94353,NORMAL,2026-09-29T052155Z
01AK001,SHOGOMOC STREAM NEAR TRANS CANADA HIGHWAY,2026-09-01T07:05:00Z,0.325,0.389,-67.32036,45.94353,NORMAL,2026-09-29T052155Z
01AK001,SHOGOMOC STREAM NEAR TRANS CANADA HIGHWAY,2026-09-01T07:10:00Z,0.325,0.389,-67.32036,45.94353,NORMAL,2026-09-29T052155Z
01AK001,SHOGOMOC STREAM NEAR TRANS CANADA HIGHWAY,2026-09-01T07:15:00Z,0.326,0.393,-67.32036,45.94353,NORMAL,2026-09-29T052155Z
01AK001,SHOGOMOC STREAM NEAR TRANS CANADA HIGHWAY,2026-09-01T07:20:00Z,0.325,0.389,-67.32036,45.94353,NORMAL,2026-09-29T052155Z
01AK001,SHOGOMOC STREAM NEAR TRANS CANADA HIGHWAY,2026-09-01T07:25:00Z,0.326,0.393,-67.32036,45.94353,NORMAL,2026-09-29T052155Z
01AK001,SHOGOMOC STREAM NEAR TRANS CANADA HIGHWAY,2026-09-01T07:30:00Z,0.324,0.385,-67.32036,45.94353,NORMAL,2026-09-29T052155Z
01AK001,SHOGOMOC STREAM NEAR TRANS CANADA HIGHWAY,2026-09-01T07:35:00Z,0.326,0.393,-67.32036,45.94353,NORMAL,2026-09-29T052155Z
01AK001,SHOGOMOC STREAM NEAR TRANS CANADA HIGHWAY,2026-09-01T07:40:00Z,0.324,0.385,-67.32036,45.94353,NORMAL,2026-09-29T052155Z
01AK001,SHOGOMOC STREAM NEAR TRANS CANADA HIGHWAY,2026-09-01T07:45:00Z,0.324,0.385,-67.32036,45.94353,NORMAL,2026-09-29T052155Z
01AK001,SHOGOMOC STREAM NEAR TRANS CANADA HIGHWAY,2026-09-01T07:50:00Z,0.325,0.389,-67.32036,45.94353,NORMAL,2026-09-29T052155Z
01AK001,SHOGOMOC STREAM NEAR TRANS CANADA HIGHWAY,2026-09-01T07:55:00Z,0.326,0.393,-67.32036,45.94353,NORMAL,2026-09-29T052155Z
01AK001,SHOGOMOC STREAM NEAR TRANS CANADA HIGHWAY,2026-09-01T08:00:00Z,0.326,0.393,-67.32036,45.94353,NORMAL,2026-09-29T052155Z
01AK001,SHOGOMOC STREAM NEAR TRANS CANADA HIGHWAY,2026-09-01T08:05:00Z,0.326,0.393,-67.32036,45.94353,NORMAL,2026-09-29T052155Z
01AK001,SHOGOMOC STREAM NEAR TRANS CANADA HIGHWAY,2026-09-01T08:10:00Z,0.326,0.393,-67.32036,45.94353,NORMAL,2026-09-29T052155Z
01AK001,SHOGOMOC STREAM NEAR TRANS CANADA HIGHWAY,2026-09-01T08:15:00Z,0.326,0.393,-67.32036,45.94353,NORMAL,2026-09-29T052155Z
01AK001,SHOGOMOC STREAM NEAR TRANS CANADA HIGHWAY,2026-09-01T08:20:00Z,0.325,0.389,-67.32036,45.94353,NORMAL,2026-09-29T052155Z
01AK001,SHOGOMOC STREAM NEAR TRANS CANADA HIGHWAY,2026-09-01T08:25:00Z,0.325,0.389,-67.32036,45.94353,NORMAL,2026-09-29T052155Z
01AK001,SHOGOMOC STREAM NEAR TRANS CANADA HIGHWAY,2026-09-01T08:30:00Z,0.325,0.389,-67.32036,45.94353,NORMAL,2026-09-29T052155Z
01AK001,SHOGOMOC STREAM NEAR TRANS CANADA HIGHWAY,2026-09-01T08:35:00Z,0.324,0.385,-67.32036,45.94353,NORMAL,2026-09-29T052155Z
01AK001,SHOGOMOC STREAM NEAR TRANS CANADA HIGHWAY,2026-09-01T08:40:00Z,0.325,0.389,-67.32036,45.94353,NORMAL,2026-09-29T052155Z
01AK001,SHOGOMOC STREAM NEAR TRANS CANADA HIGHWAY,2026-09-01T08:45:00Z,0.324,0.385,-67.32036,45.94353,NORMAL,2026-09-29T052155Z
01AK001,SHOGOMOC STREAM NEAR TRANS CANADA HIGHWAY,2026-09-01T08:50:00Z,0.324,0.385,-67.32036,45.94353,NORMAL,2026-09-29T052155Z
01AK001,SHOGOMOC STREAM NEAR TRANS CANADA HIGHWAY,2026-09-01T08:55:00Z,0.324,0.385,-67.32036,45.94353,NORMAL,2026-09-29T052155Z
01AK001,SHOGOMOC STREAM NEAR TRANS CANADA HIGHWAY,2026-09-01T09:00:00Z,0.325,0.389,-67.32036,45.94353,NORMAL,2026-09-29T052155Z
01AK001,SHOGOMOC STREAM NEAR TRANS CANADA HIGHWAY,2026-09-01T09:05:00Z,0.325,0.389,-67.32036,45.94353,NORMAL,2026-09-29T052155Z
01AK001,SHOGOMOC STREAM NEAR TRANS CANADA HIGHWAY,2026-09-01T09:10:00Z,0.324,0.385,-67.32036,45.94353,NORMAL,2026-09-29T052155Z
01AK001,SHOGOMOC STREAM NEAR TRANS CANADA HIGHWAY,2026-09-01T09:15:00Z,0.324,0.385,-67.32036,45.94353,NORMAL,2026-09-29T052155Z
01AK001,SHOGOMOC STREAM NEAR TRANS CANADA HIGHWAY,2026-09-01T09:20:00Z,0.325,0.389,-67.32036,45.94353,NORMAL,2026-09-29T052155Z
01AK001,SHOGOMOC STREAM NEAR TRANS CANADA HIGHWAY,2026-09-01T09:25:00Z,0.324,0.385,-67.32036,45.94353,NORMAL,2026-09-29T052155Z
01AK001,SHOGOMOC STREAM NEAR TRANS CANADA HIGHWAY,2026-09-01T09:30:00Z,0.325,0.389,-67.32036,45.94353,NORMAL,2026-09-29T052155Z
01AK001,SHOGOMOC STREAM NEAR TRANS CANADA HIGHWAY,2026-09-01T09:35:00Z,0.323,0.381,-67.32036,45.94353,NORMAL,2026-09-29T052155Z
01AK001,SHOGOMOC STREAM NEAR TRANS CANADA HIGHWAY,2026-09-01T09:40:00Z,0.324,0.385,-67.32036,45.94353,NORMAL,2026-09-29T052155Z
01AK001,SHOGOMOC STREAM NEAR TRANS CANADA HIGHWAY,2026-09-01T09:45:00Z,0.325,0.389,-67.32036,45.94353,NORMAL,2026-09-29T052155Z
01AK001,SHOGOMOC STREAM NEAR TRANS CANADA HIGHWAY,2026-09-01T09:50:00Z,0.323,0.381,-67.32036,45.94353,NORMAL,2026-09-29T052155Z
01AK001,SHOGOMOC STREAM NEAR TRANS CANADA HIGHWAY,2026-09-01T09:55:00Z,0.324,0.385,-67.32036,45.94353,NORMAL,2026-09-29T052155Z
01AK001,SHOGOMOC STREAM NEAR TRANS CANADA HIGHWAY,2026-09-01T10:00:00Z,0.324,0.385,-67.32036,45.94353,NORMAL,2026-09-29T052155Z
01AK001,SHOGOMOC STREAM NEAR TRANS CANADA HIGHWAY,2026-09-01T10:05:00Z,0.324,0.385,-67.32036,45.94353,NORMAL,2026-09-29T052155Z
01AK001,SHOGOMOC STREAM NEAR TRANS CANADA HIGHWAY,2026-09-01T10:10:00Z,0.324,0.385,-67.32036,45.94353,NORMAL,2026-09-29T052155Z
01AK001,SHOGOMOC STREAM NEAR TRANS CANADA HIGHWAY,2026-09-01T10:15:00Z,0.323,0.381,-67.32036,45.94353,NORMAL,2026-09-29T052155Z
01AK001,SHOGOMOC STREAM NEAR TRANS CANADA HIGHWAY,2026-09-01T10:20:00Z,0.324,0.385,-67.32036,45.94353,NORMAL,2026-09-29T052155Z
01AK001,SHOGOMOC STREAM NEAR TRANS CANADA HIGHWAY,2026-09-01T10:25:00Z,0.324,0.385,-67.32036,45.94353,NORMAL,2026-09-29T052155Z
01AK001,SHOGOMOC STREAM NEAR TRANS CANADA HIGHWAY,2026-09-01T10:30:00Z,0.324,0.385,-67.32036,45.94353,NORMAL,2026-09-29T052155Z
01AK001,SHOGOMOC STREAM NEAR TRANS CANADA HIGHWAY,2026-09-01T10:35:00Z,0.323,0.381,-67.32036,45.94353,NORMAL,2026-09-29T052155Z
01AK001,SHOGOMOC STREAM NEAR TRANS CANADA HIGHWAY,2026-09-01T10:40:00Z,0.324,0.385,-67.32036,45.94353,NORMAL,2026-09-29T052155Z
01AK001,SHOGOMOC STREAM NEAR TRANS CANADA HIGHWAY,2026-09-01T10:45:00Z,0.323,0.381,-67.32036,45.94353,NORMAL,2026-09-29T052155Z
01AK001,SHOGOMOC STREAM NEAR TRANS CANADA HIGHWAY,2026-09-01T10:50:00Z,0.324,0.385,-67.32036,45.94353,NORMAL,2026-09-29T052155Z
01AK001,SHOGOMOC STREAM NEAR TRANS CANADA HIGHWAY,2026-09-01T10:55:00Z,0.324,0.385,-67.32036,45.94353,NORMAL,2026-09-29T052155Z
01AK001,SHOGOMOC STREAM NEAR TRANS CANADA HIGHWAY,2026-09-01T11:00:00Z,0.323,0.381,-67.32036,45.94353,NORMAL,2026-09-29T052155Z
01AK001,SHOGOMOC STREAM NEAR TRANS CANADA HIGHWAY,2026-09-01T11:05:00Z,0.324,0.385,-67.32036,45.94353,NORMAL,2026-09-29T052155Z
01AK001,SHOGOMOC STREAM NEAR TRANS CANADA HIGHWAY,2026-09-01T11:10:00Z,0.323,0.381,-67.32036,45.94353,NORMAL,2026-09-29T052155Z
01AK001,SHOGOMOC STREAM NEAR TRANS CANADA HIGHWAY,2026-09-01T11:15:00Z,0.324,0.385,-67.32036,45.94353,NORMAL,2026-09-29T052155Z
01AK001,SHOGOMOC STREAM NEAR TRANS CANADA HIGHWAY,2026-09-01T11:20:00Z,0.324,0.385,-67.32036,45.94353,NORMAL,2026-09-29T052155Z
01AK001,SHOGOMOC STREAM NEAR TRANS CANADA HIGHWAY,2026-09-01T11:25:00Z,0.323,0.381,-67.32036,45.94353,NORMAL,2026-09-29T052155Z
01AK001,SHOGOMOC STREAM NEAR TRANS CANADA HIGHWAY,2026-09-01T11:30:00Z,0.324,0.385,-67.32036,45.94353,NORMAL,2026-09-29T052155Z
01AK001,SHOGOMOC STREAM NEAR TRANS CANADA HIGHWAY,2026-09-01T11:35:00Z,0.324,0.385,-67.32036,45.94353,NORMAL,2026-09-29T052155Z
01AK001,SHOGOMOC STREAM NEAR TRANS CANADA HIGHWAY,2026-09-01T11:40:00Z,0.324,0.385,-67.32036,45.94353,NORMAL,2026-09-29T052155Z
01AK001,SHOGOMOC STREAM NEAR TRANS CANADA HIGHWAY,2026-09-01T11:45:00Z,0.324,0.385,-67.32036,45.94353,NORMAL,2026-09-29T052155Z
01AK001,SHOGOMOC STREAM NEAR TRANS CANADA HIGHWAY,2026-09-01T11:50:00Z,0.323,0.381,-67.32036,45.94353,NORMAL,2026-09-29T052155Z
01AK001,SHOGOMOC STREAM NEAR TRANS CANADA HIGHWAY,2026-09-01T11:55:00Z,0.324,0.385,-67.32036,45.94353,NORMAL,2026-09-29T052155Z
01AK001,SHOGOMOC STREAM NEAR TRANS CANADA HIGHWAY,2026-09-01T12:00:00Z,0.324,0.385,-67.32036,45.94353,NORMAL,2026-09-29T052155Z
01AK001,SHOGOMOC STREAM NEAR TRANS CANADA HIGHWAY,2026-09-01T12:05:00Z,0.324,0.385,-67.32036,45.94353,NORMAL,2026-09-29T052155Z
01AK001,SHOGOMOC STREAM NEAR TRANS CANADA HIGHWAY,2026-09-01T12:10:00Z,0.323,0.381,-67.32036,45.94353,NORMAL,2026-09-29T052155Z
01AK001,SHOGOMOC STREAM NEAR TRANS CANADA HIGHWAY,2026-09-01T12:15:00Z,0.324,0.385,-67.32036,45.94353,NORMAL,2026-09-29T052155Z
01AK001,SHOGOMOC STREAM NEAR TRANS CANADA HIGHWAY,2026-09-01T12:20:00Z,0.323,0.381,-67.32036,45.94353,NORMAL,2026-09-29T052155Z
01AK001,SHOGOMOC STREAM NEAR TRANS CANADA HIGHWAY,2026-09-01T12:25:00Z,0.323,0.381,-67.32036,45.94353,NORMAL,2026-09-29T052155Z
01AK001,SHOGOMOC STREAM NEAR TRANS CANADA HIGHWAY,2026-09-01T12:30:00Z,0.323,0.381,-67.32036,45.94353,NORMAL,2026-09-29T052155Z
01AK001,SHOGOMOC STREAM NEAR TRANS CANADA HIGHWAY,2026-09-01T12:35:00Z,0.324,0.385,-67.32036,45.94353,NORMAL,2026-09-29T052155Z
01AK001,SHOGOMOC STREAM NEAR TRANS CANADA HIGHWAY,2026-09-01T12:40:00Z,0.324,0.385,-67.32036,45.94353,NORMAL,2026-09-29T052155Z
01AK001,SHOGOMOC STREAM NEAR TRANS CANADA HIGHWAY,2026-09-01T12:45:00Z,0.324,0.385,-67.32036,45.94353,NORMAL,2026-09-29T052155Z
01AK001,SHOGOMOC STREAM NEAR TRANS CANADA HIGHWAY,2026-09-01T12:50:00Z,0.322,0.377,-67.32036,45.94353,NORMAL,2026-09-29T052155Z
01AK001,SHOGOMOC STREAM NEAR TRANS CANADA HIGHWAY,2026-09-01T12:55:00Z,0.322,0.377,-67.32036,45.94353,NORMAL,2026-09-29T052155Z
01AK001,SHOGOMOC STREAM NEAR TRANS CANADA HIGHWAY,2026-09-01T13:00:00Z,0.322,0.377,-67.32036,45.94353,NORMAL,2026-09-29T052155Z
01AK001,SHOGOMOC STREAM NEAR TRANS CANADA HIGHWAY,2026-09-01T13:05:00Z,0.322,0.377,-67.32036,45.94353,NORMAL,2026-09-29T052155Z
01AK001,SHOGOMOC STREAM NEAR TRANS CANADA HIGHWAY,2026-09-01T13:10:00Z,0.322,0.377,-67.32036,45.94353,NORMAL,2026-09-29T052155Z
01AK001,SHOGOMOC STREAM NEAR TRANS CANADA HIGHWAY,2026-09-01T13:15:00Z,0.324,0.385,-67.32036,45.94353,NORMAL,2026-09-29T052155Z
01AK001,SHOGOMOC STREAM NEAR TRANS CANADA HIGHWAY,2026-09-01T13:20:00Z,0.324,0.385,-67.32036,45.94353,NORMAL,2026-09-29T052155Z
01AK001,SHOGOMOC STREAM NEAR TRANS CANADA HIGHWAY,2026-09-01T13:25:00Z,0.323,0.381,-67.32036,45.94353,NORMAL,2026-09-29T052155Z
01AK001,SHOGOMOC STREAM NEAR TRANS CANADA HIGHWAY,2026-09-01T13:30:00Z,0.324,0.385,-67.32036,45.94353,NORMAL,2026-09-29T052155Z
01AK001,SHOGOMOC STREAM NEAR TRANS CANADA HIGHWAY,2026-09-01T13:35:00Z,0.325,0.389,-67.32036,45.94353,NORMAL,2026-09-29T052155Z
01AK001,SHOGOMOC STREAM NEAR TRANS CANADA HIGHWAY,2026-09-01T13:40:00Z,0.324,0.385,-67.32036,45.94353,NORMAL,2026-09-29T052155Z
01AK001,SHOGOMOC STREAM NEAR TRANS CANADA HIGHWAY,2026-09-01T13:45:00Z,0.324,0.385,-67.32036,45.94353,NORMAL,2026-09-29T052155Z
01AK001,SHOGOMOC STREAM NEAR TRANS CANADA HIGHWAY,2026-09-01T13:50:00Z,0.324,0.385,-67.32036,45.94353,NORMAL,2026-09-29T052155Z
01AK001,SHOGOMOC STREAM NEAR TRANS CANADA HIGHWAY,2026-09-01T13:55:00Z,0.325,0.389,-67.32036,45.94353,NORMAL,2026-09-29T052155Z
01AK001,SHOGOMOC STREAM NEAR TRANS CANADA HIGHWAY,2026-09-01T14:00:00Z,0.324,0.385,-67.32036,45.94353,NORMAL,2026-09-29T052155Z
01AK001,SHOGOMOC STREAM NEAR TRANS CANADA HIGHWAY,2026-09-01T14:05:00Z,0.325,0.389,-67.32036,45.94353,NORMAL,2026-09-29T052155Z
01AK001,SHOGOMOC STREAM NEAR TRANS CANADA HIGHWAY,2026-09-01T14:10:00Z,0.325,0.389,-67.32036,45.94353,NORMAL,2026-09-29T052155Z
01AK001,SHOGOMOC STREAM NEAR TRANS CANADA HIGHWAY,2026-09-01T14:15:00Z,0.325,0.389,-67.32036,45.94353,NORMAL,2026-09-29T052155Z
01AK001,SHOGOMOC STREAM NEAR TRANS CANADA HIGHWAY,2026-09-01T14:20:00Z,0.323,0.381,-67.32036,45.94353,NORMAL,2026-09-29T052155Z
01AK001,SHOGOMOC STREAM NEAR TRANS CANADA HIGHWAY,2026-09-01T14:25:00Z,0.323,0.381,-67.32036,45.94353,NORMAL,2026-09-29T052155Z
01AK001,SHOGOMOC STREAM NEAR TRANS CANADA HIGHWAY,2026-09-01T14:30:00Z,0.324,0.385,-67.32036,45.94353,NORMAL,2026-09-29T052155Z
01AK001,SHOGOMOC STREAM NEAR TRANS CANADA HIGHWAY,2026-09-01T14:35:00Z,0.324,0.385,-67.32036,45.94353,NORMAL,2026-09-29T052155Z
01AK001,SHOGOMOC STREAM NEAR TRANS CANADA HIGHWAY,2026-09-01T14:40:00Z,0.324,0.385,-67.32036,45.94353,NORMAL,2026-09-29T052155Z
01AK001,SHOGOMOC STREAM NEAR TRANS CANADA HIGHWAY,2026-09-01T14:45:00Z,0.323,0.381,-67.32036,45.94353,NORMAL,2026-09-29T052155Z
01AK001,SHOGOMOC STREAM NEAR TRANS CANADA HIGHWAY,2026-09-01T14:50:00Z,0.324,0.385,-67.32036,45.94353,NORMAL,2026-09-29T052155Z
01AK001,SHOGOMOC STREAM NEAR TRANS CANADA HIGHWAY,2026-09-01T14:55:00Z,0.323,0.381,-67.32036,45.94353,NORMAL,2026-09-29T052155Z
01AK001,SHOGOMOC STREAM NEAR TRANS CANADA HIGHWAY,2026-09-01T15:00:00Z,0.324,0.385,-67.32036,45.94353,NORMAL,2026-09-29T052155Z
01AK001,SHOGOMOC STREAM NEAR TRANS CANADA HIGHWAY,2026-09-01T15:05:00Z,0.323,0.381,-67.32036,45.94353,NORMAL,2026-09-29T052155Z
01AK001,SHOGOMOC STREAM NEAR TRANS CANADA HIGHWAY,2026-09-01T15:10:00Z,0.323,0.381,-67.32036,45.94353,NORMAL,2026-09-29T052155Z
01AK001,SHOGOMOC STREAM NEAR TRANS CANADA HIGHWAY,2026-09-01T15:15:00Z,0.324,0.385,-67.32036,45.94353,NORMAL,2026-09-29T052155Z
01AK001,SHOGOMOC STREAM NEAR TRANS CANADA HIGHWAY,2026-09-01T15:20:00Z,0.324,0.385,-67.32036,45.94353,NORMAL,2026-09-29T052155Z
01AK001,SHOGOMOC STREAM NEAR TRANS CANADA HIGHWAY,2026-09-01T15:25:00Z,0.323,0.381,-67.32036,45.94353,NORMAL,2026-09-29T052155Z
01AK001,SHOGOMOC STREAM NEAR TRANS CANADA HIGHWAY,2026-09-01T15:30:00Z,0.323,0.381,-67.32036,45.94353,NORMAL,2026-09-29T052155Z
01AK001,SHOGOMOC STREAM NEAR TRANS CANADA HIGHWAY,2026-09-01T15:35:00Z,0.323,0.381,-67.32036,45.94353,NORMAL,2026-09-29T052155Z
01AK001,SHOGOMOC STREAM NEAR TRANS CANADA HIGHWAY,2026-09-01T15:40:00Z,0.324,0.385,-67.32036,45.94353,NORMAL,2026-09-29T052155Z
01AK001,SHOGOMOC STREAM NEAR TRANS CANADA HIGHWAY,2026-09-01T15:45:00Z,0.325,0.389,-67.32036,45.94353,NORMAL,2026-09-29T052155Z
01AK001,SHOGOMOC STREAM NEAR TRANS CANADA HIGHWAY,2026-09-01T15:50:00Z,0.325,0.389,-67.32036,45.94353,NORMAL,2026-09-29T052155Z
01AK001,SHOGOMOC STREAM NEAR TRANS CANADA HIGHWAY,2026-09-01T15:55:00Z,0.324,0.385,-67.32036,45.94353,NORMAL,2026-09-29T052155Z
01AK001,SHOGOMOC STREAM NEAR TRANS CANADA HIGHWAY,2026-09-01T16:00:00Z,0.324,0.385,-67.32036,45.94353,NORMAL,2026-09-29T052155Z
01AK001,SHOGOMOC STREAM NEAR TRANS CANADA HIGHWAY,2026-09-01T16:05:00Z,0.324,0.385,-67.32036,45.94353,NORMAL,2026-09-29T052155Z
01AK001,SHOGOMOC STREAM NEAR TRANS CANADA HIGHWAY,2026-09-01T16:10:00Z,0.324,0.385,-67.32036,45.94353,NORMAL,2026-09-29T052155Z
01AK001,SHOGOMOC STREAM NEAR TRANS CANADA HIGHWAY,2026-09-01T16:15:00Z,0.325,0.389,-67.32036,45.94353,NORMAL,2026-09-29T052155Z
01AK001,SHOGOMOC STREAM NEAR TRANS CANADA HIGHWAY,2026-09-01T16:20:00Z,0.324,0.385,-67.32036,45.94353,NORMAL,2026-09-29T052155Z
01AK001,SHOGOMOC STREAM NEAR TRANS CANADA HIGHWAY,2026-09-01T16:25:00Z,0.325,0.389,-67.32036,45.94353,NORMAL,2026-09-29T052155Z
01AK001,SHOGOMOC STREAM NEAR TRANS CANADA HIGHWAY,2026-09-01T16:30:00Z,0.324,0.385,-67.32036,45.94353,NORMAL,2026-09-29T052155Z
01AK001,SHOGOMOC STREAM NEAR TRANS CANADA HIGHWAY,2026-09-01T16:35:00Z,0.323,0.381,-67.32036,45.94353,NORMAL,2026-09-29T052155Z
01AK001,SHOGOMOC STREAM NEAR TRANS CANADA HIGHWAY,2026-09-01T16:40:00Z,0.324,0.385,-67.32036,45.94353,NORMAL,2026-09-29T052155Z
01AK001,SHOGOMOC STREAM NEAR TRANS CANADA HIGHWAY,2026-09-01T16:45:00Z,0.324,0.385,-67.32036,45.94353,NORMAL,2026-09-29T052155Z
01AK001,SHOGOMOC STREAM NEAR TRANS CANADA HIGHWAY,2026-09-01T16:50:00Z,0.324,0.385,-67.32036,45.94353,NORMAL,2026-09-29T052155Z
01AK001,SHOGOMOC STREAM NEAR TRANS CANADA HIGHWAY,2026-09-01T16:55:00Z,0.324,0.385,-67.32036,45.94353,NORMAL,2026-09-29T052155Z
01AK001,SHOGOMOC STREAM NEAR TRANS CANADA HIGHWAY,2026-09-01T17:00:00Z,0.324,0.385,-67.32036,45.94353,NORMAL,2026-09-29T052155Z
01AK001,SHOGOMOC STREAM NEAR TRANS CANADA HIGHWAY,2026-09-01T17:05:00Z,0.324,0.385,-67.32036,45.94353,NORMAL,2026-09-29T052155Z
01AK001,SHOGOMOC STREAM NEAR TRANS CANADA HIGHWAY,2026-09-01T17:10:00Z,0.324,0.385,-67.32036,45.94353,NORMAL,2026-09-29T052155Z
01AK001,SHOGOMOC STREAM NEAR TRANS CANADA HIGHWAY,2026-09-01T17:15:00Z,0.324,0.385,-67.32036,45.94353,NORMAL,2026-09-29T052155Z
01AK001,SHOGOMOC STREAM NEAR TRANS CANADA HIGHWAY,2026-09-01T17:20:00Z,0.324,0.385,-67.32036,45.94353,NORMAL,2026-09-29T052155Z
01AK001,SHOGOMOC STREAM NEAR TRANS CANADA HIGHWAY,2026-09-01T17:25:00Z,0.323,0.381,-67.32036,45.94353,NORMAL,2026-09-29T052155Z
01AK001,SHOGOMOC STREAM NEAR TRANS CANADA HIGHWAY,2026-09-01T17:30:00Z,0.324,0.385,-67.32036,45.94353,NORMAL,2026-09-29T052155Z
01AK001,SHOGOMOC STREAM NEAR TRANS CANADA HIGHWAY,2026-09-01T17:35:00Z,0.323,0.381,-67.32036,45.94353,NORMAL,2026-09-29T052155Z
01AK001,SHOGOMOC STREAM NEAR TRANS CANADA HIGHWAY,2026-09-01T17:40:00Z,0.324,0.385,-67.32036,45.94353,NORMAL,2026-09-29T052155Z
01AK001,SHOGOMOC STREAM NEAR TRANS CANADA HIGHWAY,2026-09-01T17:45:00Z,0.323,0.381,-67.32036,45.94353,NORMAL,2026-09-29T052155Z
01AK001,SHOGOMOC STREAM NEAR TRANS CANADA HIGHWAY,2026-09-01T17:50:00Z,0.323,0.381,-67.32036,45.94353,NORMAL,2026-09-29T052155Z
01AK001,SHOGOMOC STREAM NEAR TRANS CANADA HIGHWAY,2026-09-01T17:55:00Z,0.323,0.381,-67.32036,45.94353,NORMAL,2026-09-29T052155Z
01AK001,SHOGOMOC STREAM NEAR TRANS CANADA HIGHWAY,2026-09-01T18:00:00Z,0.323,0.381,-67.32036,45.94353,NORMAL,2026-09-29T052155Z
01AK001,SHOGOMOC STREAM NEAR TRANS CANADA HIGHWAY,2026-09-01T18:05:00Z,0.324,0.385,-67.32036,45.94353,NORMAL,2026-09-29T052155Z
01AK001,SHOGOMOC STREAM NEAR TRANS CANADA HIGHWAY,2026-09-01T18:10:00Z,0.323,0.381,-67.32036,45.94353,NORMAL,2026-09-29T052155Z
01AK001,SHOGOMOC STREAM NEAR TRANS CANADA HIGHWAY,2026-09-01T18:15:00Z,0.324,0.385,-67.32036,45.94353,NORMAL,2026-09-29T052155Z
01AK001,SHOGOMOC STREAM NEAR TRANS CANADA HIGHWAY,2026-09-01T18:20:00Z,0.324,0.385,-67.32036,45.94353,NORMAL,2026-09-29T052155Z
01AK001,SHOGOMOC STREAM NEAR TRANS CANADA HIGHWAY,2026-09-01T18:25:00Z,0.323,0.381,-67.32036,45.94353,NORMAL,2026-09-29T052155Z
01AK001,SHOGOMOC STREAM NEAR TRANS CANADA HIGHWAY,2026-09-01T18:30:00Z,0.324,0.385,-67.32036,45.94353,NORMAL,2026-09-29T052155Z
01AK001,SHOGOMOC STREAM NEAR TRANS CANADA HIGHWAY,2026-09-01T18:35:00Z,0.323,0.381,-67.32036,45.94353,NORMAL,2026-09-29T052155Z
01AK001,SHOGOMOC STREAM NEAR TRANS CANADA HIGHWAY,2026-09-01T18:40:00Z,0.323,0.381,-67.32036,45.94353,NORMAL,2026-09-29T052155Z
01AK001,SHOGOMOC STREAM NEAR TRANS CANADA HIGHWAY,2026-09-01T18:45:00Z,0.323,0.381,-67.32036,45.94353,NORMAL,2026-09-29T052155Z
01AK001,SHOGOMOC STREAM NEAR TRANS CANADA HIGHWAY,2026-09-01T18:50:00Z,0.323,0.381,-67.32036,45.94353,NORMAL,2026-09-29T052155Z
01AK001,SHOGOMOC STREAM NEAR TRANS CANADA HIGHWAY,2026-09-01T18:55:00Z,0.323,0.381,-67.32036,45.94353,NORMAL,2026-09-29T052155Z
01AK001,SHOGOMOC STREAM NEAR TRANS CANADA HIGHWAY,2026-09-01T19:00:00Z,0.323,0.381,-67.32036,45.94353,NORMAL,2026-09-29T052155Z
01AK001,SHOGOMOC STREAM NEAR TRANS CANADA HIGHWAY,2026-09-01T19:05:00Z,0.323,0.381,-67.32036,45.94353,NORMAL,2026-09-29T052155Z
01AK001,SHOGOMOC STREAM NEAR TRANS CANADA HIGHWAY,2026-09-01T19:10:00Z,0.323,0.381,-67.32036,45.94353,NORMAL,2026-09-29T052155Z
01AK001,SHOGOMOC STREAM NEAR TRANS CANADA HIGHWAY,2026-09-01T19:15:00Z,0.323,0.381,-67.32036,45.94353,NORMAL,2026-09-29T052155Z
01AK001,SHOGOMOC STREAM NEAR TRANS CANADA HIGHWAY,2026-09-01T19:20:00Z,0.323,0.381,-67.32036,45.94353,NORMAL,2026-09-29T052155Z
01AK001,SHOGOMOC STREAM NEAR TRANS CANADA HIGHWAY,2026-09-01T19:25:00Z,0.323,0.381,-67.32036,45.94353,NORMAL,2026-09-29T052155Z
01AK001,SHOGOMOC STREAM NEAR TRANS CANADA HIGHWAY,2026-09-01T19:30:00Z,0.323,0.381,-67.32036,45.94353,NORMAL,2026-09-29T052155Z
01AK001,SHOGOMOC STREAM NEAR TRANS CANADA HIGHWAY,2026-09-01T19:35:00Z,0.324,0.385,-67.32036,45.94353,NORMAL,2026-09-29T052155Z
01AK001,SHOGOMOC STREAM NEAR TRANS CANADA HIGHWAY,2026-09-01T19:40:00Z,0.323,0.381,-67.32036,45.94353,NORMAL,2026-09-29T052155Z
01AK001,SHOGOMOC STREAM NEAR TRANS CANADA HIGHWAY,2026-09-01T19:45:00Z,0.323,0.381,-67.32036,45.94353,NORMAL,2026-09-29T052155Z
01AK001,SHOGOMOC STREAM NEAR TRANS CANADA HIGHWAY,2026-09-01T19:50:00Z,0.323,0.381,-67.32036,45.94353,NORMAL,2026-09-29T052155Z
01AK001,SHOGOMOC STREAM NEAR TRANS CANADA HIGHWAY,2026-09-01T19:55:00Z,0.323,0.381,-67.32036,45.94353,NORMAL,2026-09-29T052155Z
01AK001,SHOGOMOC STREAM NEAR TRANS CANADA HIGHWAY,2026-09-01T20:00:00Z,0.323,0.381,-67.32036,45.94353,NORMAL,2026-09-29T052155Z
01AK001,SHOGOMOC STREAM NEAR TRANS CANADA HIGHWAY,2026-09-01T20:05:00Z,0.324,0.385,-67.32036,45.94353,NORMAL,2026-09-29T052155Z
01AK001,SHOGOMOC STREAM NEAR TRANS CANADA HIGHWAY,2026-09-01T20:10:00Z,0.324,0.385,-67.32036,45.94353,NORMAL,2026-09-29T052155Z
01AK001,SHOGOMOC STREAM NEAR TRANS CANADA HIGHWAY,2026-09-01T20:15:00Z,0.323,0.381,-67.32036,45.94353,NORMAL,2026-09-29T052155Z
01AK001,SHOGOMOC STREAM NEAR TRANS CANADA HIGHWAY,2026-09-01T20:20:00Z,0.323,0.381,-67.32036,45.94353,NORMAL,2026-09-29T052155Z
01AK001,SHOGOMOC STREAM NEAR TRANS CANADA HIGHWAY,2026-09-01T20:25:00Z,0.323,0.381,-67.32036,45.94353,NORMAL,2026-09-29T052155Z
01AK001,SHOGOMOC STREAM NEAR TRANS CANADA HIGHWAY,2026-09-01T20:30:00Z,0.323,0.381,-67.32036,45.94353,NORMAL,2026-09-29T052155Z
01AK001,SHOGOMOC STREAM NEAR TRANS CANADA HIGHWAY,2026-09-01T20:35:00Z,0.323,0.381,-67.32036,45.94353,NORMAL,2026-09-29T052155Z
01AK001,SHOGOMOC STREAM NEAR TRANS CANADA HIGHWAY,2026-09-01T20:40:00Z,0.323,0.381,-67.32036,45.94353,NORMAL,2026-09-29T052155Z
01AK001,SHOGOMOC STREAM NEAR TRANS CANADA HIGHWAY,2026-09-01T20:45:00Z,0.323,0.381,-67.32036,45.94353,NORMAL,2026-09-29T052155Z
01AK001,SHOGOMOC STREAM NEAR TRANS CANADA HIGHWAY,2026-09-01T20:50:00Z,0.323,0.381,-67.32036,45.94353,NORMAL,2026-09-29T052155Z
01AK001,SHOGOMOC STREAM NEAR TRANS CANADA HIGHWAY,2026-09-01T20:55:00Z,0.322,0.377,-67.32036,45.94353,NORMAL,2026-09-29T052155Z
01AK001,SHOGOMOC STREAM NEAR TRANS CANADA HIGHWAY,2026-09-01T21:00:00Z,0.322,0.377,-67.32036,45.94353,NORMAL,2026-09-29T052155Z
01AK001,SHOGOMOC STREAM NEAR TRANS CANADA HIGHWAY,2026-09-01T21:05:00Z,0.322,0.377,-67.32036,45.94353,NORMAL,2026-09-29T052155Z
01AK001,SHOGOMOC STREAM NEAR TRANS CANADA HIGHWAY,2026-09-01T21:10:00Z,0.323,0.381,-67.32036,45.94353,NORMAL,2026-09-29T052155Z
01AK001,SHOGOMOC STREAM NEAR TRANS CANADA HIGHWAY,2026-09-01T21:15:00Z,0.323,0.381,-67.32036,45.94353,NORMAL,2026-09-29T052155Z
01AK001,SHOGOMOC STREAM NEAR TRANS CANADA HIGHWAY,2026-09-01T21:20:00Z,0.323,0.381,-67.32036,45.94353,NORMAL,2026-09-29T052155Z
01AK001,SHOGOMOC STREAM NEAR TRANS CANADA HIGHWAY,2026-09-01T21:25:00Z,0.323,0.381,-67.32036,45.94353,NORMAL,2026-09-29T052155Z
01AK001,SHOGOMOC STREAM NEAR TRANS CANADA HIGHWAY,2026-09-01T21:30:00Z,0.323,0.381,-67.32036,45.94353,NORMAL,2026-09-29T052155Z
01AK001,SHOGOMOC STREAM NEAR TRANS CANADA HIGHWAY,2026-09-01T21:35:00Z,0.322,0.377,-67.32036,45.94353,NORMAL,2026-09-29T052155Z
01AK001,SHOGOMOC STREAM NEAR TRANS CANADA HIGHWAY,2026-09-01T21:40:00Z,0.322,0.377,-67.32036,45.94353,NORMAL,2026-09-29T052155Z
01AK001,SHOGOMOC STREAM NEAR TRANS CANADA HIGHWAY,2026-09-01T21:45:00Z,0.322,0.377,-67.32036,45.94353,NORMAL,2026-09-29T052155Z
01AK001,SHOGOMOC STREAM NEAR TRANS CANADA HIGHWAY,2026-09-01T21:50:00Z,0.323,0.381,-67.32036,45.94353,NORMAL,2026-09-29T052155Z
01AK001,SHOGOMOC STREAM NEAR TRANS CANADA HIGHWAY,2026-09-01T21:55:00Z,0.322,0.377,-67.32036,45.94353,NORMAL,2026-09-29T052155Z
01AK001,SHOGOMOC STREAM NEAR TRANS CANADA HIGHWAY,2026-09-01T22:00:00Z,0.323,0.381,-67.32036,45.94353,NORMAL,2026-09-29T052155Z
01AK001,SHOGOMOC STREAM NEAR TRANS CANADA HIGHWAY,2026-09-01T22:05:00Z,0.322,0.377,-67.32036,45.94353,NORMAL,2026-09-29T052155Z
01AK001,SHOGOMOC STREAM NEAR TRANS CANADA HIGHWAY,2026-09-01T22:10:00Z,0.323,0.381,-67.32036,45.94353,NORMAL,2026-09-29T052155Z
01AK001,SHOGOMOC STREAM NEAR TRANS CANADA HIGHWAY,2026-09-01T22:15:00Z,0.322,0.377,-67.32036,45.94353,NORMAL,2026-09-29T052155Z
01AK001,SHOGOMOC STREAM NEAR TRANS CANADA HIGHWAY,2026-09-01T22:20:00Z,0.322,0.377,-67.32036,45.94353,NORMAL,2026-09-29T052155Z
01AK001,SHOGOMOC STREAM NEAR TRANS CANADA HIGHWAY,2026-09-01T22:25:00Z,0.322,0.377,-67.32036,45.94353,NORMAL,2026-09-29T052155Z
01AK001,SHOGOMOC STREAM NEAR TRANS CANADA HIGHWAY,2026-09-01T22:30:00Z,0.322,0.377,-67.32036,45.94353,NORMAL,2026-09-29T052155Z
01AK001,SHOGOMOC STREAM NEAR TRANS CANADA HIGHWAY,2026-09-01T22:35:00Z,0.323,0.381,-67.32036,45.94353,NORMAL,2026-09-29T052155Z
01AK001,SHOGOMOC STREAM NEAR TRANS CANADA HIGHWAY,2026-09-01T22:40:00Z,0.323,0.381,-67.32036,45.94353,NORMAL,2026-09-29T052155Z
01AK001,SHOGOMOC STREAM NEAR TRANS CANADA HIGHWAY,2026-09-01T22:45:00Z,0.323,0.381,-67.32036,45.94353,NORMAL,2026-09-29T052155Z
01AK001,SHOGOMOC STREAM NEAR TRANS CANADA HIGHWAY,2026-09-01T22:50:00Z,0.323,0.381,-67.32036,45.94353,NORMAL,2026-09-29T052155Z
01AK001,SHOGOMOC STREAM NEAR TRANS CANADA HIGHWAY,2026-09-01T22:55:00Z,0.323,0.381,-67.32036,45.94353,NORMAL,2026-09-29T052155Z
01AK001,SHOGOMOC STREAM NEAR TRANS CANADA HIGHWAY,2026-09-01T23:00:00Z,0.323,0.381,-67.32036,45.94353,NORMAL,2026-09-29T052155Z
01AK001,SHOGOMOC STREAM NEAR TRANS CANADA HIGHWAY,2026-09-01T23:05:00Z,0.323,0.381,-67.32036,45.94353,NORMAL,2026-09-29T052155Z
01AK001,SHOGOMOC STREAM NEAR TRANS CANADA HIGHWAY,2026-09-01T23:10:00Z,0.323,0.381,-67.32036,45.94353,NORMAL,2026-09-29T052155Z
01AK001,SHOGOMOC STREAM NEAR TRANS CANADA HIGHWAY,2026-09-01T23:15:00Z,0.323,0.381,-67.32036,45.94353,NORMAL,2026-09-29T052155Z
01AK001,SHOGOMOC STREAM NEAR TRANS CANADA HIGHWAY,2026-09-01T23:20:00Z,0.323,0.381,-67.32036,45.94353,NORMAL,2026-09-29T052155Z
01AK001,SHOGOMOC STREAM NEAR TRANS CANADA HIGHWAY,2026-09-01T23:25:00Z,0.323,0.381,-67.32036,45.94353,NORMAL,2026-09-29T052155Z
01AK001,SHOGOMOC STREAM NEAR TRANS CANADA HIGHWAY,2026-09-01T23:30:00Z,0.323,0.381,-67.32036,45.94353,NORMAL,2026-09-29T052155Z
01AK001,SHOGOMOC STREAM NEAR TRANS CANADA HIGHWAY,2026-09-01T23:35:00Z,0.323,0.381,-67.32036,45.94353,NORMAL,2026-09-29T052155Z
01AK001,SHOGOMOC STREAM NEAR TRANS CANADA HIGHWAY,2026-09-01T23:40:00Z,0.323,0.381,-67.32036,45.94353,NORMAL,2026-09-29T052155Z
01AK001,SHOGOMOC STREAM NEAR TRANS CANADA HIGHWAY,2026-09-01T23:45:00Z,0.323,0.381,-67.32036,45.94353,NORMAL,2026-09-29T052155Z
01AK001,SHOGOMOC STREAM NEAR TRANS CANADA HIGHWAY,2026-09-01T23:50:00Z,0.323,0.381,-67.32036,45.94353,NORMAL,2026-09-29T052155Z
01AK001,SHOGOMOC STREAM NEAR TRANS CANADA HIGHWAY,2026-09-01T23:55:00Z,0.324,0.385,-67.32036,45.94353,NORMAL,2026-09-29T052155Z
01AK001,SHOGOMOC STREAM NEAR TRANS CANADA HIGHWAY,2026-09-02T10:35:00Z,0.319,0.366,-67.32036,45.94353,NORMAL,2026-09-29T052155Z
01AK001,SHOGOMOC STREAM NEAR TRANS CANADA HIGHWAY,2026-09-02T10:40:00Z,0.318,0.362,-67.32036,45.94353,NORMAL,2026-09-29T052155Z
01AK001,SHOGOMOC STREAM NEAR TRANS CANADA HIGHWAY,2026-09-02T10:45:00Z,0.319,0.366,-67.32036,45.94353,NORMAL,2026-09-29T052155Z
01AK001,SHOGOMOC STREAM NEAR TRANS CANADA HIGHWAY,2026-09-02T10:50:00Z,0.318,0.362,-67.32036,45.94353,NORMAL,2026-09-29T052155Z
01AK001,SHOGOMOC STREAM NEAR TRANS CANADA HIGHWAY,2026-09-02T10:55:00Z,0.318,0.362,-67.32036,45.94353,NORMAL,2026-09-29T052155Z
01AK001,SHOGOMOC STREAM NEAR TRANS CANADA HIGHWAY,2026-09-02T11:00:00Z,0.318,0.362,-67.32036,45.94353,NORMAL,2026-09-29T052155Z
01AK001,SHOGOMOC STREAM NEAR TRANS CANADA HIGHWAY,2026-09-02T11:05:00Z,0.319,0.366,-67.32036,45.94353,NORMAL,2026-09-29T052155Z
01AK001,SHOGOMOC STREAM NEAR TRANS CANADA HIGHWAY,2026-09-02T11:10:00Z,0.319,0.366,-67.32036,45.94353,NORMAL,2026-09-29T052155Z
01AK001,SHOGOMOC STREAM NEAR TRANS CANADA HIGHWAY,2026-09-02T11:15:00Z,0.319,0.366,-67.32036,45.94353,NORMAL,2026-09-29T052155Z
01AK001,SHOGOMOC STREAM NEAR TRANS CANADA HIGHWAY,2026-09-02T11:20:00Z,0.319,0.366,-67.32036,45.94353,NORMAL,2026-09-29T052155Z
01AK001,SHOGOMOC STREAM NEAR TRANS CANADA HIGHWAY,2026-09-02T11:25:00Z,0.319,0.366,-67.32036,45.94353,NORMAL,2026-09-29T052155Z
01AK001,SHOGOMOC STREAM NEAR TRANS CANADA HIGHWAY,2026-09-02T11:30:00Z,0.318,0.362,-67.32036,45.94353,NORMAL,2026-09-29T052155Z
01AK001,SHOGOMOC STREAM NEAR TRANS CANADA HIGHWAY,2026-09-02T11:35:00Z,0.319,0.366,-67.32036,45.94353,NORMAL,2026-09-29T052155Z
01AK001,SHOGOMOC STREAM NEAR TRANS CANADA HIGHWAY,2026-09-02T11:40:00Z,0.319,0.366,-67.32036,45.94353,NORMAL,2026-09-29T052155Z
01AK001,SHOGOMOC STREAM NEAR TRANS CANADA HIGHWAY,2026-09-02T11:45:00Z,0.318,0.362,-67.32036,45.94353,NORMAL,2026-09-29T052155Z
01AK001,SHOGOMOC STREAM NEAR TRANS CANADA HIGHWAY,2026-09-02T11:50:00Z,0.319,0.366,-67.32036,45.94353,NORMAL,2026-09-29T052155Z
01AK001,SHOGOMOC STREAM NEAR TRANS CANADA HIGHWAY,2026-09-02T11:55:00Z,0.319,0.366,-67.32036,45.94353,NORMAL,2026-09-29T052155Z
01AK001,SHOGOMOC STREAM NEAR TRANS CANADA HIGHWAY,2026-09-02T12:00:00Z,0.318,0.362,-67.32036,45.94353,NORMAL,2026-09-29T052155Z
01AK001,SHOGOMOC STREAM NEAR TRANS CANADA HIGHWAY,2026-09-02T12:05:00Z,0.318,0.362,-67.32036,45.94353,NORMAL,2026-09-29T052155Z
01AK001,SHOGOMOC STREAM NEAR TRANS CANADA HIGHWAY,2026-09-02T12:10:00Z,0.318,0.362,-67.32036,45.94353,NORMAL,2026-09-29T052155Z
01AK001,SHOGOMOC STREAM NEAR TRANS CANADA HIGHWAY,2026-09-02T12:15:00Z,0.318,0.362,-67.32036,45.94353,NORMAL,2026-09-29T052155Z
01AK001,SHOGOMOC STREAM NEAR TRANS CANADA HIGHWAY,2026-09-02T12:20:00Z,0.319,0.366,-67.32036,45.94353,NORMAL,2026-09-29T052155Z
01AK001,SHOGOMOC STREAM NEAR TRANS CANADA HIGHWAY,2026-09-02T12:25:00Z,0.319,0.366,-67.32036,45.94353,NORMAL,2026-09-29T052155Z
01AK001,SHOGOMOC STREAM NEAR TRANS CANADA HIGHWAY,2026-09-02T12:30:00Z,0.319,0.366,-67.32036,45.94353,NORMAL,2026-09-29T052155Z
01AK001,SHOGOMOC STREAM NEAR TRANS CANADA HIGHWAY,2026-09-02T12:35:00Z,0.319,0.366,-67.32036,45.94353,NORMAL,2026-09-29T052155Z
01AK001,SHOGOMOC STREAM NEAR TRANS CANADA HIGHWAY,2026-09-02T12:40:00Z,0.319,0.366,-67.32036,45.94353,NORMAL,2026-09-29T052155Z
01AK001,SHOGOMOC STREAM NEAR TRANS CANADA HIGHWAY,2026-09-02T12:45:00Z,0.319,0.366,-67.32036,45.94353,NORMAL,2026-09-29T052155Z
01AK001,SHOGOMOC STREAM NEAR TRANS CANADA HIGHWAY,2026-09-02T12:50:00Z,0.319,0.366,-67.32036,45.94353,NORMAL,2026-09-29T052155Z
01AK001,SHOGOMOC STREAM NEAR TRANS CANADA HIGHWAY,2026-09-02T12:55:00Z,0.317,0.359,-67.32036,45.94353,NORMAL,2026-09-29T052155Z
01AK001,SHOGOMOC STREAM NEAR TRANS CANADA HIGHWAY,2026-09-02T13:00:00Z,0.319,0.366,-67.32036,45.94353,NORMAL,2026-09-29T052155Z
01AK001,SHOGOMOC STREAM NEAR TRANS CANADA HIGHWAY,2026-09-02T13:05:00Z,0.319,0.366,-67.32036,45.94353,NORMAL,2026-09-29T052155Z
01AK001,SHOGOMOC STREAM NEAR TRANS CANADA HIGHWAY,2026-09-02T13:10:00Z,0.319,0.366,-67.32036,45.94353,NORMAL,2026-09-29T052155Z
01AK001,SHOGOMOC STREAM NEAR TRANS CANADA HIGHWAY,2026-09-02T13:15:00Z,0.318,0.362,-67.32036,45.94353,NORMAL,2026-09-29T052155Z
01AK001,SHOGOMOC STREAM NEAR TRANS CANADA HIGHWAY,2026-09-02T13:20:00Z,0.319,0.366,-67.32036,45.94353,NORMAL,2026-09-29T052155Z
01AK001,SHOGOMOC STREAM NEAR TRANS CANADA HIGHWAY,2026-09-02T13:25:00Z,0.317,0.359,-67.32036,45.94353,NORMAL,2026-09-29T052155Z
01AK001,SHOGOMOC STREAM NEAR TRANS CANADA HIGHWAY,2026-09-02T13:30:00Z,0.317,0.359,-67.32036,45.94353,NORMAL,2026-09-29T052155Z
01AK001,SHOGOMOC STREAM NEAR TRANS CANADA HIGHWAY,2026-09-02T13:35:00Z,0.318,0.362,-67.32036,45.94353,NORMAL,2026-09-29T052155Z
01AK001,SHOGOMOC STREAM NEAR TRANS CANADA HIGHWAY,2026-09-02T13:40:00Z,0.319,0.366,-67.32036,45.94353,NORMAL,2026-09-29T052155Z
01AK001,SHOGOMOC STREAM NEAR TRANS CANADA HIGHWAY,2026-09-02T13:45:00Z,0.319,0.366,-67.32036,45.94353,NORMAL,2026-09-29T052155Z
01AK001,SHOGOMOC STREAM NEAR TRANS CANADA HIGHWAY,2026-09-02T13:50:00Z,0.318,0.362,-67.32036,45.94353,NORMAL,2026-09-29T052155Z
01AK001,SHOGOMOC STREAM NEAR TRANS CANADA HIGHWAY,2026-09-02T13:55:00Z,0.32,0.37,-67.32036,45.94353,NORMAL,2026-09-29T052155Z
01AK001,SHOGOMOC STREAM NEAR TRANS CANADA HIGHWAY,2026-09-02T14:00:00Z,0.319,0.366,-67.32036,45.94353,NORMAL,2026-09-29T052155Z
01AK001,SHOGOMOC STREAM NEAR TRANS CANADA HIGHWAY,2026-09-02T14:05:00Z,0.319,0.366,-67.32036,45.94353,NORMAL,2026-09-29T052155Z
01AK001,SHOGOMOC STREAM NEAR TRANS CANADA HIGHWAY,2026-09-02T14:10:00Z,0.318,0.362,-67.32036,45.94353,NORMAL,2026-09-29T052155Z
01AK001,SHOGOMOC STREAM NEAR TRANS CANADA HIGHWAY,2026-09-02T14:15:00Z,0.319,0.366,-67.32036,45.94353,NORMAL,2026-09-29T052155Z
01AK001,SHOGOMOC STREAM NEAR TRANS CANADA HIGHWAY,2026-09-02T14:20:00Z,0.318,0.362,-67.32036,45.94353,NORMAL,2026-09-29T052155Z
01AK001,SHOGOMOC STREAM NEAR TRANS CANADA HIGHWAY,2026-09-02T14:25:00Z,0.318,0.362,-67.32036,45.94353,NORMAL,2026-09-29T052155Z
01AK001,SHOGOMOC STREAM NEAR TRANS CANADA HIGHWAY,2026-09-02T14:30:00Z,0.319,0.366,-67.32036,45.94353,NORMAL,2026-09-29T052155Z
01AK001,SHOGOMOC STREAM NEAR TRANS CANADA HIGHWAY,2026-09-02T14:35:00Z,0.319,0.366,-67.32036,45.94353,NORMAL,2026-09-29T052155Z
01AK001,SHOGOMOC STREAM NEAR TRANS CANADA HIGHWAY,2026-09-02T14:40:00Z,0.319,0.366,-67.32036,45.94353,NORMAL,2026-09-29T052155Z
01AK001,SHOGOMOC STREAM NEAR TRANS CANADA HIGHWAY,2026-09-02T14:45:00Z,0.318,0.362,-67.32036,45.94353,NORMAL,2026-09-29T052155Z
01AK001,SHOGOMOC STREAM NEAR TRANS CANADA HIGHWAY,2026-09-02T14:50:00Z,0.318,0.362,-67.32036,45.94353,NORMAL,2026-09-29T052155Z
01AK001,SHOGOMOC STREAM NEAR TRANS CANADA HIGHWAY,2026-09-02T14:55:00Z,0.319,0.366,-67.32036,45.94353,NORMAL,2026-09-29T052155Z
01AK001,SHOGOMOC STREAM NEAR TRANS CANADA HIGHWAY,2026-09-02T15:00:00Z,0.318,0.362,-67.32036,45.94353,NORMAL,2026-09-29T052155Z
01AK001,SHOGOMOC STREAM NEAR TRANS CANADA HIGHWAY,2026-09-02T15:05:00Z,0.319,0.366,-67.32036,45.94353,NORMAL,2026-09-29T052155Z
01AK001,SHOGOMOC STREAM NEAR TRANS CANADA HIGHWAY,2026-09-02T15:10:00Z,0.317,0.359,-67.32036,45.94353,NORMAL,2026-09-29T052155Z
01AK001,SHOGOMOC STREAM NEAR TRANS CANADA HIGHWAY,2026-09-02T15:15:00Z,0.319,0.366,-67.32036,45.94353,NORMAL,2026-09-29T052155Z
01AK001,SHOGOMOC STREAM NEAR TRANS CANADA HIGHWAY,2026-09-02T15:20:00Z,0.318,0.362,-67.32036,45.94353,NORMAL,2026-09-29T052155Z
01AK001,SHOGOMOC STREAM NEAR TRANS CANADA HIGHWAY,2026-09-02T15:25:00Z,0.319,0.366,-67.32036,45.94353,NORMAL,2026-09-29T052155Z
01AK001,SHOGOMOC STREAM NEAR TRANS CANADA HIGHWAY,2026-09-02T15:30:00Z,0.319,0.366,-67.32036,45.94353,NORMAL,2026-09-29T052155Z
01AK001,SHOGOMOC STREAM NEAR TRANS CANADA HIGHWAY,2026-09-02T16:35:00Z,0.319,0.366,-67.32036,45.94353,NORMAL,2026-09-29T052155Z
01AK001,SHOGOMOC STREAM NEAR TRANS CANADA HIGHWAY,2026-09-02T16:40:00Z,0.319,0.366,-67.32036,45.94353,NORMAL,2026-09-29T052155Z
01AK001,SHOGOMOC STREAM NEAR TRANS CANADA HIGHWAY,2026-09-02T16:45:00Z,0.319,0.366,-67.32036,45.94353,NORMAL,2026-09-29T052155Z
01AK001,SHOGOMOC STREAM NEAR TRANS CANADA HIGHWAY,2026-09-02T16:50:00Z,0.318,0.362,-67.32036,45.94353,NORMAL,2026-09-29T052155Z
01AK001,SHOGOMOC STREAM NEAR TRANS CANADA HIGHWAY,2026-09-02T16:55:00Z,0.318,0.362,-67.32036,45.94353,NORMAL,2026-09-29T052155Z
01AK001,SHOGOMOC STREAM NEAR TRANS CANADA HIGHWAY,2026-09-02T17:00:00Z,0.318,0.362,-67.32036,45.94353,NORMAL,2026-09-29T052155Z
01AK001,SHOGOMOC STREAM NEAR TRANS CANADA HIGHWAY,2026-09-02T17:05:00Z,0.319,0.366,-67.32036,45.94353,NORMAL,2026-09-29T052155Z
01AK001,SHOGOMOC STREAM NEAR TRANS CANADA HIGHWAY,2026-09-02T17:10:00Z,0.319,0.366,-67.32036,45.94353,NORMAL,2026-09-29T052155Z
01AK001,SHOGOMOC STREAM NEAR TRANS CANADA HIGHWAY,2026-09-02T17:15:00Z,0.319,0.366,-67.32036,45.94353,NORMAL,2026-09-29T052155Z
01AK001,SHOGOMOC STREAM NEAR TRANS CANADA HIGHWAY,2026-09-02T17:20:00Z,0.318,0.362,-67.32036,45.94353,NORMAL,2026-09-29T052155Z
01AK001,SHOGOMOC STREAM NEAR TRANS CANADA HIGHWAY,2026-09-02T17:25:00Z,0.318,0.362,-67.32036,45.94353,NORMAL,2026-09-29T052155Z
01AK001,SHOGOMOC STREAM NEAR TRANS CANADA HIGHWAY,2026-09-02T17:30:00Z,0.319,0.366,-67.32036,45.94353,NORMAL,2026-09-29T052155Z
01AK001,SHOGOMOC STREAM NEAR TRANS CANADA HIGHWAY,2026-09-02T15:35:00Z,0.317,0.359,-67.32036,45.94353,NORMAL,2026-09-29T052155Z
01AK001,SHOGOMOC STREAM NEAR TRANS CANADA HIGHWAY,2026-09-02T15:40:00Z,0.319,0.366,-67.32036,45.94353,NORMAL,2026-09-29T052155Z
01AK001,SHOGOMOC STREAM NEAR TRANS CANADA HIGHWAY,2026-09-02T15:45:00Z,0.318,0.362,-67.32036,45.94353,NORMAL,2026-09-29T052155Z
01AK001,SHOGOMOC STREAM NEAR TRANS CANADA HIGHWAY,2026-09-02T15:50:00Z,0.318,0.362,-67.32036,45.94353,NORMAL,2026-09-29T052155Z
01AK001,SHOGOMOC STREAM NEAR TRANS CANADA HIGHWAY,2026-09-02T15:55:00Z,0.319,0.366,-67.32036,45.94353,NORMAL,2026-09-29T052155Z
01AK001,SHOGOMOC STREAM NEAR TRANS CANADA HIGHWAY,2026-09-02T16:00:00Z,0.319,0.366,-67.32036,45.94353,NORMAL,2026-09-29T052155Z
01AK001,SHOGOMOC STREAM NEAR TRANS CANADA HIGHWAY,2026-09-02T16:05:00Z,0.319,0.366,-67.32036,45.94353,NORMAL,2026-09-29T052155Z
01AK001,SHOGOMOC STREAM NEAR TRANS CANADA HIGHWAY,2026-09-02T16:10:00Z,0.318,0.362,-67.32036,45.94353,NORMAL,2026-09-29T052155Z
01AK001,SHOGOMOC STREAM NEAR TRANS CANADA HIGHWAY,2026-09-02T16:15:00Z,0.319,0.366,-67.32036,45.94353,NORMAL,2026-09-29T052155Z
01AK001,SHOGOMOC STREAM NEAR TRANS CANADA HIGHWAY,2026-09-02T16:20:00Z,0.319,0.366,-67.32036,45.94353,NORMAL,2026-09-29T052155Z
01AK001,SHOGOMOC STREAM NEAR TRANS CANADA HIGHWAY,2026-09-02T16:25:00Z,0.319,0.366,-67.32036,45.94353,NORMAL,2026-09-29T052155Z
01AK001,SHOGOMOC STREAM NEAR TRANS CANADA HIGHWAY,2026-09-02T16:30:00Z,0.318,0.362,-67.32036,45.94353,NORMAL,2026-09-29T052155Z
01AK001,SHOGOMOC STREAM NEAR TRANS CANADA HIGHWAY,2026-09-02T17:35:00Z,0.319,0.366,-67.32036,45.94353,NORMAL,2026-09-29T052155Z
01AK001,SHOGOMOC STREAM NEAR TRANS CANADA HIGHWAY,2026-09-02T17:40:00Z,0.319,0.366,-67.32036,45.94353,NORMAL,2026-09-29T052155Z
01AK001,SHOGOMOC STREAM NEAR TRANS CANADA HIGHWAY,2026-09-02T17:45:00Z,0.318,0.362,-67.32036,45.94353,NORMAL,2026-09-29T052155Z
01AK001,SHOGOMOC STREAM NEAR TRANS CANADA HIGHWAY,2026-09-02T17:50:00Z,0.319,0.366,-67.32036,45.94353,NORMAL,2026-09-29T052155Z
01AK001,SHOGOMOC STREAM NEAR TRANS CANADA HIGHWAY,2026-09-02T17:55:00Z,0.318,0.362,-67.32036,45.94353,NORMAL,2026-09-29T052155Z
01AK001,SHOGOMOC STREAM NEAR TRANS CANADA HIGHWAY,2026-09-02T18:00:00Z,0.319,0.366,-67.32036,45.94353,NORMAL,2026-09-29T052155Z
01AK001,SHOGOMOC STREAM NEAR TRANS CANADA HIGHWAY,2026-09-02T18:05:00Z,0.318,0.362,-67.32036,45.94353,NORMAL,2026-09-29T052155Z
01AK001,SHOGOMOC STREAM NEAR TRANS CANADA HIGHWAY,2026-09-02T18:10:00Z,0.319,0.366,-67.32036,45.94353,NORMAL,2026-09-29T052155Z
01AK001,SHOGOMOC STREAM NEAR TRANS CANADA HIGHWAY,2026-09-02T18:15:00Z,0.318,0.362,-67.32036,45.94353,NORMAL,2026-09-29T052155Z
01AK001,SHOGOMOC STREAM NEAR TRANS CANADA HIGHWAY,2026-09-02T18:20:00Z,0.318,0.362,-67.32036,45.94353,NORMAL,2026-09-29T052155Z
01AK001,SHOGOMOC STREAM NEAR TRANS CANADA HIGHWAY,2026-09-02T18:25:00Z,0.318,0.362,-67.32036,45.94353,NORMAL,2026-09-29T052155Z
01AK001,SHOGOMOC STREAM NEAR TRANS CANADA HIGHWAY,2026-09-02T18:30:00Z,0.318,0.362,-67.32036,45.94353,NORMAL,2026-09-29T052155Z
01AK001,SHOGOMOC STREAM NEAR TRANS CANADA HIGHWAY,2026-09-02T18:35:00Z,0.318,0.362,-67.32036,45.94353,NORMAL,2026-09-29T052155Z
01AK001,SHOGOMOC STREAM NEAR TRANS CANADA HIGHWAY,2026-09-02T18:40:00Z,0.317,0.359,-67.32036,45.94353,NORMAL,2026-09-29T052155Z
01AK001,SHOGOMOC STREAM NEAR TRANS CANADA HIGHWAY,2026-09-02T18:45:00Z,0.318,0.362,-67.32036,45.94353,NORMAL,2026-09-29T052155Z
01AK001,SHOGOMOC STREAM NEAR TRANS CANADA HIGHWAY,2026-09-02T18:50:00Z,0.317,0.359,-67.32036,45.94353,NORMAL,2026-09-29T052155Z
01AK001,SHOGOMOC STREAM NEAR TRANS CANADA HIGHWAY,2026-09-02T18:55:00Z,0.318,0.362,-67.32036,45.94353,NORMAL,2026-09-29T052155Z
01AK001,SHOGOMOC STREAM NEAR TRANS CANADA HIGHWAY,2026-09-02T19:00:00Z,0.318,0.362,-67.32036,45.94353,NORMAL,2026-09-29T052155Z
01AK001,SHOGOMOC STREAM NEAR TRANS CANADA HIGHWAY,2026-09-02T19:05:00Z,0.318,0.362,-67.32036,45.94353,NORMAL,2026-09-29T052155Z
01AK001,SHOGOMOC STREAM NEAR TRANS CANADA HIGHWAY,2026-09-02T19:10:00Z,0.317,0.359,-67.32036,45.94353,NORMAL,2026-09-29T052155Z
01AK001,SHOGOMOC STREAM NEAR TRANS CANADA HIGHWAY,2026-09-02T19:15:00Z,0.318,0.362,-67.32036,45.94353,NORMAL,2026-09-29T052155Z
01AK001,SHOGOMOC STREAM NEAR TRANS CANADA HIGHWAY,2026-09-02T19:30:00Z,0.317,0.359,-67.32036,45.94353,NORMAL,2026-09-29T052155Z
01AK001,SHOGOMOC STREAM NEAR TRANS CANADA HIGHWAY,2026-09-02T19:20:00Z,0.318,0.362,-67.32036,45.94353,NORMAL,2026-09-29T052155Z
01AK001,SHOGOMOC STREAM NEAR TRANS CANADA HIGHWAY,2026-09-02T19:25:00Z,0.318,0.362,-67.32036,45.94353,NORMAL,2026-09-29T052155Z
01AK001,SHOGOMOC STREAM NEAR TRANS CANADA HIGHWAY,2026-09-02T19:35:00Z,0.317,0.359,-67.32036,45.94353,NORMAL,2026-09-29T052155Z
01AK001,SHOGOMOC STREAM NEAR TRANS CANADA HIGHWAY,2026-09-02T19:40:00Z,0.318,0.362,-67.32036,45.94353,NORMAL,2026-09-29T052155Z
01AK001,SHOGOMOC STREAM NEAR TRANS CANADA HIGHWAY,2026-09-02T19:45:00Z,0.318,0.362,-67.32036,45.94353,NORMAL,2026-09-29T052155Z
01AK001,SHOGOMOC STREAM NEAR TRANS CANADA HIGHWAY,2026-09-02T19:50:00Z,0.317,0.359,-67.32036,45.94353,NORMAL,2026-09-29T052155Z
01AK001,SHOGOMOC STREAM NEAR TRANS CANADA HIGHWAY,2026-09-02T19:55:00Z,0.318,0.362,-67.32036,45.94353,NORMAL,2026-09-29T052155Z
01AK001,SHOGOMOC STREAM NEAR TRANS CANADA HIGHWAY,2026-09-02T20:00:00Z,0.318,0.362,-67.32036,45.94353,NORMAL,2026-09-29T052155Z
01AK001,SHOGOMOC STREAM NEAR TRANS CANADA HIGHWAY,2026-09-02T20:05:00Z,0.317,0.359,-67.32036,45.94353,NORMAL,2026-09-29T052155Z
01AK001,SHOGOMOC STREAM NEAR TRANS CANADA HIGHWAY,2026-09-02T20:10:00Z,0.318,0.362,-67.32036,45.94353,NORMAL,2026-09-29T052155Z
01AK001,SHOGOMOC STREAM NEAR TRANS CANADA HIGHWAY,2026-09-02T20:15:00Z,0.318,0.362,-67.32036,45.94353,NORMAL,2026-09-29T052155Z
01AK001,SHOGOMOC STREAM NEAR TRANS CANADA HIGHWAY,2026-09-02T20:20:00Z,0.317,0.359,-67.32036,45.94353,NORMAL,2026-09-29T052155Z
01AK001,SHOGOMOC STREAM NEAR TRANS CANADA HIGHWAY,2026-09-02T20:25:00Z,0.317,0.359,-67.32036,45.94353,NORMAL,2026-09-29T052155Z
01AK001,SHOGOMOC STREAM NEAR TRANS CANADA HIGHWAY,2026-09-02T20:30:00Z,0.317,0.359,-67.32036,45.94353,NORMAL,2026-09-29T052155Z
01AK001,SHOGOMOC STREAM NEAR TRANS CANADA HIGHWAY,2026-09-02T20:35:00Z,0.318,0.362,-67.32036,45.94353,NORMAL,2026-09-29T052155Z
01AK001,SHOGOMOC STREAM NEAR TRANS CANADA HIGHWAY,2026-09-02T20:40:00Z,0.318,0.362,-67.32036,45.94353,NORMAL,2026-09-29T052155Z
01AK001,SHOGOMOC STREAM NEAR TRANS CANADA HIGHWAY,2026-09-02T20:45:00Z,0.318,0.362,-67.32036,45.94353,NORMAL,2026-09-29T052155Z
01AK001,SHOGOMOC STREAM NEAR TRANS CANADA HIGHWAY,2026-09-02T20:50:00Z,0.318,0.362,-67.32036,45.94353,NORMAL,2026-09-29T052155Z
01AK001,SHOGOMOC STREAM NEAR TRANS CANADA HIGHWAY,2026-09-02T20:55:00Z,0.318,0.362,-67.32036,45.94353,NORMAL,2026-09-29T052155Z
01AK001,SHOGOMOC STREAM NEAR TRANS CANADA HIGHWAY,2026-09-02T21:00:00Z,0.317,0.359,-67.32036,45.94353,NORMAL,2026-09-29T052155Z
01AK001,SHOGOMOC STREAM NEAR TRANS CANADA HIGHWAY,2026-09-02T21:05:00Z,0.317,0.359,-67.32036,45.94353,NORMAL,2026-09-29T052155Z
01AK001,SHOGOMOC STREAM NEAR TRANS CANADA HIGHWAY,2026-09-02T21:10:00Z,0.318,0.362,-67.32036,45.94353,NORMAL,2026-09-29T052155Z
01AK001,SHOGOMOC STREAM NEAR TRANS CANADA HIGHWAY,2026-09-02T21:15:00Z,0.318,0.362,-67.32036,45.94353,NORMAL,2026-09-29T052155Z
01AK001,SHOGOMOC STREAM NEAR TRANS CANADA HIGHWAY,2026-09-02T21:20:00Z,0.318,0.362,-67.32036,45.94353,NORMAL,2026-09-29T052155Z
01AK001,SHOGOMOC STREAM NEAR TRANS CANADA HIGHWAY,2026-09-02T21:25:00Z,0.317,0.359,-67.32036,45.94353,NORMAL,2026-09-29T052155Z
01AK001,SHOGOMOC STREAM NEAR TRANS CANADA HIGHWAY,2026-09-02T21:30:00Z,0.317,0.359,-67.32036,45.94353,NORMAL,2026-09-29T052155Z
01AK001,SHOGOMOC STREAM NEAR TRANS CANADA HIGHWAY,2026-09-02T21:35:00Z,0.317,0.359,-67.32036,45.94353,NORMAL,2026-09-29T052155Z
01AK001,SHOGOMOC STREAM NEAR TRANS CANADA HIGHWAY,2026-09-02T21:40:00Z,0.317,0.359,-67.32036,45.94353,NORMAL,2026-09-29T052155Z
01AK001,SHOGOMOC STREAM NEAR TRANS CANADA HIGHWAY,2026-09-02T21:45:00Z,0.317,0.359,-67.32036,45.94353,NORMAL,2026-09-29T052155Z
01AK001,SHOGOMOC STREAM NEAR TRANS CANADA HIGHWAY,2026-09-02T21:50:00Z,0.317,0.359,-67.32036,45.94353,NORMAL,2026-09-29T052155Z
01AK001,SHOGOMOC STREAM NEAR TRANS CANADA HIGHWAY,2026-09-02T21:55:00Z,0.318,0.362,-67.32036,45.94353,NORMAL,2026-09-29T052155Z
01AK001,SHOGOMOC STREAM NEAR TRANS CANADA HIGHWAY,2026-09-02T22:00:00Z,0.318,0.362,-67.32036,45.94353,NORMAL,2026-09-29T052155Z
01AK001,SHOGOMOC STREAM NEAR TRANS CANADA HIGHWAY,2026-09-02T22:05:00Z,0.318,0.362,-67.32036,45.94353,NORMAL,2026-09-29T052155Z
01AK001,SHOGOMOC STREAM NEAR TRANS CANADA HIGHWAY,2026-09-02T22:10:00Z,0.318,0.362,-67.32036,45.94353,NORMAL,2026-09-29T052155Z
01AK001,SHOGOMOC STREAM NEAR TRANS CANADA HIGHWAY,2026-09-02T22:15:00Z,0.317,0.359,-67.32036,45.94353,NORMAL,2026-09-29T052155Z
01AK001,SHOGOMOC STREAM NEAR TRANS CANADA HIGHWAY,2026-09-02T22:20:00Z,0.318,0.362,-67.32036,45.94353,NORMAL,2026-09-29T052155Z
01AK001,SHOGOMOC STREAM NEAR TRANS CANADA HIGHWAY,2026-09-02T22:25:00Z,0.318,0.362,-67.32036,45.94353,NORMAL,2026-09-29T052155Z
01AK001,SHOGOMOC STREAM NEAR TRANS CANADA HIGHWAY,2026-09-02T22:30:00Z,0.317,0.359,-67.32036,45.94353,NORMAL,2026-09-29T052155Z
01AQ001,LEPREAU RIVER AT LEPREAU,2026-08-31T10:35:00Z,0.221,0.673,-66.46828,45.16978,NORMAL,2026-09-29T052155Z
01AQ001,LEPREAU RIVER AT LEPREAU,2026-08-31T10:40:00Z,0.221,0.673,-66.46828,45.16978,NORMAL,2026-09-29T052155Z
01AQ001,LEPREAU RIVER AT LEPREAU,2026-08-31T10:45:00Z,0.221,0.673,-66.46828,45.16978,NORMAL,2026-09-29T052155Z
01AQ001,LEPREAU RIVER AT LEPREAU,2026-08-31T10:50:00Z,0.221,0.673,-66.46828,45.16978,NORMAL,2026-09-29T052155Z
01AQ001,LEPREAU RIVER AT LEPREAU,2026-08-31T10:55:00Z,0.22,0.664,-66.46828,45.16978,NORMAL,2026-09-29T052155Z
01AQ001,LEPREAU RIVER AT LEPREAU,2026-08-31T11:00:00Z,0.22,0.664,-66.46828,45.16978,NORMAL,2026-09-29T052155Z
01AQ001,LEPREAU RIVER AT LEPREAU,2026-08-31T11:40:00Z,0.22,0.664,-66.46828,45.16978,NORMAL,2026-09-29T052155Z
01AQ001,LEPREAU RIVER AT LEPREAU,2026-08-31T11:45:00Z,0.22,0.664,-66.46828,45.16978,NORMAL,2026-09-29T052155Z
01AQ001,LEPREAU RIVER AT LEPREAU,2026-08-31T11:50:00Z,0.22,0.664,-66.46828,45.16978,NORMAL,2026-09-29T052155Z
01AQ001,LEPREAU RIVER AT LEPREAU,2026-08-31T11:55:00Z,0.22,0.664,-66.46828,45.16978,NORMAL,2026-09-29T052155Z
01AQ001,LEPREAU RIVER AT LEPREAU,2026-08-31T12:00:00Z,0.22,0.664,-66.46828,45.16978,NORMAL,2026-09-29T052155Z
01AQ001,LEPREAU RIVER AT LEPREAU,2026-08-31T12:05:00Z,0.22,0.664,-66.46828,45.16978,NORMAL,2026-09-29T052155Z
01AQ001,LEPREAU RIVER AT LEPREAU,2026-08-31T12:10:00Z,0.22,0.664,-66.46828,45.16978,NORMAL,2026-09-29T052155Z
01AQ001,LEPREAU RIVER AT LEPREAU,2026-08-31T12:15:00Z,0.22,0.664,-66.46828,45.16978,NORMAL,2026-09-29T052155Z
01AQ001,LEPREAU RIVER AT LEPREAU,2026-08-31T12:20:00Z,0.22,0.664,-66.46828,45.16978,NORMAL,2026-09-29T052155Z
01AQ001,LEPREAU RIVER AT LEPREAU,2026-08-31T12:25:00Z,0.22,0.664,-66.46828,45.16978,NORMAL,2026-09-29T052155Z
01AQ001,LEPREAU RIVER AT LEPREAU,2026-08-31T12:30:00Z,0.22,0.664,-66.46828,45.16978,NORMAL,2026-09-29T052155Z
01AQ001,LEPREAU RIVER AT LEPREAU,2026-08-31T12:35:00Z,0.22,0.664,-66.46828,45.16978,NORMAL,2026-09-29T052155Z
01AQ001,LEPREAU RIVER AT LEPREAU,2026-08-31T12:40:00Z,0.22,0.664,-66.46828,45.16978,NORMAL,2026-09-29T052155Z
01AQ001,LEPREAU RIVER AT LEPREAU,2026-08-31T12:45:00Z,0.22,0.664,-66.46828,45.16978,NORMAL,2026-09-29T052155Z
01AQ001,LEPREAU RIVER AT LEPREAU,2026-08-31T11:05:00Z,0.22,0.664,-66.46828,45.16978,NORMAL,2026-09-29T052155Z
01AQ001,LEPREAU RIVER AT LEPREAU,2026-08-31T11:10:00Z,0.22,0.664,-66.46828,45.16978,NORMAL,2026-09-29T052155Z
01AQ001,LEPREAU RIVER AT LEPREAU,2026-08-31T11:15:00Z,0.22,0.664,-66.46828,45.16978,NORMAL,2026-09-29T052155Z
01AQ001,LEPREAU RIVER AT LEPREAU,2026-08-31T11:20:00Z,0.22,0.664,-66.46828,45.16978,NORMAL,2026-09-29T052155Z
01AQ001,LEPREAU RIVER AT LEPREAU,2026-08-31T11:25:00Z,0.22,0.664,-66.46828,45.16978,NORMAL,2026-09-29T052155Z
01AQ001,LEPREAU RIVER AT LEPREAU,2026-08-31T11:30:00Z,0.22,0.664,-66.46828,45.16978,NORMAL,2026-09-29T052155Z
01AQ001,LEPREAU RIVER AT LEPREAU,2026-08-31T11:35:00Z,0.22,0.664,-66.46828,45.16978,NORMAL,2026-09-29T052155Z
01AQ001,LEPREAU RIVER AT LEPREAU,2026-08-31T10:05:00Z,0.221,0.673,-66.46828,45.16978,NORMAL,2026-09-29T052155Z
01AQ001,LEPREAU RIVER AT LEPREAU,2026-08-31T10:10:00Z,0.221,0.673,-66.46828,45.16978,NORMAL,2026-09-29T052155Z
01AQ001,LEPREAU RIVER AT LEPREAU,2026-08-31T10:15:00Z,0.221,0.673,-66.46828,45.16978,NORMAL,2026-09-29T052155Z
01AQ001,LEPREAU RIVER AT LEPREAU,2026-08-31T10:20:00Z,0.221,0.673,-66.46828,45.16978,NORMAL,2026-09-29T052155Z
01AQ001,LEPREAU RIVER AT LEPREAU,2026-08-31T10:25:00Z,0.221,0.673,-66.46828,45.16978,NORMAL,2026-09-29T052155Z
01AQ001,LEPREAU RIVER AT LEPREAU,2026-08-31T10:30:00Z,0.221,0.673,-66.46828,45.16978,NORMAL,2026-09-29T052155Z
01AQ001,LEPREAU RIVER AT LEPREAU,2026-08-31T12:50:00Z,0.22,0.664,-66.46828,45.16978,NORMAL,2026-09-29T052155Z
01AQ001,LEPREAU RIVER AT LEPREAU,2026-08-31T12:55:00Z,0.219,0.656,-66.46828,45.16978,NORMAL,2026-09-29T052155Z
01AQ001,LEPREAU RIVER AT LEPREAU,2026-08-31T13:00:00Z,0.22,0.664,-66.46828,45.16978,NORMAL,2026-09-29T052155Z
01AQ001,LEPREAU RIVER AT LEPREAU,2026-08-31T13:05:00Z,0.22,0.664,-66.46828,45.16978,NORMAL,2026-09-29T052155Z
01AQ001,LEPREAU RIVER AT LEPREAU,2026-08-31T13:10:00Z,0.22,0.664,-66.46828,45.16978,NORMAL,2026-09-29T052155Z
01AQ001,LEPREAU RIVER AT LEPREAU,2026-08-31T13:15:00Z,0.22,0.664,-66.46828,45.16978,NORMAL,2026-09-29T052155Z
01AQ001,LEPREAU RIVER AT LEPREAU,2026-08-31T13:20:00Z,0.22,0.664,-66.46828,45.16978,NORMAL,2026-09-29T052155Z
01AQ001,LEPREAU RIVER AT LEPREAU,2026-08-31T13:25:00Z,0.22,0.664,-66.46828,45.16978,NORMAL,2026-09-29T052155Z
01AQ001,LEPREAU RIVER AT LEPREAU,2026-08-31T13:30:00Z,0.22,0.664,-66.46828,45.16978,NORMAL,2026-09-29T052155Z
01AQ001,LEPREAU RIVER AT LEPREAU,2026-08-31T13:35:00Z,0.22,0.664,-66.46828,45.16978,NORMAL,2026-09-29T052155Z
01AQ001,LEPREAU RIVER AT LEPREAU,2026-08-31T13:40:00Z,0.22,0.664,-66.46828,45.16978,NORMAL,2026-09-29T052155Z
01AQ001,LEPREAU RIVER AT LEPREAU,2026-08-31T13:45:00Z,0.22,0.664,-66.46828,45.16978,NORMAL,2026-09-29T052155Z
01AQ001,LEPREAU RIVER AT LEPREAU,2026-08-31T13:50:00Z,0.22,0.664,-66.46828,45.16978,NORMAL,2026-09-29T052155Z
01AQ001,LEPREAU RIVER AT LEPREAU,2026-08-31T13:55:00Z,0.219,0.656,-66.46828,45.16978,NORMAL,2026-09-29T052155Z
01AQ001,LEPREAU RIVER AT LEPREAU,2026-08-31T14:00:00Z,0.22,0.664,-66.46828,45.16978,NORMAL,2026-09-29T052155Z
01AQ001,LEPREAU RIVER AT LEPREAU,2026-08-31T14:05:00Z,0.22,0.664,-66.46828,45.16978,NORMAL,2026-09-29T052155Z
01AQ001,LEPREAU RIVER AT LEPREAU,2026-08-31T14:10:00Z,0.219,0.656,-66.46828,45.16978,NORMAL,2026-09-29T052155Z
01AQ001,LEPREAU RIVER AT LEPREAU,2026-08-31T14:15:00Z,0.22,0.664,-66.46828,45.16978,NORMAL,2026-09-29T052155Z
01AQ001,LEPREAU RIVER AT LEPREAU,2026-08-31T14:20:00Z,0.22,0.664,-66.46828,45.16978,NORMAL,2026-09-29T052155Z
01AQ001,LEPREAU RIVER AT LEPREAU,2026-08-31T14:25:00Z,0.22,0.664,-66.46828,45.16978,NORMAL,2026-09-29T052155Z
01AQ001,LEPREAU RIVER AT LEPREAU,2026-08-31T14:30:00Z,0.22,0.664,-66.46828,45.16978,NORMAL,2026-09-29T052155Z
01AQ001,LEPREAU RIVER AT LEPREAU,2026-08-31T15:35:00Z,0.219,0.656,-66.46828,45.16978,NORMAL,2026-09-29T052155Z
01AQ001,LEPREAU RIVER AT LEPREAU,2026-08-31T15:40:00Z,0.22,0.664,-66.46828,45.16978,NORMAL,2026-09-29T052155Z
01AQ001,LEPREAU RIVER AT LEPREAU,2026-08-31T15:45:00Z,0.219,0.656,-66.46828,45.16978,NORMAL,2026-09-29T052155Z
01AQ001,LEPREAU RIVER AT LEPREAU,2026-08-31T15:50:00Z,0.219,0.656,-66.46828,45.16978,NORMAL,2026-09-29T052155Z
01AQ001,LEPREAU RIVER AT LEPREAU,2026-08-31T15:55:00Z,0.218,0.648,-66.46828,45.16978,NORMAL,2026-09-29T052155Z
01AQ001,LEPREAU RIVER AT LEPREAU,2026-08-31T16:00:00Z,0.22,0.664,-66.46828,45.16978,NORMAL,2026-09-29T052155Z
01AQ001,LEPREAU RIVER AT LEPREAU,2026-08-31T16:05:00Z,0.219,0.656,-66.46828,45.16978,NORMAL,2026-09-29T052155Z
01AQ001,LEPREAU RIVER AT LEPREAU,2026-08-31T16:10:00Z,0.219,0.656,-66.46828,45.16978,NORMAL,2026-09-29T052155Z
01AQ001,LEPREAU RIVER AT LEPREAU,2026-08-31T16:15:00Z,0.219,0.656,-66.46828,45.16978,NORMAL,2026-09-29T052155Z
01AQ001,LEPREAU RIVER AT LEPREAU,2026-08-31T16:20:00Z,0.219,0.656,-66.46828,45.16978,NORMAL,2026-09-29T052155Z
01AQ001,LEPREAU RIVER AT LEPREAU,2026-08-31T16:25:00Z,0.218,0.648,-66.46828,45.16978,NORMAL,2026-09-29T052155Z
01AQ001,LEPREAU RIVER AT LEPREAU,2026-08-31T16:30:00Z,0.218,0.648,-66.46828,45.16978,NORMAL,2026-09-29T052155Z
01AQ001,LEPREAU RIVER AT LEPREAU,2026-08-31T15:05:00Z,0.219,0.656,-66.46828,45.16978,NORMAL,2026-09-29T052155Z
01AQ001,LEPREAU RIVER AT LEPREAU,2026-08-31T15:10:00Z,0.219,0.656,-66.46828,45.16978,NORMAL,2026-09-29T052155Z
01AQ001,LEPREAU RIVER AT LEPREAU,2026-08-31T15:15:00Z,0.219,0.656,-66.46828,45.16978,NORMAL,2026-09-29T052155Z
01AQ001,LEPREAU RIVER AT LEPREAU,2026-08-31T15:20:00Z,0.219,0.656,-66.46828,45.16978,NORMAL,2026-09-29T052155Z
01AQ001,LEPREAU RIVER AT LEPREAU,2026-08-31T15:25:00Z,0.218,0.648,-66.46828,45.16978,NORMAL,2026-09-29T052155Z
01AQ001,LEPREAU RIVER AT LEPREAU,2026-08-31T15:30:00Z,0.219,0.656,-66.46828,45.16978,NORMAL,2026-09-29T052155Z
01AQ001,LEPREAU RIVER AT LEPREAU,2026-08-31T14:35:00Z,0.219,0.656,-66.46828,45.16978,NORMAL,2026-09-29T052155Z
01AQ001,LEPREAU RIVER AT LEPREAU,2026-08-31T14:40:00Z,0.219,0.656,-66.46828,45.16978,NORMAL,2026-09-29T052155Z
01AQ001,LEPREAU RIVER AT LEPREAU,2026-08-31T14:45:00Z,0.219,0.656,-66.46828,45.16978,NORMAL,2026-09-29T052155Z
01AQ001,LEPREAU RIVER AT LEPREAU,2026-08-31T14:50:00Z,0.219,0.656,-66.46828,45.16978,NORMAL,2026-09-29T052155Z
01AQ001,LEPREAU RIVER AT LEPREAU,2026-08-31T14:55:00Z,0.219,0.656,-66.46828,45.16978,NORMAL,2026-09-29T052155Z
01AQ001,LEPREAU RIVER AT LEPREAU,2026-08-31T15:00:00Z,0.219,0.656,-66.46828,45.16978,NORMAL,2026-09-29T052155Z
01AQ001,LEPREAU RIVER AT LEPREAU,2026-08-31T16:35:00Z,0.218,0.648,-66.46828,45.16978,NORMAL,2026-09-29T052155Z
01AQ001,LEPREAU RIVER AT LEPREAU,2026-08-31T16:40:00Z,0.219,0.656,-66.46828,45.16978,NORMAL,2026-09-29T052155Z
01AQ001,LEPREAU RIVER AT LEPREAU,2026-08-31T16:45:00Z,0.219,0.656,-66.46828,45.16978,NORMAL,2026-09-29T052155Z
01AQ001,LEPREAU RIVER AT LEPREAU,2026-08-31T16:50:00Z,0.217,0.639,-66.46828,45.16978,NORMAL,2026-09-29T052155Z
01AQ001,LEPREAU RIVER AT LEPREAU,2026-08-31T16:55:00Z,0.218,0.648,-66.46828,45.16978,NORMAL,2026-09-29T052155Z
01AQ001,LEPREAU RIVER AT LEPREAU,2026-08-31T17:00:00Z,0.219,0.656,-66.46828,45.16978,NORMAL,2026-09-29T052155Z
01AQ001,LEPREAU RIVER AT LEPREAU,2026-08-31T17:05:00Z,0.219,0.656,-66.46828,45.16978,NORMAL,2026-09-29T052155Z
01AQ001,LEPREAU RIVER AT LEPREAU,2026-08-31T17:10:00Z,0.218,0.648,-66.46828,45.16978,NORMAL,2026-09-29T052155Z
01AQ001,LEPREAU RIVER AT LEPREAU,2026-08-31T17:15:00Z,0.218,0.648,-66.46828,45.16978,NORMAL,2026-09-29T052155Z
01AQ001,LEPREAU RIVER AT LEPREAU,2026-08-31T17:20:00Z,0.218,0.648,-66.46828,45.16978,NORMAL,2026-09-29T052155Z
01AQ001,LEPREAU RIVER AT LEPREAU,2026-08-31T17:25:00Z,0.218,0.648,-66.46828,45.16978,NORMAL,2026-09-29T052155Z
01AQ001,LEPREAU RIVER AT LEPREAU,2026-08-31T17:30:00Z,0.217,0.639,-66.46828,45.16978,NORMAL,2026-09-29T052155Z
01AQ001,LEPREAU RIVER AT LEPREAU,2026-08-31T17:35:00Z,0.218,0.648,-66.46828,45.16978,NORMAL,2026-09-29T052155Z
01AQ001,LEPREAU RIVER AT LEPREAU,2026-08-31T17:40:00Z,0.217,0.639,-66.46828,45.16978,NORMAL,2026-09-29T052155Z
01AQ001,LEPREAU RIVER AT LEPREAU,2026-08-31T17:45:00Z,0.218,0.648,-66.46828,45.16978,NORMAL,2026-09-29T052155Z
01AQ001,LEPREAU RIVER AT LEPREAU,2026-08-31T17:50:00Z,0.218,0.648,-66.46828,45.16978,NORMAL,2026-09-29T052155Z
01AQ001,LEPREAU RIVER AT LEPREAU,2026-08-31T17:55:00Z,0.218,0.648,-66.46828,45.16978,NORMAL,2026-09-29T052155Z
01AQ001,LEPREAU RIVER AT LEPREAU,2026-08-31T18:00:00Z,0.217,0.639,-66.46828,45.16978,NORMAL,2026-09-29T052155Z
01AQ001,LEPREAU RIVER AT LEPREAU,2026-08-31T18:05:00Z,0.217,0.639,-66.46828,45.16978,NORMAL,2026-09-29T052155Z
01AQ001,LEPREAU RIVER AT LEPREAU,2026-08-31T18:10:00Z,0.217,0.639,-66.46828,45.16978,NORMAL,2026-09-29T052155Z
01AQ001,LEPREAU RIVER AT LEPREAU,2026-08-31T18:15:00Z,0.218,0.648,-66.46828,45.16978,NORMAL,2026-09-29T052155Z
01AQ001,LEPREAU RIVER AT LEPREAU,2026-08-31T18:20:00Z,0.216,0.631,-66.46828,45.16978,NORMAL,2026-09-29T052155Z
01AQ001,LEPREAU RIVER AT LEPREAU,2026-08-31T18:25:00Z,0.217,0.639,-66.46828,45.16978,NORMAL,2026-09-29T052155Z
01AQ001,LEPREAU RIVER AT LEPREAU,2026-08-31T18:30:00Z,0.216,0.631,-66.46828,45.16978,NORMAL,2026-09-29T052155Z
01AQ001,LEPREAU RIVER AT LEPREAU,2026-08-31T18:35:00Z,0.217,0.639,-66.46828,45.16978,NORMAL,2026-09-29T052155Z
01AQ001,LEPREAU RIVER AT LEPREAU,2026-08-31T18:40:00Z,0.216,0.631,-66.46828,45.16978,NORMAL,2026-09-29T052155Z
01AQ001,LEPREAU RIVER AT LEPREAU,2026-08-31T18:45:00Z,0.217,0.639,-66.46828,45.16978,NORMAL,2026-09-29T052155Z
01AQ001,LEPREAU RIVER AT LEPREAU,2026-08-31T18:50:00Z,0.217,0.639,-66.46828,45.16978,NORMAL,2026-09-29T052155Z
01AQ001,LEPREAU RIVER AT LEPREAU,2026-08-31T18:55:00Z,0.216,0.631,-66.46828,45.16978,NORMAL,2026-09-29T052155Z
01AQ001,LEPREAU RIVER AT LEPREAU,2026-08-31T19:00:00Z,0.216,0.631,-66.46828,45.16978,NORMAL,2026-09-29T052155Z
01AQ001,LEPREAU RIVER AT LEPREAU,2026-08-31T19:05:00Z,0.216,0.631,-66.46828,45.16978,NORMAL,2026-09-29T052155Z
01AQ001,LEPREAU RIVER AT LEPREAU,2026-08-31T19:10:00Z,0.216,0.631,-66.46828,45.16978,NORMAL,2026-09-29T052155Z
01AQ001,LEPREAU RIVER AT LEPREAU,2026-08-31T19:15:00Z,0.216,0.631,-66.46828,45.16978,NORMAL,2026-09-29T052155Z
01AQ001,LEPREAU RIVER AT LEPREAU,2026-08-31T19:20:00Z,0.216,0.631,-66.46828,45.16978,NORMAL,2026-09-29T052155Z
01AQ001,LEPREAU RIVER AT LEPREAU,2026-08-31T19:25:00Z,0.216,0.631,-66.46828,45.16978,NORMAL,2026-09-29T052155Z
01AQ001,LEPREAU RIVER AT LEPREAU,2026-08-31T19:30:00Z,0.216,0.631,-66.46828,45.16978,NORMAL,2026-09-29T052155Z
01AQ001,LEPREAU RIVER AT LEPREAU,2026-08-31T19:35:00Z,0.216,0.631,-66.46828,45.16978,NORMAL,2026-09-29T052155Z
01AQ001,LEPREAU RIVER AT LEPREAU,2026-08-31T19:40:00Z,0.216,0.631,-66.46828,45.16978,NORMAL,2026-09-29T052155Z
01AQ001,LEPREAU RIVER AT LEPREAU,2026-08-31T19:45:00Z,0.215,0.623,-66.46828,45.16978,NORMAL,2026-09-29T052155Z
01AQ001,LEPREAU RIVER AT LEPREAU,2026-08-31T19:50:00Z,0.216,0.631,-66.46828,45.16978,NORMAL,2026-09-29T052155Z
01AQ001,LEPREAU RIVER AT LEPREAU,2026-08-31T19:55:00Z,0.216,0.631,-66.46828,45.16978,NORMAL,2026-09-29T052155Z
01AQ001,LEPREAU RIVER AT LEPREAU,2026-08-31T20:00:00Z,0.215,0.623,-66.46828,45.16978,NORMAL,2026-09-29T052155Z
01AQ001,LEPREAU RIVER AT LEPREAU,2026-08-31T00:05:00Z,0.224,0.699,-66.46828,45.16978,NORMAL,2026-09-29T052155Z
01AQ001,LEPREAU RIVER AT LEPREAU,2026-08-31T00:10:00Z,0.224,0.699,-66.46828,45.16978,NORMAL,2026-09-29T052155Z
01AQ001,LEPREAU RIVER AT LEPREAU,2026-08-31T00:15:00Z,0.224,0.699,-66.46828,45.16978,NORMAL,2026-09-29T052155Z
01AQ001,LEPREAU RIVER AT LEPREAU,2026-08-31T00:20:00Z,0.224,0.699,-66.46828,45.16978,NORMAL,2026-09-29T052155Z
01AQ001,LEPREAU RIVER AT LEPREAU,2026-08-31T00:25:00Z,0.224,0.699,-66.46828,45.16978,NORMAL,2026-09-29T052155Z
01AQ001,LEPREAU RIVER AT LEPREAU,2026-08-31T00:30:00Z,0.224,0.699,-66.46828,45.16978,NORMAL,2026-09-29T052155Z
01AQ001,LEPREAU RIVER AT LEPREAU,2026-08-31T00:35:00Z,0.224,0.699,-66.46828,45.16978,NORMAL,2026-09-29T052155Z
01AQ001,LEPREAU RIVER AT LEPREAU,2026-08-31T00:40:00Z,0.224,0.699,-66.46828,45.16978,NORMAL,2026-09-29T052155Z
01AQ001,LEPREAU RIVER AT LEPREAU,2026-08-31T00:45:00Z,0.224,0.699,-66.46828,45.16978,NORMAL,2026-09-29T052155Z
01AQ001,LEPREAU RIVER AT LEPREAU,2026-08-31T00:50:00Z,0.224,0.699,-66.46828,45.16978,NORMAL,2026-09-29T052155Z
01AQ001,LEPREAU RIVER AT LEPREAU,2026-08-31T00:55:00Z,0.224,0.699,-66.46828,45.16978,NORMAL,2026-09-29T052155Z
01AQ001,LEPREAU RIVER AT LEPREAU,2026-08-31T01:00:00Z,0.224,0.699,-66.46828,45.16978,NORMAL,2026-09-29T052155Z
01AQ001,LEPREAU RIVER AT LEPREAU,2026-08-31T01:05:00Z,0.224,0.699,-66.46828,45.16978,NORMAL,2026-09-29T052155Z
01AQ001,LEPREAU RIVER AT LEPREAU,2026-08-31T01:10:00Z,0.225,0.707,-66.46828,45.16978,NORMAL,2026-09-29T052155Z
01AQ001,LEPREAU RIVER AT LEPREAU,2026-08-31T01:15:00Z,0.224,0.699,-66.46828,45.16978,NORMAL,2026-09-29T052155Z
01AQ001,LEPREAU RIVER AT LEPREAU,2026-08-31T01:20:00Z,0.224,0.699,-66.46828,45.16978,NORMAL,2026-09-29T052155Z
01AQ001,LEPREAU RIVER AT LEPREAU,2026-08-31T01:25:00Z,0.224,0.699,-66.46828,45.16978,NORMAL,2026-09-29T052155Z
01AQ001,LEPREAU RIVER AT LEPREAU,2026-08-31T01:30:00Z,0.225,0.707,-66.46828,45.16978,NORMAL,2026-09-29T052155Z
01AQ001,LEPREAU RIVER AT LEPREAU,2026-08-31T00:00:00Z,0.224,0.699,-66.46828,45.16978,NORMAL,2026-09-29T052155Z
01AQ001,LEPREAU RIVER AT LEPREAU,2026-08-31T01:35:00Z,0.225,0.707,-66.46828,45.16978,NORMAL,2026-09-29T052155Z
01AQ001,LEPREAU RIVER AT LEPREAU,2026-08-31T01:40:00Z,0.225,0.707,-66.46828,45.16978,NORMAL,2026-09-29T052155Z
01AQ001,LEPREAU RIVER AT LEPREAU,2026-08-31T01:45:00Z,0.224,0.699,-66.46828,45.16978,NORMAL,2026-09-29T052155Z
01AQ001,LEPREAU RIVER AT LEPREAU,2026-08-31T01:50:00Z,0.225,0.707,-66.46828,45.16978,NORMAL,2026-09-29T052155Z
01AQ001,LEPREAU RIVER AT LEPREAU,2026-08-31T01:55:00Z,0.225,0.707,-66.46828,45.16978,NORMAL,2026-09-29T052155Z
01AQ001,LEPREAU RIVER AT LEPREAU,2026-08-31T02:00:00Z,0.224,0.699,-66.46828,45.16978,NORMAL,2026-09-29T052155Z
01AQ001,LEPREAU RIVER AT LEPREAU,2026-08-31T02:05:00Z,0.224,0.699,-66.46828,45.16978,NORMAL,2026-09-29T052155Z
01AQ001,LEPREAU RIVER AT LEPREAU,2026-08-31T02:10:00Z,0.224,0.699,-66.46828,45.16978,NORMAL,2026-09-29T052155Z
01AQ001,LEPREAU RIVER AT LEPREAU,2026-08-31T02:15:00Z,0.225,0.707,-66.46828,45.16978,NORMAL,2026-09-29T052155Z
01AQ001,LEPREAU RIVER AT LEPREAU,2026-08-31T02:20:00Z,0.224,0.699,-66.46828,45.16978,NORMAL,2026-09-29T052155Z
01AQ001,LEPREAU RIVER AT LEPREAU,2026-08-31T02:25:00Z,0.224,0.699,-66.46828,45.16978,NORMAL,2026-09-29T052155Z
01AQ001,LEPREAU RIVER AT LEPREAU,2026-08-31T02:30:00Z,0.224,0.699,-66.46828,45.16978,NORMAL,2026-09-29T052155Z
01AQ001,LEPREAU RIVER AT LEPREAU,2026-08-31T02:35:00Z,0.224,0.699,-66.46828,45.16978,NORMAL,2026-09-29T052155Z
01AQ001,LEPREAU RIVER AT LEPREAU,2026-08-31T02:40:00Z,0.224,0.699,-66.46828,45.16978,NORMAL,2026-09-29T052155Z
01AQ001,LEPREAU RIVER AT LEPREAU,2026-08-31T02:45:00Z,0.224,0.699,-66.46828,45.16978,NORMAL,2026-09-29T052155Z
01AQ001,LEPREAU RIVER AT LEPREAU,2026-08-31T02:50:00Z,0.224,0.699,-66.46828,45.16978,NORMAL,2026-09-29T052155Z
01AQ001,LEPREAU RIVER AT LEPREAU,2026-08-31T02:55:00Z,0.224,0.699,-66.46828,45.16978,NORMAL,2026-09-29T052155Z
01AQ001,LEPREAU RIVER AT LEPREAU,2026-08-31T03:00:00Z,0.224,0.699,-66.46828,45.16978,NORMAL,2026-09-29T052155Z
01AQ001,LEPREAU RIVER AT LEPREAU,2026-08-31T03:05:00Z,0.224,0.699,-66.46828,45.16978,NORMAL,2026-09-29T052155Z
01AQ001,LEPREAU RIVER AT LEPREAU,2026-08-31T03:10:00Z,0.224,0.699,-66.46828,45.16978,NORMAL,2026-09-29T052155Z
01AQ001,LEPREAU RIVER AT LEPREAU,2026-08-31T03:15:00Z,0.224,0.699,-66.46828,45.16978,NORMAL,2026-09-29T052155Z
01AQ001,LEPREAU RIVER AT LEPREAU,2026-08-31T03:20:00Z,0.224,0.699,-66.46828,45.16978,NORMAL,2026-09-29T052155Z
01AQ001,LEPREAU RIVER AT LEPREAU,2026-08-31T03:25:00Z,0.224,0.699,-66.46828,45.16978,NORMAL,2026-09-29T052155Z
01AQ001,LEPREAU RIVER AT LEPREAU,2026-08-31T03:30:00Z,0.224,0.699,-66.46828,45.16978,NORMAL,2026-09-29T052155Z
01AQ001,LEPREAU RIVER AT LEPREAU,2026-08-31T03:35:00Z,0.224,0.699,-66.46828,45.16978,NORMAL,2026-09-29T052155Z
01AQ001,LEPREAU RIVER AT LEPREAU,2026-08-31T03:40:00Z,0.224,0.699,-66.46828,45.16978,NORMAL,2026-09-29T052155Z
01AQ001,LEPREAU RIVER AT LEPREAU,2026-08-31T03:45:00Z,0.224,0.699,-66.46828,45.16978,NORMAL,2026-09-29T052155Z
01AQ001,LEPREAU RIVER AT LEPREAU,2026-08-31T03:50:00Z,0.224,0.699,-66.46828,45.16978,NORMAL,2026-09-29T052155Z
01AQ001,LEPREAU RIVER AT LEPREAU,2026-08-31T03:55:00Z,0.224,0.699,-66.46828,45.16978,NORMAL,2026-09-29T052155Z
01AQ001,LEPREAU RIVER AT LEPREAU,2026-08-31T04:00:00Z,0.224,0.699,-66.46828,45.16978,NORMAL,2026-09-29T052155Z
01AQ001,LEPREAU RIVER AT LEPREAU,2026-08-31T04:05:00Z,0.224,0.699,-66.46828,45.16978,NORMAL,2026-09-29T052155Z
01AQ001,LEPREAU RIVER AT LEPREAU,2026-08-31T04:10:00Z,0.224,0.699,-66.46828,45.16978,NORMAL,2026-09-29T052155Z
01AQ001,LEPREAU RIVER AT LEPREAU,2026-08-31T04:15:00Z,0.224,0.699,-66.46828,45.16978,NORMAL,2026-09-29T052155Z
01AQ001,LEPREAU RIVER AT LEPREAU,2026-08-31T04:20:00Z,0.224,0.699,-66.46828,45.16978,NORMAL,2026-09-29T052155Z
01AQ001,LEPREAU RIVER AT LEPREAU,2026-08-31T04:25:00Z,0.224,0.699,-66.46828,45.16978,NORMAL,2026-09-29T052155Z
01AQ001,LEPREAU RIVER AT LEPREAU,2026-08-31T04:30:00Z,0.224,0.699,-66.46828,45.16978,NORMAL,2026-09-29T052155Z
01AQ001,LEPREAU RIVER AT LEPREAU,2026-08-31T04:35:00Z,0.224,0.699,-66.46828,45.16978,NORMAL,2026-09-29T052155Z
01AQ001,LEPREAU RIVER AT LEPREAU,2026-08-31T04:40:00Z,0.224,0.699,-66.46828,45.16978,NORMAL,2026-09-29T052155Z
01AQ001,LEPREAU RIVER AT LEPREAU,2026-08-31T04:45:00Z,0.224,0.699,-66.46828,45.16978,NORMAL,2026-09-29T052155Z
01AQ001,LEPREAU RIVER AT LEPREAU,2026-08-31T04:50:00Z,0.224,0.699,-66.46828,45.16978,NORMAL,2026-09-29T052155Z
01AQ001,LEPREAU RIVER AT LEPREAU,2026-08-31T04:55:00Z,0.224,0.699,-66.46828,45.16978,NORMAL,2026-09-29T052155Z
01AQ001,LEPREAU RIVER AT LEPREAU,2026-08-31T05:00:00Z,0.224,0.699,-66.46828,45.16978,NORMAL,2026-09-29T052155Z
01AQ001,LEPREAU RIVER AT LEPREAU,2026-08-31T05:05:00Z,0.224,0.699,-66.46828,45.16978,NORMAL,2026-09-29T052155Z
01AQ001,LEPREAU RIVER AT LEPREAU,2026-08-31T05:10:00Z,0.224,0.699,-66.46828,45.16978,NORMAL,2026-09-29T052155Z
01AQ001,LEPREAU RIVER AT LEPREAU,2026-08-31T05:15:00Z,0.224,0.699,-66.46828,45.16978,NORMAL,2026-09-29T052155Z
01AQ001,LEPREAU RIVER AT LEPREAU,2026-08-31T05:20:00Z,0.224,0.699,-66.46828,45.16978,NORMAL,2026-09-29T052155Z
01AQ001,LEPREAU RIVER AT LEPREAU,2026-08-31T05:25:00Z,0.224,0.699,-66.46828,45.16978,NORMAL,2026-09-29T052155Z
01AQ001,LEPREAU RIVER AT LEPREAU,2026-08-31T05:30:00Z,0.224,0.699,-66.46828,45.16978,NORMAL,2026-09-29T052155Z
01AQ001,LEPREAU RIVER AT LEPREAU,2026-08-31T05:35:00Z,0.224,0.699,-66.46828,45.16978,NORMAL,2026-09-29T052155Z
01AQ001,LEPREAU RIVER AT LEPREAU,2026-08-31T05:40:00Z,0.224,0.699,-66.46828,45.16978,NORMAL,2026-09-29T052155Z
01AQ001,LEPREAU RIVER AT LEPREAU,2026-08-31T05:45:00Z,0.224,0.699,-66.46828,45.16978,NORMAL,2026-09-29T052155Z
01AQ001,LEPREAU RIVER AT LEPREAU,2026-08-31T05:50:00Z,0.224,0.699,-66.46828,45.16978,NORMAL,2026-09-29T052155Z
01AQ001,LEPREAU RIVER AT LEPREAU,2026-08-31T05:55:00Z,0.223,0.69,-66.46828,45.16978,NORMAL,2026-09-29T052155Z
01AQ001,LEPREAU RIVER AT LEPREAU,2026-08-31T06:00:00Z,0.223,0.69,-66.46828,45.16978,NORMAL,2026-09-29T052155Z
01AQ001,LEPREAU RIVER AT LEPREAU,2026-08-31T06:05:00Z,0.224,0.699,-66.46828,45.16978,NORMAL,2026-09-29T052155Z
01AQ001,LEPREAU RIVER AT LEPREAU,2026-08-31T06:10:00Z,0.223,0.69,-66.46828,45.16978,NORMAL,2026-09-29T052155Z
01AQ001,LEPREAU RIVER AT LEPREAU,2026-08-31T06:15:00Z,0.223,0.69,-66.46828,45.16978,NORMAL,2026-09-29T052155Z
01AQ001,LEPREAU RIVER AT LEPREAU,2026-08-31T06:20:00Z,0.224,0.699,-66.46828,45.16978,NORMAL,2026-09-29T052155Z
01AQ001,LEPREAU RIVER AT LEPREAU,2026-08-31T06:25:00Z,0.223,0.69,-66.46828,45.16978,NORMAL,2026-09-29T052155Z
01AQ001,LEPREAU RIVER AT LEPREAU,2026-08-31T06:30:00Z,0.223,0.69,-66.46828,45.16978,NORMAL,2026-09-29T052155Z
01AQ001,LEPREAU RIVER AT LEPREAU,2026-08-31T06:35:00Z,0.223,0.69,-66.46828,45.16978,NORMAL,2026-09-29T052155Z
01AQ001,LEPREAU RIVER AT LEPREAU,2026-08-31T06:40:00Z,0.223,0.69,-66.46828,45.16978,NORMAL,2026-09-29T052155Z
01AQ001,LEPREAU RIVER AT LEPREAU,2026-08-31T06:45:00Z,0.223,0.69,-66.46828,45.16978,NORMAL,2026-09-29T052155Z
01AQ001,LEPREAU RIVER AT LEPREAU,2026-08-31T06:50:00Z,0.223,0.69,-66.46828,45.16978,NORMAL,2026-09-29T052155Z
01AQ001,LEPREAU RIVER AT LEPREAU,2026-08-31T06:55:00Z,0.223,0.69,-66.46828,45.16978,NORMAL,2026-09-29T052155Z
01AQ001,LEPREAU RIVER AT LEPREAU,2026-08-31T07:00:00Z,0.223,0.69,-66.46828,45.16978,NORMAL,2026-09-29T052155Z
01AQ001,LEPREAU RIVER AT LEPREAU,2026-08-31T07:35:00Z,0.222,0.681,-66.46828,45.16978,NORMAL,2026-09-29T052155Z
01AQ001,LEPREAU RIVER AT LEPREAU,2026-08-31T07:40:00Z,0.222,0.681,-66.46828,45.16978,NORMAL,2026-09-29T052155Z
01AQ001,LEPREAU RIVER AT LEPREAU,2026-08-31T07:45:00Z,0.223,0.69,-66.46828,45.16978,NORMAL,2026-09-29T052155Z
01AQ001,LEPREAU RIVER AT LEPREAU,2026-08-31T07:50:00Z,0.222,0.681,-66.46828,45.16978,NORMAL,2026-09-29T052155Z
01AQ001,LEPREAU RIVER AT LEPREAU,2026-08-31T07:55:00Z,0.222,0.681,-66.46828,45.16978,NORMAL,2026-09-29T052155Z
01AQ001,LEPREAU RIVER AT LEPREAU,2026-08-31T08:00:00Z,0.222,0.681,-66.46828,45.16978,NORMAL,2026-09-29T052155Z
01AQ001,LEPREAU RIVER AT LEPREAU,2026-08-31T07:05:00Z,0.223,0.69,-66.46828,45.16978,NORMAL,2026-09-29T052155Z
01AQ001,LEPREAU RIVER AT LEPREAU,2026-08-31T07:10:00Z,0.223,0.69,-66.46828,45.16978,NORMAL,2026-09-29T052155Z
01AQ001,LEPREAU RIVER AT LEPREAU,2026-08-31T07:15:00Z,0.223,0.69,-66.46828,45.16978,NORMAL,2026-09-29T052155Z
01AQ001,LEPREAU RIVER AT LEPREAU,2026-08-31T07:20:00Z,0.223,0.69,-66.46828,45.16978,NORMAL,2026-09-29T052155Z
01AQ001,LEPREAU RIVER AT LEPREAU,2026-08-31T07:25:00Z,0.223,0.69,-66.46828,45.16978,NORMAL,2026-09-29T052155Z
01AQ001,LEPREAU RIVER AT LEPREAU,2026-08-31T07:30:00Z,0.223,0.69,-66.46828,45.16978,NORMAL,2026-09-29T052155Z
01AQ001,LEPREAU RIVER AT LEPREAU,2026-08-31T08:05:00Z,0.222,0.681,-66.46828,45.16978,NORMAL,2026-09-29T052155Z
01AQ001,LEPREAU RIVER AT LEPREAU,2026-08-31T08:10:00Z,0.222,0.681,-66.46828,45.16978,NORMAL,2026-09-29T052155Z
01AQ001,LEPREAU RIVER AT LEPREAU,2026-08-31T08:15:00Z,0.222,0.681,-66.46828,45.16978,NORMAL,2026-09-29T052155Z
01AQ001,LEPREAU RIVER AT LEPREAU,2026-08-31T08:20:00Z,0.222,0.681,-66.46828,45.16978,NORMAL,2026-09-29T052155Z
01AQ001,LEPREAU RIVER AT LEPREAU,2026-08-31T08:25:00Z,0.222,0.681,-66.46828,45.16978,NORMAL,2026-09-29T052155Z
01AQ001,LEPREAU RIVER AT LEPREAU,2026-08-31T08:30:00Z,0.222,0.681,-66.46828,45.16978,NORMAL,2026-09-29T052155Z
01AQ001,LEPREAU RIVER AT LEPREAU,2026-08-31T08:35:00Z,0.222,0.681,-66.46828,45.16978,NORMAL,2026-09-29T052155Z
01AQ001,LEPREAU RIVER AT LEPREAU,2026-08-31T08:40:00Z,0.222,0.681,-66.46828,45.16978,NORMAL,2026-09-29T052155Z
01AQ001,LEPREAU RIVER AT LEPREAU,2026-08-31T08:45:00Z,0.222,0.681,-66.46828,45.16978,NORMAL,2026-09-29T052155Z
01AQ001,LEPREAU RIVER AT LEPREAU,2026-08-31T08:50:00Z,0.222,0.681,-66.46828,45.16978,NORMAL,2026-09-29T052155Z
01AQ001,LEPREAU RIVER AT LEPREAU,2026-08-31T08:55:00Z,0.222,0.681,-66.46828,45.16978,NORMAL,2026-09-29T052155Z
01AQ001,LEPREAU RIVER AT LEPREAU,2026-08-31T09:00:00Z,0.222,0.681,-66.46828,45.16978,NORMAL,2026-09-29T052155Z
01AQ001,LEPREAU RIVER AT LEPREAU,2026-08-31T09:05:00Z,0.222,0.681,-66.46828,45.16978,NORMAL,2026-09-29T052155Z
01AQ001,LEPREAU RIVER AT LEPREAU,2026-08-31T09:10:00Z,0.222,0.681,-66.46828,45.16978,NORMAL,2026-09-29T052155Z
01AQ001,LEPREAU RIVER AT LEPREAU,2026-08-31T09:15:00Z,0.221,0.673,-66.46828,45.16978,NORMAL,2026-09-29T052155Z
01AQ001,LEPREAU RIVER AT LEPREAU,2026-08-31T09:20:00Z,0.221,0.673,-66.46828,45.16978,NORMAL,2026-09-29T052155Z
01AQ001,LEPREAU RIVER AT LEPREAU,2026-08-31T09:25:00Z,0.221,0.673,-66.46828,45.16978,NORMAL,2026-09-29T052155Z
01AQ001,LEPREAU RIVER AT LEPREAU,2026-08-31T09:30:00Z,0.221,0.673,-66.46828,45.16978,NORMAL,2026-09-29T052155Z
01AQ001,LEPREAU RIVER AT LEPREAU,2026-08-31T09:35:00Z,0.221,0.673,-66.46828,45.16978,NORMAL,2026-09-29T052155Z
01AQ001,LEPREAU RIVER AT LEPREAU,2026-08-31T09:40:00Z,0.221,0.673,-66.46828,45.16978,NORMAL,2026-09-29T052155Z
01AQ001,LEPREAU RIVER AT LEPREAU,2026-08-31T09:45:00Z,0.221,0.673,-66.46828,45.16978,NORMAL,2026-09-29T052155Z
01AQ001,LEPREAU RIVER AT LEPREAU,2026-08-31T09:50:00Z,0.221,0.673,-66.46828,45.16978,NORMAL,2026-09-29T052155Z
01AQ001,LEPREAU RIVER AT LEPREAU,2026-08-31T09:55:00Z,0.221,0.673,-66.46828,45.16978,NORMAL,2026-09-29T052155Z
01AQ001,LEPREAU RIVER AT LEPREAU,2026-08-31T10:00:00Z,0.221,0.673,-66.46828,45.16978,NORMAL,2026-09-29T052155Z
01AQ001,LEPREAU RIVER AT LEPREAU,2026-08-31T21:35:00Z,0.214,0.615,-66.46828,45.16978,NORMAL,2026-09-29T052155Z
01AQ001,LEPREAU RIVER AT LEPREAU,2026-08-31T21:40:00Z,0.214,0.615,-66.46828,45.16978,NORMAL,2026-09-29T052155Z
01AQ001,LEPREAU RIVER AT LEPREAU,2026-08-31T21:45:00Z,0.214,0.615,-66.46828,45.16978,NORMAL,2026-09-29T052155Z
01AQ001,LEPREAU RIVER AT LEPREAU,2026-08-31T21:50:00Z,0.214,0.615,-66.46828,45.16978,NORMAL,2026-09-29T052155Z
01AQ001,LEPREAU RIVER AT LEPREAU,2026-08-31T21:55:00Z,0.214,0.615,-66.46828,45.16978,NORMAL,2026-09-29T052155Z
01AQ001,LEPREAU RIVER AT LEPREAU,2026-08-31T22:00:00Z,0.213,0.607,-66.46828,45.16978,NORMAL,2026-09-29T052155Z
01AQ001,LEPREAU RIVER AT LEPREAU,2026-08-31T22:05:00Z,0.213,0.607,-66.46828,45.16978,NORMAL,2026-09-29T052155Z
01AQ001,LEPREAU RIVER AT LEPREAU,2026-08-31T22:10:00Z,0.213,0.607,-66.46828,45.16978,NORMAL,2026-09-29T052155Z
01AQ001,LEPREAU RIVER AT LEPREAU,2026-08-31T22:15:00Z,0.213,0.607,-66.46828,45.16978,NORMAL,2026-09-29T052155Z
01AQ001,LEPREAU RIVER AT LEPREAU,2026-08-31T22:20:00Z,0.214,0.615,-66.46828,45.16978,NORMAL,2026-09-29T052155Z
01AQ001,LEPREAU RIVER AT LEPREAU,2026-08-31T22:25:00Z,0.214,0.615,-66.46828,45.16978,NORMAL,2026-09-29T052155Z
01AQ001,LEPREAU RIVER AT LEPREAU,2026-08-31T22:30:00Z,0.214,0.615,-66.46828,45.16978,NORMAL,2026-09-29T052155Z
01AQ001,LEPREAU RIVER AT LEPREAU,2026-08-31T22:35:00Z,0.213,0.607,-66.46828,45.16978,NORMAL,2026-09-29T052155Z
01AQ001,LEPREAU RIVER AT LEPREAU,2026-08-31T22:40:00Z,0.214,0.615,-66.46828,45.16978,NORMAL,2026-09-29T052155Z
01AQ001,LEPREAU RIVER AT LEPREAU,2026-08-31T22:45:00Z,0.213,0.607,-66.46828,45.16978,NORMAL,2026-09-29T052155Z
01AQ001,LEPREAU RIVER AT LEPREAU,2026-08-31T22:50:00Z,0.214,0.615,-66.46828,45.16978,NORMAL,2026-09-29T052155Z
01AQ001,LEPREAU RIVER AT LEPREAU,2026-08-31T22:55:00Z,0.214,0.615,-66.46828,45.16978,NORMAL,2026-09-29T052155Z
01AQ001,LEPREAU RIVER AT LEPREAU,2026-08-31T23:00:00Z,0.213,0.607,-66.46828,45.16978,NORMAL,2026-09-29T052155Z
01AQ001,LEPREAU RIVER AT LEPREAU,2026-08-31T23:05:00Z,0.214,0.615,-66.46828,45.16978,NORMAL,2026-09-29T052155Z
01AQ001,LEPREAU RIVER AT LEPREAU,2026-08-31T23:10:00Z,0.213,0.607,-66.46828,45.16978,NORMAL,2026-09-29T052155Z
01AQ001,LEPREAU RIVER AT LEPREAU,2026-08-31T23:15:00Z,0.213,0.607,-66.46828,45.16978,NORMAL,2026-09-29T052155Z
01AQ001,LEPREAU RIVER AT LEPREAU,2026-08-31T23:20:00Z,0.213,0.607,-66.46828,45.16978,NORMAL,2026-09-29T052155Z
01AQ001,LEPREAU RIVER AT LEPREAU,2026-08-31T23:25:00Z,0.213,0.607,-66.46828,45.16978,NORMAL,2026-09-29T052155Z
01AQ001,LEPREAU RIVER AT LEPREAU,2026-08-31T23:30:00Z,0.213,0.607,-66.46828,45.16978,NORMAL,2026-09-29T052155Z
01AQ001,LEPREAU RIVER AT LEPREAU,2026-08-31T23:35:00Z,0.213,0.607,-66.46828,45.16978,NORMAL,2026-09-29T052155Z
01AQ001,LEPREAU RIVER AT LEPREAU,2026-08-31T23:40:00Z,0.213,0.607,-66.46828,45.16978,NORMAL,2026-09-29T052155Z
01AQ001,LEPREAU RIVER AT LEPREAU,2026-08-31T23:45:00Z,0.213,0.607,-66.46828,45.16978,NORMAL,2026-09-29T052155Z
01AQ001,LEPREAU RIVER AT LEPREAU,2026-08-31T23:50:00Z,0.213,0.607,-66.46828,45.16978,NORMAL,2026-09-29T052155Z
01AQ001,LEPREAU RIVER AT LEPREAU,2026-08-31T23:55:00Z,0.213,0.607,-66.46828,45.16978,NORMAL,2026-09-29T052155Z
01AQ001,LEPREAU RIVER AT LEPREAU,2026-08-31T20:40:00Z,0.215,0.623,-66.46828,45.16978,NORMAL,2026-09-29T052155Z
01AQ001,LEPREAU RIVER AT LEPREAU,2026-08-31T20:45:00Z,0.215,0.623,-66.46828,45.16978,NORMAL,2026-09-29T052155Z
01AQ001,LEPREAU RIVER AT LEPREAU,2026-08-31T20:50:00Z,0.214,0.615,-66.46828,45.16978,NORMAL,2026-09-29T052155Z
01AQ001,LEPREAU RIVER AT LEPREAU,2026-08-31T20:55:00Z,0.214,0.615,-66.46828,45.16978,NORMAL,2026-09-29T052155Z
01AQ001,LEPREAU RIVER AT LEPREAU,2026-08-31T21:00:00Z,0.214,0.615,-66.46828,45.16978,NORMAL,2026-09-29T052155Z
01AQ001,LEPREAU RIVER AT LEPREAU,2026-08-31T21:05:00Z,0.215,0.623,-66.46828,45.16978,NORMAL,2026-09-29T052155Z
01AQ001,LEPREAU RIVER AT LEPREAU,2026-08-31T21:10:00Z,0.214,0.615,-66.46828,45.16978,NORMAL,2026-09-29T052155Z
01AQ001,LEPREAU RIVER AT LEPREAU,2026-08-31T21:15:00Z,0.214,0.615,-66.46828,45.16978,NORMAL,2026-09-29T052155Z
01AQ001,LEPREAU RIVER AT LEPREAU,2026-08-31T21:20:00Z,0.214,0.615,-66.46828,45.16978,NORMAL,2026-09-29T052155Z
01AQ001,LEPREAU RIVER AT LEPREAU,2026-08-31T21:25:00Z,0.214,0.615,-66.46828,45.16978,NORMAL,2026-09-29T052155Z
01AQ001,LEPREAU RIVER AT LEPREAU,2026-08-31T21:30:00Z,0.214,0.615,-66.46828,45.16978,NORMAL,2026-09-29T052155Z
01AQ001,LEPREAU RIVER AT LEPREAU,2026-08-31T20:05:00Z,0.215,0.623,-66.46828,45.16978,NORMAL,2026-09-29T052155Z
01AQ001,LEPREAU RIVER AT LEPREAU,2026-08-31T20:10:00Z,0.214,0.615,-66.46828,45.16978,NORMAL,2026-09-29T052155Z
01AQ001,LEPREAU RIVER AT LEPREAU,2026-08-31T20:15:00Z,0.215,0.623,-66.46828,45.16978,NORMAL,2026-09-29T052155Z
01AQ001,LEPREAU RIVER AT LEPREAU,2026-08-31T20:20:00Z,0.215,0.623,-66.46828,45.16978,NORMAL,2026-09-29T052155Z
01AQ001,LEPREAU RIVER AT LEPREAU,2026-08-31T20:25:00Z,0.215,0.623,-66.46828,45.16978,NORMAL,2026-09-29T052155Z
01AQ001,LEPREAU RIVER AT LEPREAU,2026-08-31T20:30:00Z,0.215,0.623,-66.46828,45.16978,NORMAL,2026-09-29T052155Z
01AQ001,LEPREAU RIVER AT LEPREAU,2026-08-31T20:35:00Z,0.215,0.623,-66.46828,45.16978,NORMAL,2026-09-29T052155Z
01AQ001,LEPREAU RIVER AT LEPREAU,2026-09-01T00:00:00Z,0.213,0.607,-66.46828,45.16978,NORMAL,2026-09-29T052155Z
01AQ001,LEPREAU RIVER AT LEPREAU,2026-09-01T00:05:00Z,0.213,0.607,-66.46828,45.16978,NORMAL,2026-09-29T052155Z
01AQ001,LEPREAU RIVER AT LEPREAU,2026-09-01T00:10:00Z,0.213,0.607,-66.46828,45.16978,NORMAL,2026-09-29T052155Z
01AQ001,LEPREAU RIVER AT LEPREAU,2026-09-01T00:15:00Z,0.213,0.607,-66.46828,45.16978,NORMAL,2026-09-29T052155Z
01AQ001,LEPREAU RIVER AT LEPREAU,2026-09-01T00:20:00Z,0.213,0.607,-66.46828,45.16978,NORMAL,2026-09-29T052155Z
01AQ001,LEPREAU RIVER AT LEPREAU,2026-09-01T00:25:00Z,0.213,0.607,-66.46828,45.16978,NORMAL,2026-09-29T052155Z
01AQ001,LEPREAU RIVER AT LEPREAU,2026-09-01T00:30:00Z,0.213,0.607,-66.46828,45.16978,NORMAL,2026-09-29T052155Z
01AQ001,LEPREAU RIVER AT LEPREAU,2026-09-01T00:35:00Z,0.213,0.607,-66.46828,45.16978,NORMAL,2026-09-29T052155Z
01AQ001,LEPREAU RIVER AT LEPREAU,2026-09-01T00:40:00Z,0.213,0.607,-66.46828,45.16978,NORMAL,2026-09-29T052155Z
01AQ001,LEPREAU RIVER AT LEPREAU,2026-09-01T00:45:00Z,0.213,0.607,-66.46828,45.16978,NORMAL,2026-09-29T052155Z
01AQ001,LEPREAU RIVER AT LEPREAU,2026-09-01T00:50:00Z,0.213,0.607,-66.46828,45.16978,NORMAL,2026-09-29T052155Z
01AQ001,LEPREAU RIVER AT LEPREAU,2026-09-01T00:55:00Z,0.213,0.607,-66.46828,45.16978,NORMAL,2026-09-29T052155Z
01AQ001,LEPREAU RIVER AT LEPREAU,2026-09-01T01:00:00Z,0.213,0.607,-66.46828,45.16978,NORMAL,2026-09-29T052155Z
01AQ001,LEPREAU RIVER AT LEPREAU,2026-09-01T01:05:00Z,0.213,0.607,-66.46828,45.16978,NORMAL,2026-09-29T052155Z
01AQ001,LEPREAU RIVER AT LEPREAU,2026-09-01T01:10:00Z,0.213,0.607,-66.46828,45.16978,NORMAL,2026-09-29T052155Z
01AQ001,LEPREAU RIVER AT LEPREAU,2026-09-01T01:15:00Z,0.213,0.607,-66.46828,45.16978,NORMAL,2026-09-29T052155Z
01AQ001,LEPREAU RIVER AT LEPREAU,2026-09-01T01:20:00Z,0.213,0.607,-66.46828,45.16978,NORMAL,2026-09-29T052155Z
01AQ001,LEPREAU RIVER AT LEPREAU,2026-09-01T01:25:00Z,0.213,0.607,-66.46828,45.16978,NORMAL,2026-09-29T052155Z
01AQ001,LEPREAU RIVER AT LEPREAU,2026-09-01T01:30:00Z,0.213,0.607,-66.46828,45.16978,NORMAL,2026-09-29T052155Z
01AQ001,LEPREAU RIVER AT LEPREAU,2026-09-01T01:35:00Z,0.213,0.607,-66.46828,45.16978,NORMAL,2026-09-29T052155Z
01AQ001,LEPREAU RIVER AT LEPREAU,2026-09-01T01:40:00Z,0.213,0.607,-66.46828,45.16978,NORMAL,2026-09-29T052155Z
01AQ001,LEPREAU RIVER AT LEPREAU,2026-09-01T01:45:00Z,0.213,0.607,-66.46828,45.16978,NORMAL,2026-09-29T052155Z
01AQ001,LEPREAU RIVER AT LEPREAU,2026-09-01T01:50:00Z,0.213,0.607,-66.46828,45.16978,NORMAL,2026-09-29T052155Z
01AQ001,LEPREAU RIVER AT LEPREAU,2026-09-01T01:55:00Z,0.213,0.607,-66.46828,45.16978,NORMAL,2026-09-29T052155Z
01AQ001,LEPREAU RIVER AT LEPREAU,2026-09-01T02:00:00Z,0.213,0.607,-66.46828,45.16978,NORMAL,2026-09-29T052155Z
01AQ001,LEPREAU RIVER AT LEPREAU,2026-09-01T02:05:00Z,0.213,0.607,-66.46828,45.16978,NORMAL,2026-09-29T052155Z
01AQ001,LEPREAU RIVER AT LEPREAU,2026-09-01T02:10:00Z,0.213,0.607,-66.46828,45.16978,NORMAL,2026-09-29T052155Z
01AQ001,LEPREAU RIVER AT LEPREAU,2026-09-01T02:15:00Z,0.213,0.607,-66.46828,45.16978,NORMAL,2026-09-29T052155Z
01AQ001,LEPREAU RIVER AT LEPREAU,2026-09-01T02:20:00Z,0.213,0.607,-66.46828,45.16978,NORMAL,2026-09-29T052155Z
01AQ001,LEPREAU RIVER AT LEPREAU,2026-09-01T02:25:00Z,0.212,0.599,-66.46828,45.16978,NORMAL,2026-09-29T052155Z
01AQ001,LEPREAU RIVER AT LEPREAU,2026-09-01T02:30:00Z,0.213,0.607,-66.46828,45.16978,NORMAL,2026-09-29T052155Z
01AQ001,LEPREAU RIVER AT LEPREAU,2026-09-01T02:35:00Z,0.213,0.607,-66.46828,45.16978,NORMAL,2026-09-29T052155Z
01AQ001,LEPREAU RIVER AT LEPREAU,2026-09-01T02:40:00Z,0.213,0.607,-66.46828,45.16978,NORMAL,2026-09-29T052155Z
01AQ001,LEPREAU RIVER AT LEPREAU,2026-09-01T02:45:00Z,0.212,0.599,-66.46828,45.16978,NORMAL,2026-09-29T052155Z
01AQ001,LEPREAU RIVER AT LEPREAU,2026-09-01T02:50:00Z,0.213,0.607,-66.46828,45.16978,NORMAL,2026-09-29T052155Z
01AQ001,LEPREAU RIVER AT LEPREAU,2026-09-01T02:55:00Z,0.213,0.607,-66.46828,45.16978,NORMAL,2026-09-29T052155Z
01AQ001,LEPREAU RIVER AT LEPREAU,2026-09-01T03:00:00Z,0.213,0.607,-66.46828,45.16978,NORMAL,2026-09-29T052155Z
01AQ001,LEPREAU RIVER AT LEPREAU,2026-09-01T03:05:00Z,0.212,0.599,-66.46828,45.16978,NORMAL,2026-09-29T052155Z
01AQ001,LEPREAU RIVER AT LEPREAU,2026-09-01T03:10:00Z,0.212,0.599,-66.46828,45.16978,NORMAL,2026-09-29T052155Z
01AQ001,LEPREAU RIVER AT LEPREAU,2026-09-01T03:15:00Z,0.213,0.607,-66.46828,45.16978,NORMAL,2026-09-29T052155Z
01AQ001,LEPREAU RIVER AT LEPREAU,2026-09-01T03:20:00Z,0.213,0.607,-66.46828,45.16978,NORMAL,2026-09-29T052155Z
01AQ001,LEPREAU RIVER AT LEPREAU,2026-09-01T03:25:00Z,0.213,0.607,-66.46828,45.16978,NORMAL,2026-09-29T052155Z
01AQ001,LEPREAU RIVER AT LEPREAU,2026-09-01T03:30:00Z,0.213,0.607,-66.46828,45.16978,NORMAL,2026-09-29T052155Z
01AQ001,LEPREAU RIVER AT LEPREAU,2026-09-01T03:35:00Z,0.212,0.599,-66.46828,45.16978,NORMAL,2026-09-29T052155Z
01AQ001,LEPREAU RIVER AT LEPREAU,2026-09-01T03:40:00Z,0.212,0.599,-66.46828,45.16978,NORMAL,2026-09-29T052155Z
01AQ001,LEPREAU RIVER AT LEPREAU,2026-09-01T03:45:00Z,0.213,0.607,-66.46828,45.16978,NORMAL,2026-09-29T052155Z
01AQ001,LEPREAU RIVER AT LEPREAU,2026-09-01T03:50:00Z,0.212,0.599,-66.46828,45.16978,NORMAL,2026-09-29T052155Z
01AQ001,LEPREAU RIVER AT LEPREAU,2026-09-01T03:55:00Z,0.212,0.599,-66.46828,45.16978,NORMAL,2026-09-29T052155Z
01AQ001,LEPREAU RIVER AT LEPREAU,2026-09-01T04:00:00Z,0.212,0.599,-66.46828,45.16978,NORMAL,2026-09-29T052155Z
01AQ001,LEPREAU RIVER AT LEPREAU,2026-09-01T04:05:00Z,0.212,0.599,-66.46828,45.16978,NORMAL,2026-09-29T052155Z
01AQ001,LEPREAU RIVER AT LEPREAU,2026-09-01T04:10:00Z,0.212,0.599,-66.46828,45.16978,NORMAL,2026-09-29T052155Z
01AQ001,LEPREAU RIVER AT LEPREAU,2026-09-01T04:15:00Z,0.212,0.599,-66.46828,45.16978,NORMAL,2026-09-29T052155Z
01AQ001,LEPREAU RIVER AT LEPREAU,2026-09-01T04:20:00Z,0.212,0.599,-66.46828,45.16978,NORMAL,2026-09-29T052155Z
01AQ001,LEPREAU RIVER AT LEPREAU,2026-09-01T04:25:00Z,0.212,0.599,-66.46828,45.16978,NORMAL,2026-09-29T052155Z
01AQ001,LEPREAU RIVER AT LEPREAU,2026-09-01T04:30:00Z,0.212,0.599,-66.46828,45.16978,NORMAL,2026-09-29T052155Z
01AQ001,LEPREAU RIVER AT LEPREAU,2026-09-01T04:35:00Z,0.212,0.599,-66.46828,45.16978,NORMAL,2026-09-29T052155Z
01AQ001,LEPREAU RIVER AT LEPREAU,2026-09-01T04:40:00Z,0.212,0.599,-66.46828,45.16978,NORMAL,2026-09-29T052155Z
01AQ001,LEPREAU RIVER AT LEPREAU,2026-09-01T04:45:00Z,0.212,0.599,-66.46828,45.16978,NORMAL,2026-09-29T052155Z
01AQ001,LEPREAU RIVER AT LEPREAU,2026-09-01T04:50:00Z,0.212,0.599,-66.46828,45.16978,NORMAL,2026-09-29T052155Z
01AQ001,LEPREAU RIVER AT LEPREAU,2026-09-01T04:55:00Z,0.212,0.599,-66.46828,45.16978,NORMAL,2026-09-29T052155Z
01AQ001,LEPREAU RIVER AT LEPREAU,2026-09-01T05:00:00Z,0.212,0.599,-66.46828,45.16978,NORMAL,2026-09-29T052155Z
01AQ001,LEPREAU RIVER AT LEPREAU,2026-09-01T05:05:00Z,0.212,0.599,-66.46828,45.16978,NORMAL,2026-09-29T052155Z
01AQ001,LEPREAU RIVER AT LEPREAU,2026-09-01T05:10:00Z,0.212,0.599,-66.46828,45.16978,NORMAL,2026-09-29T052155Z
01AQ001,LEPREAU RIVER AT LEPREAU,2026-09-01T05:15:00Z,0.212,0.599,-66.46828,45.16978,NORMAL,2026-09-29T052155Z
01AQ001,LEPREAU RIVER AT LEPREAU,2026-09-01T05:20:00Z,0.212,0.599,-66.46828,45.16978,NORMAL,2026-09-29T052155Z
01AQ001,LEPREAU RIVER AT LEPREAU,2026-09-01T05:25:00Z,0.212,0.599,-66.46828,45.16978,NORMAL,2026-09-29T052155Z
01AQ001,LEPREAU RIVER AT LEPREAU,2026-09-01T05:30:00Z,0.212,0.599,-66.46828,45.16978,NORMAL,2026-09-29T052155Z
01AQ001,LEPREAU RIVER AT LEPREAU,2026-09-01T05:35:00Z,0.212,0.599,-66.46828,45.16978,NORMAL,2026-09-29T052155Z
01AQ001,LEPREAU RIVER AT LEPREAU,2026-09-01T05:40:00Z,0.212,0.599,-66.46828,45.16978,NORMAL,2026-09-29T052155Z
01AQ001,LEPREAU RIVER AT LEPREAU,2026-09-01T05:45:00Z,0.212,0.599,-66.46828,45.16978,NORMAL,2026-09-29T052155Z
01AQ001,LEPREAU RIVER AT LEPREAU,2026-09-01T05:50:00Z,0.212,0.599,-66.46828,45.16978,NORMAL,2026-09-29T052155Z
01AQ001,LEPREAU RIVER AT LEPREAU,2026-09-01T05:55:00Z,0.212,0.599,-66.46828,45.16978,NORMAL,2026-09-29T052155Z
01AQ001,LEPREAU RIVER AT LEPREAU,2026-09-01T06:00:00Z,0.212,0.599,-66.46828,45.16978,NORMAL,2026-09-29T052155Z
01AQ001,LEPREAU RIVER AT LEPREAU,2026-09-01T06:05:00Z,0.212,0.599,-66.46828,45.16978,NORMAL,2026-09-29T052155Z
01AQ001,LEPREAU RIVER AT LEPREAU,2026-09-01T06:10:00Z,0.212,0.599,-66.46828,45.16978,NORMAL,2026-09-29T052155Z
01AQ001,LEPREAU RIVER AT LEPREAU,2026-09-01T06:15:00Z,0.212,0.599,-66.46828,45.16978,NORMAL,2026-09-29T052155Z
01AQ001,LEPREAU RIVER AT LEPREAU,2026-09-01T06:20:00Z,0.212,0.599,-66.46828,45.16978,NORMAL,2026-09-29T052155Z
01AQ001,LEPREAU RIVER AT LEPREAU,2026-09-01T06:25:00Z,0.212,0.599,-66.46828,45.16978,NORMAL,2026-09-29T052155Z
01AQ001,LEPREAU RIVER AT LEPREAU,2026-09-01T06:30:00Z,0.212,0.599,-66.46828,45.16978,NORMAL,2026-09-29T052155Z
01AQ001,LEPREAU RIVER AT LEPREAU,2026-09-01T06:35:00Z,0.212,0.599,-66.46828,45.16978,NORMAL,2026-09-29T052155Z
01AQ001,LEPREAU RIVER AT LEPREAU,2026-09-01T06:40:00Z,0.212,0.599,-66.46828,45.16978,NORMAL,2026-09-29T052155Z
01AQ001,LEPREAU RIVER AT LEPREAU,2026-09-01T06:45:00Z,0.212,0.599,-66.46828,45.16978,NORMAL,2026-09-29T052155Z
01AQ001,LEPREAU RIVER AT LEPREAU,2026-09-01T06:50:00Z,0.212,0.599,-66.46828,45.16978,NORMAL,2026-09-29T052155Z
01AQ001,LEPREAU RIVER AT LEPREAU,2026-09-01T06:55:00Z,0.212,0.599,-66.46828,45.16978,NORMAL,2026-09-29T052155Z
01AQ001,LEPREAU RIVER AT LEPREAU,2026-09-01T07:00:00Z,0.212,0.599,-66.46828,45.16978,NORMAL,2026-09-29T052155Z
01AQ001,LEPREAU RIVER AT LEPREAU,2026-09-01T07:05:00Z,0.212,0.599,-66.46828,45.16978,NORMAL,2026-09-29T052155Z
01AQ001,LEPREAU RIVER AT LEPREAU,2026-09-01T07:10:00Z,0.212,0.599,-66.46828,45.16978,NORMAL,2026-09-29T052155Z
01AQ001,LEPREAU RIVER AT LEPREAU,2026-09-01T07:15:00Z,0.212,0.599,-66.46828,45.16978,NORMAL,2026-09-29T052155Z
01AQ001,LEPREAU RIVER AT LEPREAU,2026-09-01T07:20:00Z,0.212,0.599,-66.46828,45.16978,NORMAL,2026-09-29T052155Z
01AQ001,LEPREAU RIVER AT LEPREAU,2026-09-01T07:25:00Z,0.211,0.591,-66.46828,45.16978,NORMAL,2026-09-29T052155Z
01AQ001,LEPREAU RIVER AT LEPREAU,2026-09-01T07:30:00Z,0.211,0.591,-66.46828,45.16978,NORMAL,2026-09-29T052155Z
01AQ001,LEPREAU RIVER AT LEPREAU,2026-09-01T07:35:00Z,0.211,0.591,-66.46828,45.16978,NORMAL,2026-09-29T052155Z
01AQ001,LEPREAU RIVER AT LEPREAU,2026-09-01T07:40:00Z,0.211,0.591,-66.46828,45.16978,NORMAL,2026-09-29T052155Z
01AQ001,LEPREAU RIVER AT LEPREAU,2026-09-01T07:45:00Z,0.211,0.591,-66.46828,45.16978,NORMAL,2026-09-29T052155Z
01AQ001,LEPREAU RIVER AT LEPREAU,2026-09-01T07:50:00Z,0.211,0.591,-66.46828,45.16978,NORMAL,2026-09-29T052155Z
01AQ001,LEPREAU RIVER AT LEPREAU,2026-09-01T07:55:00Z,0.211,0.591,-66.46828,45.16978,NORMAL,2026-09-29T052155Z
01AQ001,LEPREAU RIVER AT LEPREAU,2026-09-01T08:00:00Z,0.211,0.591,-66.46828,45.16978,NORMAL,2026-09-29T052155Z
01AQ001,LEPREAU RIVER AT LEPREAU,2026-09-01T08:05:00Z,0.211,0.591,-66.46828,45.16978,NORMAL,2026-09-29T052155Z
01AQ001,LEPREAU RIVER AT LEPREAU,2026-09-01T08:10:00Z,0.211,0.591,-66.46828,45.16978,NORMAL,2026-09-29T052155Z
01AQ001,LEPREAU RIVER AT LEPREAU,2026-09-01T08:15:00Z,0.211,0.591,-66.46828,45.16978,NORMAL,2026-09-29T052155Z
01AQ001,LEPREAU RIVER AT LEPREAU,2026-09-01T08:20:00Z,0.211,0.591,-66.46828,45.16978,NORMAL,2026-09-29T052155Z
01AQ001,LEPREAU RIVER AT LEPREAU,2026-09-01T08:25:00Z,0.211,0.591,-66.46828,45.16978,NORMAL,2026-09-29T052155Z
01AQ001,LEPREAU RIVER AT LEPREAU,2026-09-01T08:30:00Z,0.211,0.591,-66.46828,45.16978,NORMAL,2026-09-29T052155Z
01AQ001,LEPREAU RIVER AT LEPREAU,2026-09-01T08:35:00Z,0.211,0.591,-66.46828,45.16978,NORMAL,2026-09-29T052155Z
01AQ001,LEPREAU RIVER AT LEPREAU,2026-09-01T08:40:00Z,0.211,0.591,-66.46828,45.16978,NORMAL,2026-09-29T052155Z
01AQ001,LEPREAU RIVER AT LEPREAU,2026-09-01T08:45:00Z,0.211,0.591,-66.46828,45.16978,NORMAL,2026-09-29T052155Z
01AQ001,LEPREAU RIVER AT LEPREAU,2026-09-01T08:50:00Z,0.211,0.591,-66.46828,45.16978,NORMAL,2026-09-29T052155Z
01AQ001,LEPREAU RIVER AT LEPREAU,2026-09-01T08:55:00Z,0.211,0.591,-66.46828,45.16978,NORMAL,2026-09-29T052155Z
01AQ001,LEPREAU RIVER AT LEPREAU,2026-09-01T09:00:00Z,0.211,0.591,-66.46828,45.16978,NORMAL,2026-09-29T052155Z
01AQ001,LEPREAU RIVER AT LEPREAU,2026-09-01T09:05:00Z,0.211,0.591,-66.46828,45.16978,NORMAL,2026-09-29T052155Z
01AQ001,LEPREAU RIVER AT LEPREAU,2026-09-01T09:10:00Z,0.211,0.591,-66.46828,45.16978,NORMAL,2026-09-29T052155Z
01AQ001,LEPREAU RIVER AT LEPREAU,2026-09-01T09:15:00Z,0.211,0.591,-66.46828,45.16978,NORMAL,2026-09-29T052155Z
01AQ001,LEPREAU RIVER AT LEPREAU,2026-09-01T09:20:00Z,0.211,0.591,-66.46828,45.16978,NORMAL,2026-09-29T052155Z
01AQ001,LEPREAU RIVER AT LEPREAU,2026-09-01T09:25:00Z,0.211,0.591,-66.46828,45.16978,NORMAL,2026-09-29T052155Z
01AQ001,LEPREAU RIVER AT LEPREAU,2026-09-01T09:30:00Z,0.211,0.591,-66.46828,45.16978,NORMAL,2026-09-29T052155Z
01AQ001,LEPREAU RIVER AT LEPREAU,2026-09-01T09:35:00Z,0.211,0.591,-66.46828,45.16978,NORMAL,2026-09-29T052155Z
01AQ001,LEPREAU RIVER AT LEPREAU,2026-09-01T09:40:00Z,0.211,0.591,-66.46828,45.16978,NORMAL,2026-09-29T052155Z
01AQ001,LEPREAU RIVER AT LEPREAU,2026-09-01T09:45:00Z,0.211,0.591,-66.46828,45.16978,NORMAL,2026-09-29T052155Z
01AQ001,LEPREAU RIVER AT LEPREAU,2026-09-01T09:50:00Z,0.211,0.591,-66.46828,45.16978,NORMAL,2026-09-29T052155Z
01AQ001,LEPREAU RIVER AT LEPREAU,2026-09-01T09:55:00Z,0.21,0.583,-66.46828,45.16978,NORMAL,2026-09-29T052155Z
01AQ001,LEPREAU RIVER AT LEPREAU,2026-09-01T10:00:00Z,0.21,0.583,-66.46828,45.16978,NORMAL,2026-09-29T052155Z
01AQ001,LEPREAU RIVER AT LEPREAU,2026-09-01T10:35:00Z,0.21,0.583,-66.46828,45.16978,NORMAL,2026-09-29T052155Z
01AQ001,LEPREAU RIVER AT LEPREAU,2026-09-01T10:40:00Z,0.21,0.583,-66.46828,45.16978,NORMAL,2026-09-29T052155Z
01AQ001,LEPREAU RIVER AT LEPREAU,2026-09-01T10:45:00Z,0.21,0.583,-66.46828,45.16978,NORMAL,2026-09-29T052155Z
01AQ001,LEPREAU RIVER AT LEPREAU,2026-09-01T10:50:00Z,0.21,0.583,-66.46828,45.16978,NORMAL,2026-09-29T052155Z
01AQ001,LEPREAU RIVER AT LEPREAU,2026-09-01T10:55:00Z,0.21,0.583,-66.46828,45.16978,NORMAL,2026-09-29T052155Z
01AQ001,LEPREAU RIVER AT LEPREAU,2026-09-01T11:00:00Z,0.21,0.583,-66.46828,45.16978,NORMAL,2026-09-29T052155Z
01AQ001,LEPREAU RIVER AT LEPREAU,2026-09-01T10:05:00Z,0.21,0.583,-66.46828,45.16978,NORMAL,2026-09-29T052155Z
01AQ001,LEPREAU RIVER AT LEPREAU,2026-09-01T10:10:00Z,0.21,0.583,-66.46828,45.16978,NORMAL,2026-09-29T052155Z
01AQ001,LEPREAU RIVER AT LEPREAU,2026-09-01T10:15:00Z,0.21,0.583,-66.46828,45.16978,NORMAL,2026-09-29T052155Z
01AQ001,LEPREAU RIVER AT LEPREAU,2026-09-01T10:20:00Z,0.21,0.583,-66.46828,45.16978,NORMAL,2026-09-29T052155Z
01AQ001,LEPREAU RIVER AT LEPREAU,2026-09-01T10:25:00Z,0.21,0.583,-66.46828,45.16978,NORMAL,2026-09-29T052155Z
01AQ001,LEPREAU RIVER AT LEPREAU,2026-09-01T10:30:00Z,0.21,0.583,-66.46828,45.16978,NORMAL,2026-09-29T052155Z
01AQ001,LEPREAU RIVER AT LEPREAU,2026-09-01T11:05:00Z,0.21,0.583,-66.46828,45.16978,NORMAL,2026-09-29T052155Z
01AQ001,LEPREAU RIVER AT LEPREAU,2026-09-01T11:10:00Z,0.21,0.583,-66.46828,45.16978,NORMAL,2026-09-29T052155Z
01AQ001,LEPREAU RIVER AT LEPREAU,2026-09-01T11:15:00Z,0.21,0.583,-66.46828,45.16978,NORMAL,2026-09-29T052155Z
01AQ001,LEPREAU RIVER AT LEPREAU,2026-09-01T11:20:00Z,0.21,0.583,-66.46828,45.16978,NORMAL,2026-09-29T052155Z
01AQ001,LEPREAU RIVER AT LEPREAU,2026-09-01T11:25:00Z,0.21,0.583,-66.46828,45.16978,NORMAL,2026-09-29T052155Z
01AQ001,LEPREAU RIVER AT LEPREAU,2026-09-01T11:30:00Z,0.21,0.583,-66.46828,45.16978,NORMAL,2026-09-29T052155Z
01AQ001,LEPREAU RIVER AT LEPREAU,2026-09-01T11:35:00Z,0.21,0.583,-66.46828,45.16978,NORMAL,2026-09-29T052155Z
01AQ001,LEPREAU RIVER AT LEPREAU,2026-09-01T11:40:00Z,0.21,0.583,-66.46828,45.16978,NORMAL,2026-09-29T052155Z
01AQ001,LEPREAU RIVER AT LEPREAU,2026-09-01T11:45:00Z,0.21,0.583,-66.46828,45.16978,NORMAL,2026-09-29T052155Z
01AQ001,LEPREAU RIVER AT LEPREAU,2026-09-01T11:50:00Z,0.21,0.583,-66.46828,45.16978,NORMAL,2026-09-29T052155Z
01AQ001,LEPREAU RIVER AT LEPREAU,2026-09-01T11:55:00Z,0.21,0.583,-66.46828,45.16978,NORMAL,2026-09-29T052155Z
01AQ001,LEPREAU RIVER AT LEPREAU,2026-09-01T12:00:00Z,0.21,0.583,-66.46828,45.16978,NORMAL,2026-09-29T052155Z
01AQ001,LEPREAU RIVER AT LEPREAU,2026-09-01T12:05:00Z,0.21,0.583,-66.46828,45.16978,NORMAL,2026-09-29T052155Z
01AQ001,LEPREAU RIVER AT LEPREAU,2026-09-01T12:10:00Z,0.21,0.583,-66.46828,45.16978,NORMAL,2026-09-29T052155Z
01AQ001,LEPREAU RIVER AT LEPREAU,2026-09-01T12:15:00Z,0.21,0.583,-66.46828,45.16978,NORMAL,2026-09-29T052155Z
01AQ001,LEPREAU RIVER AT LEPREAU,2026-09-01T12:20:00Z,0.21,0.583,-66.46828,45.16978,NORMAL,2026-09-29T052155Z
01AQ001,LEPREAU RIVER AT LEPREAU,2026-09-01T12:25:00Z,0.21,0.583,-66.46828,45.16978,NORMAL,2026-09-29T052155Z
01AQ001,LEPREAU RIVER AT LEPREAU,2026-09-01T12:30:00Z,0.21,0.583,-66.46828,45.16978,NORMAL,2026-09-29T052155Z
01AQ001,LEPREAU RIVER AT LEPREAU,2026-09-01T12:35:00Z,0.21,0.583,-66.46828,45.16978,NORMAL,2026-09-29T052155Z
01AQ001,LEPREAU RIVER AT LEPREAU,2026-09-01T12:40:00Z,0.21,0.583,-66.46828,45.16978,NORMAL,2026-09-29T052155Z
01AQ001,LEPREAU RIVER AT LEPREAU,2026-09-01T12:45:00Z,0.21,0.583,-66.46828,45.16978,NORMAL,2026-09-29T052155Z
01AQ001,LEPREAU RIVER AT LEPREAU,2026-09-01T12:50:00Z,0.21,0.583,-66.46828,45.16978,NORMAL,2026-09-29T052155Z
01AQ001,LEPREAU RIVER AT LEPREAU,2026-09-01T12:55:00Z,0.21,0.583,-66.46828,45.16978,NORMAL,2026-09-29T052155Z
01AQ001,LEPREAU RIVER AT LEPREAU,2026-09-01T13:00:00Z,0.21,0.583,-66.46828,45.16978,NORMAL,2026-09-29T052155Z
01AQ001,LEPREAU RIVER AT LEPREAU,2026-09-01T13:05:00Z,0.21,0.583,-66.46828,45.16978,NORMAL,2026-09-29T052155Z
01AQ001,LEPREAU RIVER AT LEPREAU,2026-09-01T13:10:00Z,0.21,0.583,-66.46828,45.16978,NORMAL,2026-09-29T052155Z
01AQ001,LEPREAU RIVER AT LEPREAU,2026-09-01T13:15:00Z,0.21,0.583,-66.46828,45.16978,NORMAL,2026-09-29T052155Z
01AQ001,LEPREAU RIVER AT LEPREAU,2026-09-01T13:20:00Z,0.21,0.583,-66.46828,45.16978,NORMAL,2026-09-29T052155Z
01AQ001,LEPREAU RIVER AT LEPREAU,2026-09-01T13:25:00Z,0.21,0.583,-66.46828,45.16978,NORMAL,2026-09-29T052155Z
01AQ001,LEPREAU RIVER AT LEPREAU,2026-09-01T13:30:00Z,0.21,0.583,-66.46828,45.16978,NORMAL,2026-09-29T052155Z
01AQ001,LEPREAU RIVER AT LEPREAU,2026-09-01T13:35:00Z,0.21,0.583,-66.46828,45.16978,NORMAL,2026-09-29T052155Z
01AQ001,LEPREAU RIVER AT LEPREAU,2026-09-01T13:40:00Z,0.21,0.583,-66.46828,45.16978,NORMAL,2026-09-29T052155Z
01AQ001,LEPREAU RIVER AT LEPREAU,2026-09-01T13:45:00Z,0.21,0.583,-66.46828,45.16978,NORMAL,2026-09-29T052155Z
01AQ001,LEPREAU RIVER AT LEPREAU,2026-09-01T13:50:00Z,0.21,0.583,-66.46828,45.16978,NORMAL,2026-09-29T052155Z
01AQ001,LEPREAU RIVER AT LEPREAU,2026-09-01T13:55:00Z,0.21,0.583,-66.46828,45.16978,NORMAL,2026-09-29T052155Z
01AQ001,LEPREAU RIVER AT LEPREAU,2026-09-01T14:00:00Z,0.21,0.583,-66.46828,45.16978,NORMAL,2026-09-29T052155Z
01AQ001,LEPREAU RIVER AT LEPREAU,2026-09-01T14:05:00Z,0.21,0.583,-66.46828,45.16978,NORMAL,2026-09-29T052155Z
01AQ001,LEPREAU RIVER AT LEPREAU,2026-09-01T14:10:00Z,0.21,0.583,-66.46828,45.16978,NORMAL,2026-09-29T052155Z
01AQ001,LEPREAU RIVER AT LEPREAU,2026-09-01T14:15:00Z,0.21,0.583,-66.46828,45.16978,NORMAL,2026-09-29T052155Z
01AQ001,LEPREAU RIVER AT LEPREAU,2026-09-01T14:20:00Z,0.21,0.583,-66.46828,45.16978,NORMAL,2026-09-29T052155Z
01AQ001,LEPREAU RIVER AT LEPREAU,2026-09-01T14:25:00Z,0.21,0.583,-66.46828,45.16978,NORMAL,2026-09-29T052155Z
01AQ001,LEPREAU RIVER AT LEPREAU,2026-09-01T14:30:00Z,0.21,0.583,-66.46828,45.16978,NORMAL,2026-09-29T052155Z
01AQ001,LEPREAU RIVER AT LEPREAU,2026-09-01T14:35:00Z,0.21,0.583,-66.46828,45.16978,NORMAL,2026-09-29T052155Z
01AQ001,LEPREAU RIVER AT LEPREAU,2026-09-01T14:40:00Z,0.209,0.575,-66.46828,45.16978,NORMAL,2026-09-29T052155Z
01AQ001,LEPREAU RIVER AT LEPREAU,2026-09-01T14:45:00Z,0.21,0.583,-66.46828,45.16978,NORMAL,2026-09-29T052155Z
01AQ001,LEPREAU RIVER AT LEPREAU,2026-09-01T14:50:00Z,0.21,0.583,-66.46828,45.16978,NORMAL,2026-09-29T052155Z
01AQ001,LEPREAU RIVER AT LEPREAU,2026-09-01T14:55:00Z,0.209,0.575,-66.46828,45.16978,NORMAL,2026-09-29T052155Z
01AQ001,LEPREAU RIVER AT LEPREAU,2026-09-01T15:00:00Z,0.209,0.575,-66.46828,45.16978,NORMAL,2026-09-29T052155Z
01AQ001,LEPREAU RIVER AT LEPREAU,2026-09-01T15:05:00Z,0.209,0.575,-66.46828,45.16978,NORMAL,2026-09-29T052155Z
01AQ001,LEPREAU RIVER AT LEPREAU,2026-09-01T15:10:00Z,0.209,0.575,-66.46828,45.16978,NORMAL,2026-09-29T052155Z
01AQ001,LEPREAU RIVER AT LEPREAU,2026-09-01T15:15:00Z,0.209,0.575,-66.46828,45.16978,NORMAL,2026-09-29T052155Z
01AQ001,LEPREAU RIVER AT LEPREAU,2026-09-01T15:20:00Z,0.209,0.575,-66.46828,45.16978,NORMAL,2026-09-29T052155Z
01AQ001,LEPREAU RIVER AT LEPREAU,2026-09-01T15:25:00Z,0.209,0.575,-66.46828,45.16978,NORMAL,2026-09-29T052155Z
01AQ001,LEPREAU RIVER AT LEPREAU,2026-09-01T15:30:00Z,0.209,0.575,-66.46828,45.16978,NORMAL,2026-09-29T052155Z
01AQ001,LEPREAU RIVER AT LEPREAU,2026-09-01T15:35:00Z,0.209,0.575,-66.46828,45.16978,NORMAL,2026-09-29T052155Z
01AQ001,LEPREAU RIVER AT LEPREAU,2026-09-01T15:40:00Z,0.209,0.575,-66.46828,45.16978,NORMAL,2026-09-29T052155Z
01AQ001,LEPREAU RIVER AT LEPREAU,2026-09-01T15:45:00Z,0.209,0.575,-66.46828,45.16978,NORMAL,2026-09-29T052155Z
01AQ001,LEPREAU RIVER AT LEPREAU,2026-09-01T15:50:00Z,0.208,0.567,-66.46828,45.16978,NORMAL,2026-09-29T052155Z
01AQ001,LEPREAU RIVER AT LEPREAU,2026-09-01T15:55:00Z,0.209,0.575,-66.46828,45.16978,NORMAL,2026-09-29T052155Z
01AQ001,LEPREAU RIVER AT LEPREAU,2026-09-01T16:00:00Z,0.209,0.575,-66.46828,45.16978,NORMAL,2026-09-29T052155Z
01AQ001,LEPREAU RIVER AT LEPREAU,2026-09-01T16:05:00Z,0.209,0.575,-66.46828,45.16978,NORMAL,2026-09-29T052155Z
01AQ001,LEPREAU RIVER AT LEPREAU,2026-09-01T16:10:00Z,0.208,0.567,-66.46828,45.16978,NORMAL,2026-09-29T052155Z
01AQ001,LEPREAU RIVER AT LEPREAU,2026-09-01T16:15:00Z,0.209,0.575,-66.46828,45.16978,NORMAL,2026-09-29T052155Z
01AQ001,LEPREAU RIVER AT LEPREAU,2026-09-01T16:20:00Z,0.208,0.567,-66.46828,45.16978,NORMAL,2026-09-29T052155Z
01AQ001,LEPREAU RIVER AT LEPREAU,2026-09-01T16:25:00Z,0.208,0.567,-66.46828,45.16978,NORMAL,2026-09-29T052155Z
01AQ001,LEPREAU RIVER AT LEPREAU,2026-09-01T16:30:00Z,0.209,0.575,-66.46828,45.16978,NORMAL,2026-09-29T052155Z
01AQ001,LEPREAU RIVER AT LEPREAU,2026-09-01T16:35:00Z,0.209,0.575,-66.46828,45.16978,NORMAL,2026-09-29T052155Z
01AQ001,LEPREAU RIVER AT LEPREAU,2026-09-01T16:40:00Z,0.208,0.567,-66.46828,45.16978,NORMAL,2026-09-29T052155Z
01AQ001,LEPREAU RIVER AT LEPREAU,2026-09-01T16:45:00Z,0.208,0.567,-66.46828,45.16978,NORMAL,2026-09-29T052155Z
01AQ001,LEPREAU RIVER AT LEPREAU,2026-09-01T16:50:00Z,0.208,0.567,-66.46828,45.16978,NORMAL,2026-09-29T052155Z
01AQ001,LEPREAU RIVER AT LEPREAU,2026-09-01T16:55:00Z,0.208,0.567,-66.46828,45.16978,NORMAL,2026-09-29T052155Z
01AQ001,LEPREAU RIVER AT LEPREAU,2026-09-01T17:00:00Z,0.207,0.559,-66.46828,45.16978,NORMAL,2026-09-29T052155Z
01AQ001,LEPREAU RIVER AT LEPREAU,2026-09-01T17:35:00Z,0.207,0.559,-66.46828,45.16978,NORMAL,2026-09-29T052155Z
01AQ001,LEPREAU RIVER AT LEPREAU,2026-09-01T17:40:00Z,0.207,0.559,-66.46828,45.16978,NORMAL,2026-09-29T052155Z
01AQ001,LEPREAU RIVER AT LEPREAU,2026-09-01T17:45:00Z,0.207,0.559,-66.46828,45.16978,NORMAL,2026-09-29T052155Z
01AQ001,LEPREAU RIVER AT LEPREAU,2026-09-01T17:50:00Z,0.207,0.559,-66.46828,45.16978,NORMAL,2026-09-29T052155Z
01AQ001,LEPREAU RIVER AT LEPREAU,2026-09-01T17:55:00Z,0.207,0.559,-66.46828,45.16978,NORMAL,2026-09-29T052155Z
01AQ001,LEPREAU RIVER AT LEPREAU,2026-09-01T18:00:00Z,0.207,0.559,-66.46828,45.16978,NORMAL,2026-09-29T052155Z
01AQ001,LEPREAU RIVER AT LEPREAU,2026-09-01T17:05:00Z,0.208,0.567,-66.46828,45.16978,NORMAL,2026-09-29T052155Z
01AQ001,LEPREAU RIVER AT LEPREAU,2026-09-01T17:10:00Z,0.208,0.567,-66.46828,45.16978,NORMAL,2026-09-29T052155Z
01AQ001,LEPREAU RIVER AT LEPREAU,2026-09-01T17:15:00Z,0.207,0.559,-66.46828,45.16978,NORMAL,2026-09-29T052155Z
01AQ001,LEPREAU RIVER AT LEPREAU,2026-09-01T17:20:00Z,0.207,0.559,-66.46828,45.16978,NORMAL,2026-09-29T052155Z
01AQ001,LEPREAU RIVER AT LEPREAU,2026-09-01T17:25:00Z,0.207,0.559,-66.46828,45.16978,NORMAL,2026-09-29T052155Z
01AQ001,LEPREAU RIVER AT LEPREAU,2026-09-01T17:30:00Z,0.207,0.559,-66.46828,45.16978,NORMAL,2026-09-29T052155Z
01AQ001,LEPREAU RIVER AT LEPREAU,2026-09-01T18:05:00Z,0.207,0.559,-66.46828,45.16978,NORMAL,2026-09-29T052155Z
01AQ001,LEPREAU RIVER AT LEPREAU,2026-09-01T18:10:00Z,0.207,0.559,-66.46828,45.16978,NORMAL,2026-09-29T052155Z
01AQ001,LEPREAU RIVER AT LEPREAU,2026-09-01T18:15:00Z,0.207,0.559,-66.46828,45.16978,NORMAL,2026-09-29T052155Z
01AQ001,LEPREAU RIVER AT LEPREAU,2026-09-01T18:20:00Z,0.207,0.559,-66.46828,45.16978,NORMAL,2026-09-29T052155Z
01AQ001,LEPREAU RIVER AT LEPREAU,2026-09-01T18:25:00Z,0.207,0.559,-66.46828,45.16978,NORMAL,2026-09-29T052155Z
01AQ001,LEPREAU RIVER AT LEPREAU,2026-09-01T18:30:00Z,0.207,0.559,-66.46828,45.16978,NORMAL,2026-09-29T052155Z
01AQ001,LEPREAU RIVER AT LEPREAU,2026-09-01T18:35:00Z,0.207,0.559,-66.46828,45.16978,NORMAL,2026-09-29T052155Z
01AQ001,LEPREAU RIVER AT LEPREAU,2026-09-01T18:40:00Z,0.207,0.559,-66.46828,45.16978,NORMAL,2026-09-29T052155Z
01AQ001,LEPREAU RIVER AT LEPREAU,2026-09-01T18:45:00Z,0.207,0.559,-66.46828,45.16978,NORMAL,2026-09-29T052155Z
01AQ001,LEPREAU RIVER AT LEPREAU,2026-09-01T18:50:00Z,0.207,0.559,-66.46828,45.16978,NORMAL,2026-09-29T052155Z
01AQ001,LEPREAU RIVER AT LEPREAU,2026-09-01T18:55:00Z,0.206,0.552,-66.46828,45.16978,NORMAL,2026-09-29T052155Z
01AQ001,LEPREAU RIVER AT LEPREAU,2026-09-01T19:00:00Z,0.207,0.559,-66.46828,45.16978,NORMAL,2026-09-29T052155Z
01AQ001,LEPREAU RIVER AT LEPREAU,2026-09-01T19:05:00Z,0.207,0.559,-66.46828,45.16978,NORMAL,2026-09-29T052155Z
01AQ001,LEPREAU RIVER AT LEPREAU,2026-09-01T19:10:00Z,0.206,0.552,-66.46828,45.16978,NORMAL,2026-09-29T052155Z
01AQ001,LEPREAU RIVER AT LEPREAU,2026-09-01T19:15:00Z,0.206,0.552,-66.46828,45.16978,NORMAL,2026-09-29T052155Z
01AQ001,LEPREAU RIVER AT LEPREAU,2026-09-01T19:20:00Z,0.207,0.559,-66.46828,45.16978,NORMAL,2026-09-29T052155Z
01AQ001,LEPREAU RIVER AT LEPREAU,2026-09-01T19:25:00Z,0.207,0.559,-66.46828,45.16978,NORMAL,2026-09-29T052155Z
01AQ001,LEPREAU RIVER AT LEPREAU,2026-09-01T19:30:00Z,0.207,0.559,-66.46828,45.16978,NORMAL,2026-09-29T052155Z
01AQ001,LEPREAU RIVER AT LEPREAU,2026-09-01T19:35:00Z,0.206,0.552,-66.46828,45.16978,NORMAL,2026-09-29T052155Z
01AQ001,LEPREAU RIVER AT LEPREAU,2026-09-01T19:40:00Z,0.207,0.559,-66.46828,45.16978,NORMAL,2026-09-29T052155Z
01AQ001,LEPREAU RIVER AT LEPREAU,2026-09-01T19:45:00Z,0.206,0.552,-66.46828,45.16978,NORMAL,2026-09-29T052155Z
01AQ001,LEPREAU RIVER AT LEPREAU,2026-09-01T19:50:00Z,0.206,0.552,-66.46828,45.16978,NORMAL,2026-09-29T052155Z
01AQ001,LEPREAU RIVER AT LEPREAU,2026-09-01T19:55:00Z,0.206,0.552,-66.46828,45.16978,NORMAL,2026-09-29T052155Z
01AQ001,LEPREAU RIVER AT LEPREAU,2026-09-01T20:00:00Z,0.206,0.552,-66.46828,45.16978,NORMAL,2026-09-29T052155Z
01AQ001,LEPREAU RIVER AT LEPREAU,2026-09-01T20:05:00Z,0.206,0.552,-66.46828,45.16978,NORMAL,2026-09-29T052155Z
01AQ001,LEPREAU RIVER AT LEPREAU,2026-09-01T20:10:00Z,0.206,0.552,-66.46828,45.16978,NORMAL,2026-09-29T052155Z
01AQ001,LEPREAU RIVER AT LEPREAU,2026-09-01T20:15:00Z,0.206,0.552,-66.46828,45.16978,NORMAL,2026-09-29T052155Z
01AQ001,LEPREAU RIVER AT LEPREAU,2026-09-01T20:20:00Z,0.206,0.552,-66.46828,45.16978,NORMAL,2026-09-29T052155Z
01AQ001,LEPREAU RIVER AT LEPREAU,2026-09-01T20:25:00Z,0.206,0.552,-66.46828,45.16978,NORMAL,2026-09-29T052155Z
01AQ001,LEPREAU RIVER AT LEPREAU,2026-09-01T20:30:00Z,0.206,0.552,-66.46828,45.16978,NORMAL,2026-09-29T052155Z
01AQ001,LEPREAU RIVER AT LEPREAU,2026-09-01T20:35:00Z,0.206,0.552,-66.46828,45.16978,NORMAL,2026-09-29T052155Z
01AQ001,LEPREAU RIVER AT LEPREAU,2026-09-01T20:40:00Z,0.206,0.552,-66.46828,45.16978,NORMAL,2026-09-29T052155Z
01AQ001,LEPREAU RIVER AT LEPREAU,2026-09-01T20:45:00Z,0.206,0.552,-66.46828,45.16978,NORMAL,2026-09-29T052155Z
01AQ001,LEPREAU RIVER AT LEPREAU,2026-09-01T20:50:00Z,0.206,0.552,-66.46828,45.16978,NORMAL,2026-09-29T052155Z
01AQ001,LEPREAU RIVER AT LEPREAU,2026-09-01T20:55:00Z,0.206,0.552,-66.46828,45.16978,NORMAL,2026-09-29T052155Z
01AQ001,LEPREAU RIVER AT LEPREAU,2026-09-01T21:00:00Z,0.206,0.552,-66.46828,45.16978,NORMAL,2026-09-29T052155Z
01AQ001,LEPREAU RIVER AT LEPREAU,2026-09-01T21:05:00Z,0.206,0.552,-66.46828,45.16978,NORMAL,2026-09-29T052155Z
01AQ001,LEPREAU RIVER AT LEPREAU,2026-09-01T21:10:00Z,0.206,0.552,-66.46828,45.16978,NORMAL,2026-09-29T052155Z
01AQ001,LEPREAU RIVER AT LEPREAU,2026-09-01T21:15:00Z,0.206,0.552,-66.46828,45.16978,NORMAL,2026-09-29T052155Z
01AQ001,LEPREAU RIVER AT LEPREAU,2026-09-01T21:20:00Z,0.206,0.552,-66.46828,45.16978,NORMAL,2026-09-29T052155Z
01AQ001,LEPREAU RIVER AT LEPREAU,2026-09-01T21:25:00Z,0.206,0.552,-66.46828,45.16978,NORMAL,2026-09-29T052155Z
01AQ001,LEPREAU RIVER AT LEPREAU,2026-09-01T21:30:00Z,0.206,0.552,-66.46828,45.16978,NORMAL,2026-09-29T052155Z
01AQ001,LEPREAU RIVER AT LEPREAU,2026-09-01T21:35:00Z,0.206,0.552,-66.46828,45.16978,NORMAL,2026-09-29T052155Z
01AQ001,LEPREAU RIVER AT LEPREAU,2026-09-01T21:40:00Z,0.206,0.552,-66.46828,45.16978,NORMAL,2026-09-29T052155Z
01AQ001,LEPREAU RIVER AT LEPREAU,2026-09-01T21:45:00Z,0.206,0.552,-66.46828,45.16978,NORMAL,2026-09-29T052155Z
01AQ001,LEPREAU RIVER AT LEPREAU,2026-09-01T21:50:00Z,0.206,0.552,-66.46828,45.16978,NORMAL,2026-09-29T052155Z
01AQ001,LEPREAU RIVER AT LEPREAU,2026-09-01T21:55:00Z,0.206,0.552,-66.46828,45.16978,NORMAL,2026-09-29T052155Z
01AQ001,LEPREAU RIVER AT LEPREAU,2026-09-01T22:00:00Z,0.206,0.552,-66.46828,45.16978,NORMAL,2026-09-29T052155Z
01AQ001,LEPREAU RIVER AT LEPREAU,2026-09-01T22:05:00Z,0.206,0.552,-66.46828,45.16978,NORMAL,2026-09-29T052155Z
01AQ001,LEPREAU RIVER AT LEPREAU,2026-09-01T22:10:00Z,0.206,0.552,-66.46828,45.16978,NORMAL,2026-09-29T052155Z
01AQ001,LEPREAU RIVER AT LEPREAU,2026-09-01T22:15:00Z,0.206,0.552,-66.46828,45.16978,NORMAL,2026-09-29T052155Z
01AQ001,LEPREAU RIVER AT LEPREAU,2026-09-01T22:20:00Z,0.206,0.552,-66.46828,45.16978,NORMAL,2026-09-29T052155Z
01AQ001,LEPREAU RIVER AT LEPREAU,2026-09-01T22:25:00Z,0.205,0.544,-66.46828,45.16978,NORMAL,2026-09-29T052155Z
01AQ001,LEPREAU RIVER AT LEPREAU,2026-09-01T22:30:00Z,0.206,0.552,-66.46828,45.16978,NORMAL,2026-09-29T052155Z
01AQ001,LEPREAU RIVER AT LEPREAU,2026-09-01T22:35:00Z,0.205,0.544,-66.46828,45.16978,NORMAL,2026-09-29T052155Z
01AQ001,LEPREAU RIVER AT LEPREAU,2026-09-01T22:40:00Z,0.205,0.544,-66.46828,45.16978,NORMAL,2026-09-29T052155Z
01AQ001,LEPREAU RIVER AT LEPREAU,2026-09-01T22:45:00Z,0.206,0.552,-66.46828,45.16978,NORMAL,2026-09-29T052155Z
01AQ001,LEPREAU RIVER AT LEPREAU,2026-09-01T22:50:00Z,0.205,0.544,-66.46828,45.16978,NORMAL,2026-09-29T052155Z
01AQ001,LEPREAU RIVER AT LEPREAU,2026-09-01T22:55:00Z,0.205,0.544,-66.46828,45.16978,NORMAL,2026-09-29T052155Z
01AQ001,LEPREAU RIVER AT LEPREAU,2026-09-01T23:00:00Z,0.205,0.544,-66.46828,45.16978,NORMAL,2026-09-29T052155Z
01AQ001,LEPREAU RIVER AT LEPREAU,2026-09-01T23:05:00Z,0.205,0.544,-66.46828,45.16978,NORMAL,2026-09-29T052155Z
01AQ001,LEPREAU RIVER AT LEPREAU,2026-09-01T23:10:00Z,0.206,0.552,-66.46828,45.16978,NORMAL,2026-09-29T052155Z
01AQ001,LEPREAU RIVER AT LEPREAU,2026-09-01T23:15:00Z,0.205,0.544,-66.46828,45.16978,NORMAL,2026-09-29T052155Z
01AQ001,LEPREAU RIVER AT LEPREAU,2026-09-01T23:20:00Z,0.205,0.544,-66.46828,45.16978,NORMAL,2026-09-29T052155Z
01AQ001,LEPREAU RIVER AT LEPREAU,2026-09-01T23:25:00Z,0.205,0.544,-66.46828,45.16978,NORMAL,2026-09-29T052155Z
01AQ001,LEPREAU RIVER AT LEPREAU,2026-09-01T23:30:00Z,0.205,0.544,-66.46828,45.16978,NORMAL,2026-09-29T052155Z
01AQ001,LEPREAU RIVER AT LEPREAU,2026-09-01T23:35:00Z,0.205,0.544,-66.46828,45.16978,NORMAL,2026-09-29T052155Z
01AQ001,LEPREAU RIVER AT LEPREAU,2026-09-01T23:40:00Z,0.205,0.544,-66.46828,45.16978,NORMAL,2026-09-29T052155Z
01AQ001,LEPREAU RIVER AT LEPREAU,2026-09-01T23:45:00Z,0.205,0.544,-66.46828,45.16978,NORMAL,2026-09-29T052155Z
01AQ001,LEPREAU RIVER AT LEPREAU,2026-09-01T23:50:00Z,0.205,0.544,-66.46828,45.16978,NORMAL,2026-09-29T052155Z
01AQ001,LEPREAU RIVER AT LEPREAU,2026-09-01T23:55:00Z,0.205,0.544,-66.46828,45.16978,NORMAL,2026-09-29T052155Z
01AQ001,LEPREAU RIVER AT LEPREAU,2026-09-02T11:05:00Z,0.202,0.521,-66.46828,45.16978,NORMAL,2026-09-29T052155Z
01AQ001,LEPREAU RIVER AT LEPREAU,2026-09-02T11:10:00Z,0.202,0.521,-66.46828,45.16978,NORMAL,2026-09-29T052155Z
01AQ001,LEPREAU RIVER AT LEPREAU,2026-09-02T11:15:00Z,0.202,0.521,-66.46828,45.16978,NORMAL,2026-09-29T052155Z
01AQ001,LEPREAU RIVER AT LEPREAU,2026-09-02T11:20:00Z,0.202,0.521,-66.46828,45.16978,NORMAL,2026-09-29T052155Z
01AQ001,LEPREAU RIVER AT LEPREAU,2026-09-02T11:25:00Z,0.202,0.521,-66.46828,45.16978,NORMAL,2026-09-29T052155Z
01AQ001,LEPREAU RIVER AT LEPREAU,2026-09-02T11:30:00Z,0.202,0.521,-66.46828,45.16978,NORMAL,2026-09-29T052155Z
01AQ001,LEPREAU RIVER AT LEPREAU,2026-09-02T11:35:00Z,0.202,0.521,-66.46828,45.16978,NORMAL,2026-09-29T052155Z
01AQ001,LEPREAU RIVER AT LEPREAU,2026-09-02T11:40:00Z,0.202,0.521,-66.46828,45.16978,NORMAL,2026-09-29T052155Z
01AQ001,LEPREAU RIVER AT LEPREAU,2026-09-02T11:45:00Z,0.202,0.521,-66.46828,45.16978,NORMAL,2026-09-29T052155Z
01AQ001,LEPREAU RIVER AT LEPREAU,2026-09-02T11:50:00Z,0.202,0.521,-66.46828,45.16978,NORMAL,2026-09-29T052155Z
01AQ001,LEPREAU RIVER AT LEPREAU,2026-09-02T11:55:00Z,0.201,0.514,-66.46828,45.16978,NORMAL,2026-09-29T052155Z
01AQ001,LEPREAU RIVER AT LEPREAU,2026-09-02T12:00:00Z,0.202,0.521,-66.46828,45.16978,NORMAL,2026-09-29T052155Z
01AQ001,LEPREAU RIVER AT LEPREAU,2026-09-02T12:05:00Z,0.201,0.514,-66.46828,45.16978,NORMAL,2026-09-29T052155Z
01AQ001,LEPREAU RIVER AT LEPREAU,2026-09-02T12:10:00Z,0.202,0.521,-66.46828,45.16978,NORMAL,2026-09-29T052155Z
01AQ001,LEPREAU RIVER AT LEPREAU,2026-09-02T12:15:00Z,0.201,0.514,-66.46828,45.16978,NORMAL,2026-09-29T052155Z
01AQ001,LEPREAU RIVER AT LEPREAU,2026-09-02T12:20:00Z,0.201,0.514,-66.46828,45.16978,NORMAL,2026-09-29T052155Z
01AQ001,LEPREAU RIVER AT LEPREAU,2026-09-02T12:25:00Z,0.201,0.514,-66.46828,45.16978,NORMAL,2026-09-29T052155Z
01AQ001,LEPREAU RIVER AT LEPREAU,2026-09-02T12:30:00Z,0.201,0.514,-66.46828,45.16978,NORMAL,2026-09-29T052155Z
01AQ001,LEPREAU RIVER AT LEPREAU,2026-09-02T12:35:00Z,0.202,0.521,-66.46828,45.16978,NORMAL,2026-09-29T052155Z
01AQ001,LEPREAU RIVER AT LEPREAU,2026-09-02T12:40:00Z,0.201,0.514,-66.46828,45.16978,NORMAL,2026-09-29T052155Z
01AQ001,LEPREAU RIVER AT LEPREAU,2026-09-02T12:45:00Z,0.201,0.514,-66.46828,45.16978,NORMAL,2026-09-29T052155Z
01AQ001,LEPREAU RIVER AT LEPREAU,2026-09-02T12:50:00Z,0.201,0.514,-66.46828,45.16978,NORMAL,2026-09-29T052155Z
01AQ001,LEPREAU RIVER AT LEPREAU,2026-09-02T10:35:00Z,0.202,0.521,-66.46828,45.16978,NORMAL,2026-09-29T052155Z
01AQ001,LEPREAU RIVER AT LEPREAU,2026-09-02T10:40:00Z,0.202,0.521,-66.46828,45.16978,NORMAL,2026-09-29T052155Z
01AQ001,LEPREAU RIVER AT LEPREAU,2026-09-02T10:45:00Z,0.202,0.521,-66.46828,45.16978,NORMAL,2026-09-29T052155Z
01AQ001,LEPREAU RIVER AT LEPREAU,2026-09-02T10:50:00Z,0.202,0.521,-66.46828,45.16978,NORMAL,2026-09-29T052155Z
01AQ001,LEPREAU RIVER AT LEPREAU,2026-09-02T10:55:00Z,0.202,0.521,-66.46828,45.16978,NORMAL,2026-09-29T052155Z
01AQ001,LEPREAU RIVER AT LEPREAU,2026-09-02T11:00:00Z,0.202,0.521,-66.46828,45.16978,NORMAL,2026-09-29T052155Z
01AQ001,LEPREAU RIVER AT LEPREAU,2026-09-02T12:55:00Z,0.201,0.514,-66.46828,45.16978,NORMAL,2026-09-29T052155Z
01AQ001,LEPREAU RIVER AT LEPREAU,2026-09-02T13:00:00Z,0.201,0.514,-66.46828,45.16978,NORMAL,2026-09-29T052155Z
01AQ001,LEPREAU RIVER AT LEPREAU,2026-09-02T13:05:00Z,0.202,0.521,-66.46828,45.16978,NORMAL,2026-09-29T052155Z
01AQ001,LEPREAU RIVER AT LEPREAU,2026-09-02T13:10:00Z,0.202,0.521,-66.46828,45.16978,NORMAL,2026-09-29T052155Z
01AQ001,LEPREAU RIVER AT LEPREAU,2026-09-02T13:15:00Z,0.201,0.514,-66.46828,45.16978,NORMAL,2026-09-29T052155Z
01AQ001,LEPREAU RIVER AT LEPREAU,2026-09-02T13:20:00Z,0.202,0.521,-66.46828,45.16978,NORMAL,2026-09-29T052155Z
01AQ001,LEPREAU RIVER AT LEPREAU,2026-09-02T13:25:00Z,0.202,0.521,-66.46828,45.16978,NORMAL,2026-09-29T052155Z
01AQ001,LEPREAU RIVER AT LEPREAU,2026-09-02T13:30:00Z,0.201,0.514,-66.46828,45.16978,NORMAL,2026-09-29T052155Z
01AQ001,LEPREAU RIVER AT LEPREAU,2026-09-02T13:35:00Z,0.202,0.521,-66.46828,45.16978,NORMAL,2026-09-29T052155Z
01AQ001,LEPREAU RIVER AT LEPREAU,2026-09-02T13:40:00Z,0.202,0.521,-66.46828,45.16978,NORMAL,2026-09-29T052155Z
01AQ001,LEPREAU RIVER AT LEPREAU,2026-09-02T13:45:00Z,0.201,0.514,-66.46828,45.16978,NORMAL,2026-09-29T052155Z
01AQ001,LEPREAU RIVER AT LEPREAU,2026-09-02T13:50:00Z,0.202,0.521,-66.46828,45.16978,NORMAL,2026-09-29T052155Z
01AQ001,LEPREAU RIVER AT LEPREAU,2026-09-02T13:55:00Z,0.202,0.521,-66.46828,45.16978,NORMAL,2026-09-29T052155Z
01AQ001,LEPREAU RIVER AT LEPREAU,2026-09-02T14:00:00Z,0.201,0.514,-66.46828,45.16978,NORMAL,2026-09-29T052155Z
01AQ001,LEPREAU RIVER AT LEPREAU,2026-09-02T14:05:00Z,0.202,0.521,-66.46828,45.16978,NORMAL,2026-09-29T052155Z
01AQ001,LEPREAU RIVER AT LEPREAU,2026-09-02T14:10:00Z,0.202,0.521,-66.46828,45.16978,NORMAL,2026-09-29T052155Z
01AQ001,LEPREAU RIVER AT LEPREAU,2026-09-02T14:15:00Z,0.202,0.521,-66.46828,45.16978,NORMAL,2026-09-29T052155Z
01AQ001,LEPREAU RIVER AT LEPREAU,2026-09-02T14:20:00Z,0.202,0.521,-66.46828,45.16978,NORMAL,2026-09-29T052155Z
01AQ001,LEPREAU RIVER AT LEPREAU,2026-09-02T14:25:00Z,0.202,0.521,-66.46828,45.16978,NORMAL,2026-09-29T052155Z
01AQ001,LEPREAU RIVER AT LEPREAU,2026-09-02T14:30:00Z,0.202,0.521,-66.46828,45.16978,NORMAL,2026-09-29T052155Z
01AQ001,LEPREAU RIVER AT LEPREAU,2026-09-02T14:35:00Z,0.202,0.521,-66.46828,45.16978,NORMAL,2026-09-29T052155Z
01AQ001,LEPREAU RIVER AT LEPREAU,2026-09-02T14:40:00Z,0.202,0.521,-66.46828,45.16978,NORMAL,2026-09-29T052155Z
01AQ001,LEPREAU RIVER AT LEPREAU,2026-09-02T14:45:00Z,0.202,0.521,-66.46828,45.16978,NORMAL,2026-09-29T052155Z
01AQ001,LEPREAU RIVER AT LEPREAU,2026-09-02T14:50:00Z,0.202,0.521,-66.46828,45.16978,NORMAL,2026-09-29T052155Z
01AQ001,LEPREAU RIVER AT LEPREAU,2026-09-02T14:55:00Z,0.202,0.521,-66.46828,45.16978,NORMAL,2026-09-29T052155Z
01AQ001,LEPREAU RIVER AT LEPREAU,2026-09-02T15:00:00Z,0.201,0.514,-66.46828,45.16978,NORMAL,2026-09-29T052155Z
01AQ001,LEPREAU RIVER AT LEPREAU,2026-09-02T15:05:00Z,0.202,0.521,-66.46828,45.16978,NORMAL,2026-09-29T052155Z
01AQ001,LEPREAU RIVER AT LEPREAU,2026-09-02T15:10:00Z,0.201,0.514,-66.46828,45.16978,NORMAL,2026-09-29T052155Z
01AQ001,LEPREAU RIVER AT LEPREAU,2026-09-02T15:15:00Z,0.203,0.529,-66.46828,45.16978,NORMAL,2026-09-29T052155Z
01AQ001,LEPREAU RIVER AT LEPREAU,2026-09-02T15:20:00Z,0.201,0.514,-66.46828,45.16978,NORMAL,2026-09-29T052155Z
01AQ001,LEPREAU RIVER AT LEPREAU,2026-09-02T15:25:00Z,0.201,0.514,-66.46828,45.16978,NORMAL,2026-09-29T052155Z
01AQ001,LEPREAU RIVER AT LEPREAU,2026-09-02T15:30:00Z,0.201,0.514,-66.46828,45.16978,NORMAL,2026-09-29T052155Z
01AQ001,LEPREAU RIVER AT LEPREAU,2026-09-02T17:05:00Z,0.2,0.507,-66.46828,45.16978,NORMAL,2026-09-29T052155Z
01AQ001,LEPREAU RIVER AT LEPREAU,2026-09-02T17:10:00Z,0.2,0.507,-66.46828,45.16978,NORMAL,2026-09-29T052155Z
01AQ001,LEPREAU RIVER AT LEPREAU,2026-09-02T17:15:00Z,0.2,0.507,-66.46828,45.16978,NORMAL,2026-09-29T052155Z
01AQ001,LEPREAU RIVER AT LEPREAU,2026-09-02T17:20:00Z,0.2,0.507,-66.46828,45.16978,NORMAL,2026-09-29T052155Z
01AQ001,LEPREAU RIVER AT LEPREAU,2026-09-02T17:25:00Z,0.2,0.507,-66.46828,45.16978,NORMAL,2026-09-29T052155Z
01AQ001,LEPREAU RIVER AT LEPREAU,2026-09-02T17:30:00Z,0.2,0.507,-66.46828,45.16978,NORMAL,2026-09-29T052155Z
01AQ001,LEPREAU RIVER AT LEPREAU,2026-09-02T15:35:00Z,0.202,0.521,-66.46828,45.16978,NORMAL,2026-09-29T052155Z
01AQ001,LEPREAU RIVER AT LEPREAU,2026-09-02T15:40:00Z,0.201,0.514,-66.46828,45.16978,NORMAL,2026-09-29T052155Z
01AQ001,LEPREAU RIVER AT LEPREAU,2026-09-02T15:45:00Z,0.201,0.514,-66.46828,45.16978,NORMAL,2026-09-29T052155Z
01AQ001,LEPREAU RIVER AT LEPREAU,2026-09-02T15:50:00Z,0.201,0.514,-66.46828,45.16978,NORMAL,2026-09-29T052155Z
01AQ001,LEPREAU RIVER AT LEPREAU,2026-09-02T15:55:00Z,0.201,0.514,-66.46828,45.16978,NORMAL,2026-09-29T052155Z
01AQ001,LEPREAU RIVER AT LEPREAU,2026-09-02T16:00:00Z,0.201,0.514,-66.46828,45.16978,NORMAL,2026-09-29T052155Z
01AQ001,LEPREAU RIVER AT LEPREAU,2026-09-02T16:05:00Z,0.201,0.514,-66.46828,45.16978,NORMAL,2026-09-29T052155Z
01AQ001,LEPREAU RIVER AT LEPREAU,2026-09-02T16:10:00Z,0.201,0.514,-66.46828,45.16978,NORMAL,2026-09-29T052155Z
01AQ001,LEPREAU RIVER AT LEPREAU,2026-09-02T16:15:00Z,0.201,0.514,-66.46828,45.16978,NORMAL,2026-09-29T052155Z
01AQ001,LEPREAU RIVER AT LEPREAU,2026-09-02T16:20:00Z,0.201,0.514,-66.46828,45.16978,NORMAL,2026-09-29T052155Z
01AQ001,LEPREAU RIVER AT LEPREAU,2026-09-02T16:25:00Z,0.201,0.514,-66.46828,45.16978,NORMAL,2026-09-29T052155Z
01AQ001,LEPREAU RIVER AT LEPREAU,2026-09-02T16:30:00Z,0.201,0.514,-66.46828,45.16978,NORMAL,2026-09-29T052155Z
01AQ001,LEPREAU RIVER AT LEPREAU,2026-09-02T16:35:00Z,0.201,0.514,-66.46828,45.16978,NORMAL,2026-09-29T052155Z
01AQ001,LEPREAU RIVER AT LEPREAU,2026-09-02T16:40:00Z,0.201,0.514,-66.46828,45.16978,NORMAL,2026-09-29T052155Z
01AQ001,LEPREAU RIVER AT LEPREAU,2026-09-02T16:45:00Z,0.201,0.514,-66.46828,45.16978,NORMAL,2026-09-29T052155Z
01AQ001,LEPREAU RIVER AT LEPREAU,2026-09-02T16:50:00Z,0.201,0.514,-66.46828,45.16978,NORMAL,2026-09-29T052155Z
01AQ001,LEPREAU RIVER AT LEPREAU,2026-09-02T16:55:00Z,0.2,0.507,-66.46828,45.16978,NORMAL,2026-09-29T052155Z
01AQ001,LEPREAU RIVER AT LEPREAU,2026-09-02T17:00:00Z,0.2,0.507,-66.46828,45.16978,NORMAL,2026-09-29T052155Z
01AQ001,LEPREAU RIVER AT LEPREAU,2026-09-02T17:35:00Z,0.2,0.507,-66.46828,45.16978,NORMAL,2026-09-29T052155Z
01AQ001,LEPREAU RIVER AT LEPREAU,2026-09-02T17:40:00Z,0.2,0.507,-66.46828,45.16978,NORMAL,2026-09-29T052155Z
01AQ001,LEPREAU RIVER AT LEPREAU,2026-09-02T17:45:00Z,0.199,0.499,-66.46828,45.16978,NORMAL,2026-09-29T052155Z
01AQ001,LEPREAU RIVER AT LEPREAU,2026-09-02T17:50:00Z,0.2,0.507,-66.46828,45.16978,NORMAL,2026-09-29T052155Z
01AQ001,LEPREAU RIVER AT LEPREAU,2026-09-02T17:55:00Z,0.2,0.507,-66.46828,45.16978,NORMAL,2026-09-29T052155Z
01AQ001,LEPREAU RIVER AT LEPREAU,2026-09-02T18:00:00Z,0.2,0.507,-66.46828,45.16978,NORMAL,2026-09-29T052155Z
01AQ001,LEPREAU RIVER AT LEPREAU,2026-09-02T18:05:00Z,0.2,0.507,-66.46828,45.16978,NORMAL,2026-09-29T052155Z
01AQ001,LEPREAU RIVER AT LEPREAU,2026-09-02T18:10:00Z,0.199,0.499,-66.46828,45.16978,NORMAL,2026-09-29T052155Z
01AQ001,LEPREAU RIVER AT LEPREAU,2026-09-02T18:15:00Z,0.199,0.499,-66.46828,45.16978,NORMAL,2026-09-29T052155Z
01AQ001,LEPREAU RIVER AT LEPREAU,2026-09-02T18:20:00Z,0.199,0.499,-66.46828,45.16978,NORMAL,2026-09-29T052155Z
01AQ001,LEPREAU RIVER AT LEPREAU,2026-09-02T18:25:00Z,0.2,0.507,-66.46828,45.16978,NORMAL,2026-09-29T052155Z
01AQ001,LEPREAU RIVER AT LEPREAU,2026-09-02T18:30:00Z,0.2,0.507,-66.46828,45.16978,NORMAL,2026-09-29T052155Z
01AQ001,LEPREAU RIVER AT LEPREAU,2026-09-02T18:35:00Z,0.199,0.499,-66.46828,45.16978,NORMAL,2026-09-29T052155Z
01AQ001,LEPREAU RIVER AT LEPREAU,2026-09-02T18:40:00Z,0.199,0.499,-66.46828,45.16978,NORMAL,2026-09-29T052155Z
01AQ001,LEPREAU RIVER AT LEPREAU,2026-09-02T18:45:00Z,0.199,0.499,-66.46828,45.16978,NORMAL,2026-09-29T052155Z
01AQ001,LEPREAU RIVER AT LEPREAU,2026-09-02T18:50:00Z,0.199,0.499,-66.46828,45.16978,NORMAL,2026-09-29T052155Z
01AQ001,LEPREAU RIVER AT LEPREAU,2026-09-02T18:55:00Z,0.199,0.499,-66.46828,45.16978,NORMAL,2026-09-29T052155Z
01AQ001,LEPREAU RIVER AT LEPREAU,2026-09-02T19:00:00Z,0.199,0.499,-66.46828,45.16978,NORMAL,2026-09-29T052155Z
01AQ001,LEPREAU RIVER AT LEPREAU,2026-09-02T19:05:00Z,0.199,0.499,-66.46828,45.16978,NORMAL,2026-09-29T052155Z
01AQ001,LEPREAU RIVER AT LEPREAU,2026-09-02T19:10:00Z,0.199,0.499,-66.46828,45.16978,NORMAL,2026-09-29T052155Z
01AQ001,LEPREAU RIVER AT LEPREAU,2026-09-02T19:15:00Z,0.199,0.499,-66.46828,45.16978,NORMAL,2026-09-29T052155Z
01AQ001,LEPREAU RIVER AT LEPREAU,2026-09-02T19:20:00Z,0.199,0.499,-66.46828,45.16978,NORMAL,2026-09-29T052155Z
01AQ001,LEPREAU RIVER AT LEPREAU,2026-09-02T19:25:00Z,0.199,0.499,-66.46828,45.16978,NORMAL,2026-09-29T052155Z
01AQ001,LEPREAU RIVER AT LEPREAU,2026-09-02T19:30:00Z,0.199,0.499,-66.46828,45.16978,NORMAL,2026-09-29T052155Z
01AQ001,LEPREAU RIVER AT LEPREAU,2026-09-02T19:35:00Z,0.198,0.492,-66.46828,45.16978,NORMAL,2026-09-29T052155Z
01AQ001,LEPREAU RIVER AT LEPREAU,2026-09-02T19:40:00Z,0.199,0.499,-66.46828,45.16978,NORMAL,2026-09-29T052155Z
01AQ001,LEPREAU RIVER AT LEPREAU,2026-09-02T19:45:00Z,0.198,0.492,-66.46828,45.16978,NORMAL,2026-09-29T052155Z
01AQ001,LEPREAU RIVER AT LEPREAU,2026-09-02T19:50:00Z,0.198,0.492,-66.46828,45.16978,NORMAL,2026-09-29T052155Z
01AQ001,LEPREAU RIVER AT LEPREAU,2026-09-02T19:55:00Z,0.198,0.492,-66.46828,45.16978,NORMAL,2026-09-29T052155Z
01AQ001,LEPREAU RIVER AT LEPREAU,2026-09-02T20:00:00Z,0.199,0.499,-66.46828,45.16978,NORMAL,2026-09-29T052155Z
01AQ001,LEPREAU RIVER AT LEPREAU,2026-09-02T20:05:00Z,0.199,0.499,-66.46828,45.16978,NORMAL,2026-09-29T052155Z
01AQ001,LEPREAU RIVER AT LEPREAU,2026-09-02T20:10:00Z,0.199,0.499,-66.46828,45.16978,NORMAL,2026-09-29T052155Z
01AQ001,LEPREAU RIVER AT LEPREAU,2026-09-02T20:15:00Z,0.198,0.492,-66.46828,45.16978,NORMAL,2026-09-29T052155Z
01AQ001,LEPREAU RIVER AT LEPREAU,2026-09-02T20:20:00Z,0.198,0.492,-66.46828,45.16978,NORMAL,2026-09-29T052155Z
01AQ001,LEPREAU RIVER AT LEPREAU,2026-09-02T20:25:00Z,0.198,0.492,-66.46828,45.16978,NORMAL,2026-09-29T052155Z
01AQ001,LEPREAU RIVER AT LEPREAU,2026-09-02T20:30:00Z,0.198,0.492,-66.46828,45.16978,NORMAL,2026-09-29T052155Z
01AQ001,LEPREAU RIVER AT LEPREAU,2026-09-02T20:35:00Z,0.198,0.492,-66.46828,45.16978,NORMAL,2026-09-29T052155Z
01AQ001,LEPREAU RIVER AT LEPREAU,2026-09-02T20:40:00Z,0.198,0.492,-66.46828,45.16978,NORMAL,2026-09-29T052155Z
01AQ001,LEPREAU RIVER AT LEPREAU,2026-09-02T20:45:00Z,0.198,0.492,-66.46828,45.16978,NORMAL,2026-09-29T052155Z
01AQ001,LEPREAU RIVER AT LEPREAU,2026-09-02T20:50:00Z,0.198,0.492,-66.46828,45.16978,NORMAL,2026-09-29T052155Z
01AQ001,LEPREAU RIVER AT LEPREAU,2026-09-02T20:55:00Z,0.198,0.492,-66.46828,45.16978,NORMAL,2026-09-29T052155Z
01AQ001,LEPREAU RIVER AT LEPREAU,2026-09-02T21:00:00Z,0.198,0.492,-66.46828,45.16978,NORMAL,2026-09-29T052155Z
01AQ001,LEPREAU RIVER AT LEPREAU,2026-09-02T21:05:00Z,0.198,0.492,-66.46828,45.16978,NORMAL,2026-09-29T052155Z
01AQ001,LEPREAU RIVER AT LEPREAU,2026-09-02T21:10:00Z,0.198,0.492,-66.46828,45.16978,NORMAL,2026-09-29T052155Z
01AQ001,LEPREAU RIVER AT LEPREAU,2026-09-02T21:15:00Z,0.198,0.492,-66.46828,45.16978,NORMAL,2026-09-29T052155Z
01AQ001,LEPREAU RIVER AT LEPREAU,2026-09-02T21:20:00Z,0.198,0.492,-66.46828,45.16978,NORMAL,2026-09-29T052155Z
01AQ001,LEPREAU RIVER AT LEPREAU,2026-09-02T21:25:00Z,0.198,0.492,-66.46828,45.16978,NORMAL,2026-09-29T052155Z
01AQ001,LEPREAU RIVER AT LEPREAU,2026-09-02T21:30:00Z,0.198,0.492,-66.46828,45.16978,NORMAL,2026-09-29T052155Z
01AQ001,LEPREAU RIVER AT LEPREAU,2026-09-02T21:35:00Z,0.198,0.492,-66.46828,45.16978,NORMAL,2026-09-29T052155Z
01AQ001,LEPREAU RIVER AT LEPREAU,2026-09-02T21:40:00Z,0.198,0.492,-66.46828,45.16978,NORMAL,2026-09-29T052155Z
01AQ001,LEPREAU RIVER AT LEPREAU,2026-09-02T21:45:00Z,0.198,0.492,-66.46828,45.16978,NORMAL,2026-09-29T052155Z
01AQ001,LEPREAU RIVER AT LEPREAU,2026-09-02T21:50:00Z,0.198,0.492,-66.46828,45.16978,NORMAL,2026-09-29T052155Z
01AQ001,LEPREAU RIVER AT LEPREAU,2026-09-02T21:55:00Z,0.198,0.492,-66.46828,45.16978,NORMAL,2026-09-29T052155Z
01AQ001,LEPREAU RIVER AT LEPREAU,2026-09-02T22:00:00Z,0.198,0.492,-66.46828,45.16978,NORMAL,2026-09-29T052155Z
01AQ001,LEPREAU RIVER AT LEPREAU,2026-09-02T22:05:00Z,0.198,0.492,-66.46828,45.16978,NORMAL,2026-09-29T052155Z
01AQ001,LEPREAU RIVER AT LEPREAU,2026-09-02T22:10:00Z,0.198,0.492,-66.46828,45.16978,NORMAL,2026-09-29T052155Z
01AQ001,LEPREAU RIVER AT LEPREAU,2026-09-02T22:15:00Z,0.198,0.492,-66.46828,45.16978,NORMAL,2026-09-29T052155Z
01AQ001,LEPREAU RIVER AT LEPREAU,2026-09-02T22:20:00Z,0.198,0.492,-66.46828,45.16978,NORMAL,2026-09-29T052155Z
01AQ001,LEPREAU RIVER AT LEPREAU,2026-09-02T22:25:00Z,0.198,0.492,-66.46828,45.16978,NORMAL,2026-09-29T052155Z
01AQ001,LEPREAU RIVER AT LEPREAU,2026-09-02T22:30:00Z,0.198,0.492,-66.46828,45.16978,NORMAL,2026-09-29T052155Z
01AP004,KENNEBECASIS RIVER AT APOHAQUI,2026-08-31T11:35:00Z,7.43,5.07,-65.60169,45.70139,FLOOD,2026-09-29T052155Z
01AP004,KENNEBECASIS RIVER AT APOHAQUI,2026-08-31T11:40:00Z,7.43,5.07,-65.60169,45.70139,FLOOD,2026-09-29T052155Z
01AP004,KENNEBECASIS RIVER AT APOHAQUI,2026-08-31T11:45:00Z,7.43,5.07,-65.60169,45.70139,FLOOD,2026-09-29T052155Z
01AP004,KENNEBECASIS RIVER AT APOHAQUI,2026-08-31T11:50:00Z,7.43,5.07,-65.60169,45.70139,FLOOD,2026-09-29T052155Z
01AP004,KENNEBECASIS RIVER AT APOHAQUI,2026-08-31T11:55:00Z,7.429,5.04,-65.60169,45.70139,FLOOD,2026-09-29T052155Z
01AP004,KENNEBECASIS RIVER AT APOHAQUI,2026-08-31T12:00:00Z,7.429,5.04,-65.60169,45.70139,FLOOD,2026-09-29T052155Z
01AP004,KENNEBECASIS RIVER AT APOHAQUI,2026-08-31T12:05:00Z,7.429,5.04,-65.60169,45.70139,FLOOD,2026-09-29T052155Z
01AP004,KENNEBECASIS RIVER AT APOHAQUI,2026-08-31T12:10:00Z,7.429,5.04,-65.60169,45.70139,FLOOD,2026-09-29T052155Z
01AP004,KENNEBECASIS RIVER AT APOHAQUI,2026-08-31T12:15:00Z,7.429,5.04,-65.60169,45.70139,FLOOD,2026-09-29T052155Z
01AP004,KENNEBECASIS RIVER AT APOHAQUI,2026-08-31T12:20:00Z,7.429,5.04,-65.60169,45.70139,FLOOD,2026-09-29T052155Z
01AP004,KENNEBECASIS RIVER AT APOHAQUI,2026-08-31T12:25:00Z,7.428,5.01,-65.60169,45.70139,FLOOD,2026-09-29T052155Z
01AP004,KENNEBECASIS RIVER AT APOHAQUI,2026-08-31T12:30:00Z,7.429,5.04,-65.60169,45.70139,FLOOD,2026-09-29T052155Z
01AP004,KENNEBECASIS RIVER AT APOHAQUI,2026-08-31T10:35:00Z,7.432,5.12,-65.60169,45.70139,FLOOD,2026-09-29T052155Z
01AP004,KENNEBECASIS RIVER AT APOHAQUI,2026-08-31T10:40:00Z,7.432,5.12,-65.60169,45.70139,FLOOD,2026-09-29T052155Z
01AP004,KENNEBECASIS RIVER AT APOHAQUI,2026-08-31T10:45:00Z,7.431,5.1,-65.60169,45.70139,FLOOD,2026-09-29T052155Z
01AP004,KENNEBECASIS RIVER AT APOHAQUI,2026-08-31T10:50:00Z,7.431,5.1,-65.60169,45.70139,FLOOD,2026-09-29T052155Z
01AP004,KENNEBECASIS RIVER AT APOHAQUI,2026-08-31T10:55:00Z,7.431,5.1,-65.60169,45.70139,FLOOD,2026-09-29T052155Z
01AP004,KENNEBECASIS RIVER AT APOHAQUI,2026-08-31T11:00:00Z,7.431,5.1,-65.60169,45.70139,FLOOD,2026-09-29T052155Z
01AP004,KENNEBECASIS RIVER AT APOHAQUI,2026-08-31T11:05:00Z,7.43,5.07,-65.60169,45.70139,FLOOD,2026-09-29T052155Z
01AP004,KENNEBECASIS RIVER AT APOHAQUI,2026-08-31T11:10:00Z,7.43,5.07,-65.60169,45.70139,FLOOD,2026-09-29T052155Z
01AP004,KENNEBECASIS RIVER AT APOHAQUI,2026-08-31T11:15:00Z,7.431,5.1,-65.60169,45.70139,FLOOD,2026-09-29T052155Z
01AP004,KENNEBECASIS RIVER AT APOHAQUI,2026-08-31T11:20:00Z,7.43,5.07,-65.60169,45.70139,FLOOD,2026-09-29T052155Z
01AP004,KENNEBECASIS RIVER AT APOHAQUI,2026-08-31T11:25:00Z,7.431,5.1,-65.60169,45.70139,FLOOD,2026-09-29T052155Z
01AP004,KENNEBECASIS RIVER AT APOHAQUI,2026-08-31T11:30:00Z,7.43,5.07,-65.60169,45.70139,FLOOD,2026-09-29T052155Z
01AP004,KENNEBECASIS RIVER AT APOHAQUI,2026-08-31T09:35:00Z,7.435,5.21,-65.60169,45.70139,FLOOD,2026-09-29T052155Z
01AP004,KENNEBECASIS RIVER AT APOHAQUI,2026-08-31T09:40:00Z,7.434,5.18,-65.60169,45.70139,FLOOD,2026-09-29T052155Z
01AP004,KENNEBECASIS RIVER AT APOHAQUI,2026-08-31T09:45:00Z,7.434,5.18,-65.60169,45.70139,FLOOD,2026-09-29T052155Z
01AP004,KENNEBECASIS RIVER AT APOHAQUI,2026-08-31T09:50:00Z,7.434,5.18,-65.60169,45.70139,FLOOD,2026-09-29T052155Z
01AP004,KENNEBECASIS RIVER AT APOHAQUI,2026-08-31T09:55:00Z,7.434,5.18,-65.60169,45.70139,FLOOD,2026-09-29T052155Z
01AP004,KENNEBECASIS RIVER AT APOHAQUI,2026-08-31T10:00:00Z,7.434,5.18,-65.60169,45.70139,FLOOD,2026-09-29T052155Z
01AP004,KENNEBECASIS RIVER AT APOHAQUI,2026-08-31T10:05:00Z,7.433,5.15,-65.60169,45.70139,FLOOD,2026-09-29T052155Z
01AP004,KENNEBECASIS RIVER AT APOHAQUI,2026-08-31T10:10:00Z,7.433,5.15,-65.60169,45.70139,FLOOD,2026-09-29T052155Z
01AP004,KENNEBECASIS RIVER AT APOHAQUI,2026-08-31T10:15:00Z,7.432,5.12,-65.60169,45.70139,FLOOD,2026-09-29T052155Z
01AP004,KENNEBECASIS RIVER AT APOHAQUI,2026-08-31T10:20:00Z,7.432,5.12,-65.60169,45.70139,FLOOD,2026-09-29T052155Z
01AP004,KENNEBECASIS RIVER AT APOHAQUI,2026-08-31T10:25:00Z,7.432,5.12,-65.60169,45.70139,FLOOD,2026-09-29T052155Z
01AP004,KENNEBECASIS RIVER AT APOHAQUI,2026-08-31T10:30:00Z,7.432,5.12,-65.60169,45.70139,FLOOD,2026-09-29T052155Z
01AP004,KENNEBECASIS RIVER AT APOHAQUI,2026-08-31T12:35:00Z,7.428,5.01,-65.60169,45.70139,FLOOD,2026-09-29T052155Z
01AP004,KENNEBECASIS RIVER AT APOHAQUI,2026-08-31T12:40:00Z,7.429,5.04,-65.60169,45.70139,FLOOD,2026-09-29T052155Z
01AP004,KENNEBECASIS RIVER AT APOHAQUI,2026-08-31T12:45:00Z,7.429,5.04,-65.60169,45.70139,FLOOD,2026-09-29T052155Z
01AP004,KENNEBECASIS RIVER AT APOHAQUI,2026-08-31T12:50:00Z,7.429,5.04,-65.60169,45.70139,FLOOD,2026-09-29T052155Z
01AP004,KENNEBECASIS RIVER AT APOHAQUI,2026-08-31T12:55:00Z,7.428,5.01,-65.60169,45.70139,FLOOD,2026-09-29T052155Z
01AP004,KENNEBECASIS RIVER AT APOHAQUI,2026-08-31T13:00:00Z,7.427,4.98,-65.60169,45.70139,FLOOD,2026-09-29T052155Z
01AP004,KENNEBECASIS RIVER AT APOHAQUI,2026-08-31T13:05:00Z,7.427,4.98,-65.60169,45.70139,FLOOD,2026-09-29T052155Z
01AP004,KENNEBECASIS RIVER AT APOHAQUI,2026-08-31T13:10:00Z,7.427,4.98,-65.60169,45.70139,FLOOD,2026-09-29T052155Z
01AP004,KENNEBECASIS RIVER AT APOHAQUI,2026-08-31T13:15:00Z,7.426,4.97,-65.60169,45.70139,FLOOD,2026-09-29T052155Z
01AP004,KENNEBECASIS RIVER AT APOHAQUI,2026-08-31T13:20:00Z,7.426,4.97,-65.60169,45.70139,FLOOD,2026-09-29T052155Z
01AP004,KENNEBECASIS RIVER AT APOHAQUI,2026-08-31T13:25:00Z,7.426,4.97,-65.60169,45.70139,FLOOD,2026-09-29T052155Z
01AP004,KENNEBECASIS RIVER AT APOHAQUI,2026-08-31T13:30:00Z,7.426,4.97,-65.60169,45.70139,FLOOD,2026-09-29T052155Z
01AP004,KENNEBECASIS RIVER AT APOHAQUI,2026-08-31T13:35:00Z,7.427,4.98,-65.60169,45.70139,FLOOD,2026-09-29T052155Z
01AP004,KENNEBECASIS RIVER AT APOHAQUI,2026-08-31T13:40:00Z,7.427,4.98,-65.60169,45.70139,FLOOD,2026-09-29T052155Z
01AP004,KENNEBECASIS RIVER AT APOHAQUI,2026-08-31T13:45:00Z,7.427,4.98,-65.60169,45.70139,FLOOD,2026-09-29T052155Z
01AP004,KENNEBECASIS RIVER AT APOHAQUI,2026-08-31T13:50:00Z,7.426,4.97,-65.60169,45.70139,FLOOD,2026-09-29T052155Z
01AP004,KENNEBECASIS RIVER AT APOHAQUI,2026-08-31T13:55:00Z,7.427,4.98,-65.60169,45.70139,FLOOD,2026-09-29T052155Z
01AP004,KENNEBECASIS RIVER AT APOHAQUI,2026-08-31T14:00:00Z,7.427,4.98,-65.60169,45.70139,FLOOD,2026-09-29T052155Z
01AP004,KENNEBECASIS RIVER AT APOHAQUI,2026-08-31T14:05:00Z,7.426,4.97,-65.60169,45.70139,FLOOD,2026-09-29T052155Z
01AP004,KENNEBECASIS RIVER AT APOHAQUI,2026-08-31T14:10:00Z,7.427,4.98,-65.60169,45.70139,FLOOD,2026-09-29T052155Z
01AP004,KENNEBECASIS RIVER AT APOHAQUI,2026-08-31T14:15:00Z,7.426,4.97,-65.60169,45.70139,FLOOD,2026-09-29T052155Z
01AP004,KENNEBECASIS RIVER AT APOHAQUI,2026-08-31T14:20:00Z,7.426,4.97,-65.60169,45.70139,FLOOD,2026-09-29T052155Z
01AP004,KENNEBECASIS RIVER AT APOHAQUI,2026-08-31T14:25:00Z,7.427,4.98,-65.60169,45.70139,FLOOD,2026-09-29T052155Z
01AP004,KENNEBECASIS RIVER AT APOHAQUI,2026-08-31T14:30:00Z,7.426,4.97,-65.60169,45.70139,FLOOD,2026-09-29T052155Z
01AP004,KENNEBECASIS RIVER AT APOHAQUI,2026-08-31T15:35:00Z,7.425,4.96,-65.60169,45.70139,FLOOD,2026-09-29T052155Z
01AP004,KENNEBECASIS RIVER AT APOHAQUI,2026-08-31T15:40:00Z,7.425,4.96,-65.60169,45.70139,FLOOD,2026-09-29T052155Z
01AP004,KENNEBECASIS RIVER AT APOHAQUI,2026-08-31T15:45:00Z,7.427,4.98,-65.60169,45.70139,FLOOD,2026-09-29T052155Z
01AP004,KENNEBECASIS RIVER AT APOHAQUI,2026-08-31T15:50:00Z,7.426,4.97,-65.60169,45.70139,FLOOD,2026-09-29T052155Z
01AP004,KENNEBECASIS RIVER AT APOHAQUI,2026-08-31T15:55:00Z,7.425,4.96,-65.60169,45.70139,FLOOD,2026-09-29T052155Z
01AP004,KENNEBECASIS RIVER AT APOHAQUI,2026-08-31T16:00:00Z,7.425,4.96,-65.60169,45.70139,FLOOD,2026-09-29T052155Z
01AP004,KENNEBECASIS RIVER AT APOHAQUI,2026-08-31T16:05:00Z,7.426,4.97,-65.60169,45.70139,FLOOD,2026-09-29T052155Z
01AP004,KENNEBECASIS RIVER AT APOHAQUI,2026-08-31T16:10:00Z,7.425,4.96,-65.60169,45.70139,FLOOD,2026-09-29T052155Z
01AP004,KENNEBECASIS RIVER AT APOHAQUI,2026-08-31T16:15:00Z,7.425,4.96,-65.60169,45.70139,FLOOD,2026-09-29T052155Z
01AP004,KENNEBECASIS RIVER AT APOHAQUI,2026-08-31T16:20:00Z,7.426,4.97,-65.60169,45.70139,FLOOD,2026-09-29T052155Z
01AP004,KENNEBECASIS RIVER AT APOHAQUI,2026-08-31T16:25:00Z,7.425,4.96,-65.60169,45.70139,FLOOD,2026-09-29T052155Z
01AP004,KENNEBECASIS RIVER AT APOHAQUI,2026-08-31T16:30:00Z,7.427,4.98,-65.60169,45.70139,FLOOD,2026-09-29T052155Z
01AP004,KENNEBECASIS RIVER AT APOHAQUI,2026-08-31T14:35:00Z,7.425,4.96,-65.60169,45.70139,FLOOD,2026-09-29T052155Z
01AP004,KENNEBECASIS RIVER AT APOHAQUI,2026-08-31T14:40:00Z,7.426,4.97,-65.60169,45.70139,FLOOD,2026-09-29T052155Z
01AP004,KENNEBECASIS RIVER AT APOHAQUI,2026-08-31T14:45:00Z,7.426,4.97,-65.60169,45.70139,FLOOD,2026-09-29T052155Z
01AP004,KENNEBECASIS RIVER AT APOHAQUI,2026-08-31T14:50:00Z,7.427,4.98,-65.60169,45.70139,FLOOD,2026-09-29T052155Z
01AP004,KENNEBECASIS RIVER AT APOHAQUI,2026-08-31T14:55:00Z,7.426,4.97,-65.60169,45.70139,FLOOD,2026-09-29T052155Z
01AP004,KENNEBECASIS RIVER AT APOHAQUI,2026-08-31T15:00:00Z,7.426,4.97,-65.60169,45.70139,FLOOD,2026-09-29T052155Z
01AP004,KENNEBECASIS RIVER AT APOHAQUI,2026-08-31T15:05:00Z,7.426,4.97,-65.60169,45.70139,FLOOD,2026-09-29T052155Z
01AP004,KENNEBECASIS RIVER AT APOHAQUI,2026-08-31T15:10:00Z,7.426,4.97,-65.60169,45.70139,FLOOD,2026-09-29T052155Z
01AP004,KENNEBECASIS RIVER AT APOHAQUI,2026-08-31T15:15:00Z,7.425,4.96,-65.60169,45.70139,FLOOD,2026-09-29T052155Z
01AP004,KENNEBECASIS RIVER AT APOHAQUI,2026-08-31T15:20:00Z,7.426,4.97,-65.60169,45.70139,FLOOD,2026-09-29T052155Z
01AP004,KENNEBECASIS RIVER AT APOHAQUI,2026-08-31T15:25:00Z,7.426,4.97,-65.60169,45.70139,FLOOD,2026-09-29T052155Z
01AP004,KENNEBECASIS RIVER AT APOHAQUI,2026-08-31T15:30:00Z,7.425,4.96,-65.60169,45.70139,FLOOD,2026-09-29T052155Z
01AP004,KENNEBECASIS RIVER AT APOHAQUI,2026-08-31T16:35:00Z,7.427,4.98,-65.60169,45.70139,FLOOD,2026-09-29T052155Z
01AP004,KENNEBECASIS RIVER AT APOHAQUI,2026-08-31T16:40:00Z,7.426,4.97,-65.60169,45.70139,FLOOD,2026-09-29T052155Z
01AP004,KENNEBECASIS RIVER AT APOHAQUI,2026-08-31T16:45:00Z,7.425,4.96,-65.60169,45.70139,FLOOD,2026-09-29T052155Z
01AP004,KENNEBECASIS RIVER AT APOHAQUI,2026-08-31T16:50:00Z,7.426,4.97,-65.60169,45.70139,FLOOD,2026-09-29T052155Z
01AP004,KENNEBECASIS RIVER AT APOHAQUI,2026-08-31T16:55:00Z,7.426,4.97,-65.60169,45.70139,FLOOD,2026-09-29T052155Z
01AP004,KENNEBECASIS RIVER AT APOHAQUI,2026-08-31T17:00:00Z,7.425,4.96,-65.60169,45.70139,FLOOD,2026-09-29T052155Z
01AP004,KENNEBECASIS RIVER AT APOHAQUI,2026-08-31T17:05:00Z,7.426,4.97,-65.60169,45.70139,FLOOD,2026-09-29T052155Z
01AP004,KENNEBECASIS RIVER AT APOHAQUI,2026-08-31T17:10:00Z,7.426,4.97,-65.60169,45.70139,FLOOD,2026-09-29T052155Z
01AP004,KENNEBECASIS RIVER AT APOHAQUI,2026-08-31T17:15:00Z,7.426,4.97,-65.60169,45.70139,FLOOD,2026-09-29T052155Z
01AP004,KENNEBECASIS RIVER AT APOHAQUI,2026-08-31T17:20:00Z,7.426,4.97,-65.60169,45.70139,FLOOD,2026-09-29T052155Z
01AP004,KENNEBECASIS RIVER AT APOHAQUI,2026-08-31T17:25:00Z,7.425,4.96,-65.60169,45.70139,FLOOD,2026-09-29T052155Z
01AP004,KENNEBECASIS RIVER AT APOHAQUI,2026-08-31T17:30:00Z,7.425,4.96,-65.60169,45.70139,FLOOD,2026-09-29T052155Z
01AP004,KENNEBECASIS RIVER AT APOHAQUI,2026-08-31T17:35:00Z,7.424,4.95,-65.60169,45.70139,FLOOD,2026-09-29T052155Z
01AP004,KENNEBECASIS RIVER AT APOHAQUI,2026-08-31T17:40:00Z,7.425,4.96,-65.60169,45.70139,FLOOD,2026-09-29T052155Z
01AP004,KENNEBECASIS RIVER AT APOHAQUI,2026-08-31T17:45:00Z,7.424,4.95,-65.60169,45.70139,FLOOD,2026-09-29T052155Z
01AP004,KENNEBECASIS RIVER AT APOHAQUI,2026-08-31T17:50:00Z,7.425,4.96,-65.60169,45.70139,FLOOD,2026-09-29T052155Z
01AP004,KENNEBECASIS RIVER AT APOHAQUI,2026-08-31T17:55:00Z,7.425,4.96,-65.60169,45.70139,FLOOD,2026-09-29T052155Z
01AP004,KENNEBECASIS RIVER AT APOHAQUI,2026-08-31T18:00:00Z,7.425,4.96,-65.60169,45.70139,FLOOD,2026-09-29T052155Z
01AP004,KENNEBECASIS RIVER AT APOHAQUI,2026-08-31T18:05:00Z,7.424,4.95,-65.60169,45.70139,FLOOD,2026-09-29T052155Z
01AP004,KENNEBECASIS RIVER AT APOHAQUI,2026-08-31T18:10:00Z,7.424,4.95,-65.60169,45.70139,FLOOD,2026-09-29T052155Z
01AP004,KENNEBECASIS RIVER AT APOHAQUI,2026-08-31T18:15:00Z,7.424,4.95,-65.60169,45.70139,FLOOD,2026-09-29T052155Z
01AP004,KENNEBECASIS RIVER AT APOHAQUI,2026-08-31T18:20:00Z,7.424,4.95,-65.60169,45.70139,FLOOD,2026-09-29T052155Z
01AP004,KENNEBECASIS RIVER AT APOHAQUI,2026-08-31T18:25:00Z,7.423,4.93,-65.60169,45.70139,FLOOD,2026-09-29T052155Z
01AP004,KENNEBECASIS RIVER AT APOHAQUI,2026-08-31T18:30:00Z,7.423,4.93,-65.60169,45.70139,FLOOD,2026-09-29T052155Z
01AP004,KENNEBECASIS RIVER AT APOHAQUI,2026-08-31T18:35:00Z,7.423,4.93,-65.60169,45.70139,FLOOD,2026-09-29T052155Z
01AP004,KENNEBECASIS RIVER AT APOHAQUI,2026-08-31T18:40:00Z,7.423,4.93,-65.60169,45.70139,FLOOD,2026-09-29T052155Z
01AP004,KENNEBECASIS RIVER AT APOHAQUI,2026-08-31T18:45:00Z,7.423,4.93,-65.60169,45.70139,FLOOD,2026-09-29T052155Z
01AP004,KENNEBECASIS RIVER AT APOHAQUI,2026-08-31T18:50:00Z,7.423,4.93,-65.60169,45.70139,FLOOD,2026-09-29T052155Z
01AP004,KENNEBECASIS RIVER AT APOHAQUI,2026-08-31T18:55:00Z,7.424,4.95,-65.60169,45.70139,FLOOD,2026-09-29T052155Z
01AP004,KENNEBECASIS RIVER AT APOHAQUI,2026-08-31T19:00:00Z,7.423,4.93,-65.60169,45.70139,FLOOD,2026-09-29T052155Z
01AP004,KENNEBECASIS RIVER AT APOHAQUI,2026-08-31T19:05:00Z,7.426,4.97,-65.60169,45.70139,FLOOD,2026-09-29T052155Z
01AP004,KENNEBECASIS RIVER AT APOHAQUI,2026-08-31T19:10:00Z,7.423,4.93,-65.60169,45.70139,FLOOD,2026-09-29T052155Z
01AP004,KENNEBECASIS RIVER AT APOHAQUI,2026-08-31T19:15:00Z,7.423,4.93,-65.60169,45.70139,FLOOD,2026-09-29T052155Z
01AP004,KENNEBECASIS RIVER AT APOHAQUI,2026-08-31T19:20:00Z,7.423,4.93,-65.60169,45.70139,FLOOD,2026-09-29T052155Z
01AP004,KENNEBECASIS RIVER AT APOHAQUI,2026-08-31T19:25:00Z,7.424,4.95,-65.60169,45.70139,FLOOD,2026-09-29T052155Z
01AP004,KENNEBECASIS RIVER AT APOHAQUI,2026-08-31T19:30:00Z,7.423,4.93,-65.60169,45.70139,FLOOD,2026-09-29T052155Z
01AP004,KENNEBECASIS RIVER AT APOHAQUI,2026-08-31T00:00:00Z,7.464,6.04,-65.60169,45.70139,FLOOD,2026-09-29T052155Z
01AP004,KENNEBECASIS RIVER AT APOHAQUI,2026-08-31T00:05:00Z,7.464,6.04,-65.60169,45.70139,FLOOD,2026-09-29T052155Z
01AP004,KENNEBECASIS RIVER AT APOHAQUI,2026-08-31T00:10:00Z,7.464,6.04,-65.60169,45.70139,FLOOD,2026-09-29T052155Z
01AP004,KENNEBECASIS RIVER AT APOHAQUI,2026-08-31T00:15:00Z,7.463,6.02,-65.60169,45.70139,FLOOD,2026-09-29T052155Z
01AP004,KENNEBECASIS RIVER AT APOHAQUI,2026-08-31T00:20:00Z,7.463,6.02,-65.60169,45.70139,FLOOD,2026-09-29T052155Z
01AP004,KENNEBECASIS RIVER AT APOHAQUI,2026-08-31T00:25:00Z,7.463,6.02,-65.60169,45.70139,FLOOD,2026-09-29T052155Z
01AP004,KENNEBECASIS RIVER AT APOHAQUI,2026-08-31T00:30:00Z,7.463,6.02,-65.60169,45.70139,FLOOD,2026-09-29T052155Z
01AP004,KENNEBECASIS RIVER AT APOHAQUI,2026-08-31T00:35:00Z,7.463,6.02,-65.60169,45.70139,FLOOD,2026-09-29T052155Z
01AP004,KENNEBECASIS RIVER AT APOHAQUI,2026-08-31T00:40:00Z,7.462,5.99,-65.60169,45.70139,FLOOD,2026-09-29T052155Z
01AP004,KENNEBECASIS RIVER AT APOHAQUI,2026-08-31T00:45:00Z,7.462,5.99,-65.60169,45.70139,FLOOD,2026-09-29T052155Z
01AP004,KENNEBECASIS RIVER AT APOHAQUI,2026-08-31T00:50:00Z,7.461,5.96,-65.60169,45.70139,FLOOD,2026-09-29T052155Z
01AP004,KENNEBECASIS RIVER AT APOHAQUI,2026-08-31T00:55:00Z,7.46,5.93,-65.60169,45.70139,FLOOD,2026-09-29T052155Z
01AP004,KENNEBECASIS RIVER AT APOHAQUI,2026-08-31T01:00:00Z,7.46,5.93,-65.60169,45.70139,FLOOD,2026-09-29T052155Z
01AP004,KENNEBECASIS RIVER AT APOHAQUI,2026-08-31T01:05:00Z,7.459,5.9,-65.60169,45.70139,FLOOD,2026-09-29T052155Z
01AP004,KENNEBECASIS RIVER AT APOHAQUI,2026-08-31T01:10:00Z,7.459,5.9,-65.60169,45.70139,FLOOD,2026-09-29T052155Z
01AP004,KENNEBECASIS RIVER AT APOHAQUI,2026-08-31T01:15:00Z,7.458,5.87,-65.60169,45.70139,FLOOD,2026-09-29T052155Z
01AP004,KENNEBECASIS RIVER AT APOHAQUI,2026-08-31T01:20:00Z,7.457,5.84,-65.60169,45.70139,FLOOD,2026-09-29T052155Z
01AP004,KENNEBECASIS RIVER AT APOHAQUI,2026-08-31T01:25:00Z,7.457,5.84,-65.60169,45.70139,FLOOD,2026-09-29T052155Z
01AP004,KENNEBECASIS RIVER AT APOHAQUI,2026-08-31T01:30:00Z,7.457,5.84,-65.60169,45.70139,FLOOD,2026-09-29T052155Z
01AP004,KENNEBECASIS RIVER AT APOHAQUI,2026-08-31T01:35:00Z,7.457,5.84,-65.60169,45.70139,FLOOD,2026-09-29T052155Z
01AP004,KENNEBECASIS RIVER AT APOHAQUI,2026-08-31T01:40:00Z,7.457,5.84,-65.60169,45.70139,FLOOD,2026-09-29T052155Z
01AP004,KENNEBECASIS RIVER AT APOHAQUI,2026-08-31T01:45:00Z,7.457,5.84,-65.60169,45.70139,FLOOD,2026-09-29T052155Z
01AP004,KENNEBECASIS RIVER AT APOHAQUI,2026-08-31T01:50:00Z,7.458,5.87,-65.60169,45.70139,FLOOD,2026-09-29T052155Z
01AP004,KENNEBECASIS RIVER AT APOHAQUI,2026-08-31T01:55:00Z,7.457,5.84,-65.60169,45.70139,FLOOD,2026-09-29T052155Z
01AP004,KENNEBECASIS RIVER AT APOHAQUI,2026-08-31T02:00:00Z,7.457,5.84,-65.60169,45.70139,FLOOD,2026-09-29T052155Z
01AP004,KENNEBECASIS RIVER AT APOHAQUI,2026-08-31T02:05:00Z,7.456,5.81,-65.60169,45.70139,FLOOD,2026-09-29T052155Z
01AP004,KENNEBECASIS RIVER AT APOHAQUI,2026-08-31T02:10:00Z,7.456,5.81,-65.60169,45.70139,FLOOD,2026-09-29T052155Z
01AP004,KENNEBECASIS RIVER AT APOHAQUI,2026-08-31T02:15:00Z,7.456,5.81,-65.60169,45.70139,FLOOD,2026-09-29T052155Z
01AP004,KENNEBECASIS RIVER AT APOHAQUI,2026-08-31T02:20:00Z,7.455,5.78,-65.60169,45.70139,FLOOD,2026-09-29T052155Z
01AP004,KENNEBECASIS RIVER AT APOHAQUI,2026-08-31T02:25:00Z,7.455,5.78,-65.60169,45.70139,FLOOD,2026-09-29T052155Z
01AP004,KENNEBECASIS RIVER AT APOHAQUI,2026-08-31T02:30:00Z,7.454,5.75,-65.60169,45.70139,FLOOD,2026-09-29T052155Z
01AP004,KENNEBECASIS RIVER AT APOHAQUI,2026-08-31T02:35:00Z,7.454,5.75,-65.60169,45.70139,FLOOD,2026-09-29T052155Z
01AP004,KENNEBECASIS RIVER AT APOHAQUI,2026-08-31T02:40:00Z,7.454,5.75,-65.60169,45.70139,FLOOD,2026-09-29T052155Z
01AP004,KENNEBECASIS RIVER AT APOHAQUI,2026-08-31T02:45:00Z,7.454,5.75,-65.60169,45.70139,FLOOD,2026-09-29T052155Z
01AP004,KENNEBECASIS RIVER AT APOHAQUI,2026-08-31T02:50:00Z,7.453,5.72,-65.60169,45.70139,FLOOD,2026-09-29T052155Z
01AP004,KENNEBECASIS RIVER AT APOHAQUI,2026-08-31T02:55:00Z,7.453,5.72,-65.60169,45.70139,FLOOD,2026-09-29T052155Z
01AP004,KENNEBECASIS RIVER AT APOHAQUI,2026-08-31T03:00:00Z,7.453,5.72,-65.60169,45.70139,FLOOD,2026-09-29T052155Z
01AP004,KENNEBECASIS RIVER AT APOHAQUI,2026-08-31T03:05:00Z,7.452,5.69,-65.60169,45.70139,FLOOD,2026-09-29T052155Z
01AP004,KENNEBECASIS RIVER AT APOHAQUI,2026-08-31T03:10:00Z,7.452,5.69,-65.60169,45.70139,FLOOD,2026-09-29T052155Z
01AP004,KENNEBECASIS RIVER AT APOHAQUI,2026-08-31T03:15:00Z,7.453,5.72,-65.60169,45.70139,FLOOD,2026-09-29T052155Z
01AP004,KENNEBECASIS RIVER AT APOHAQUI,2026-08-31T03:20:00Z,7.452,5.69,-65.60169,45.70139,FLOOD,2026-09-29T052155Z
01AP004,KENNEBECASIS RIVER AT APOHAQUI,2026-08-31T03:25:00Z,7.453,5.72,-65.60169,45.70139,FLOOD,2026-09-29T052155Z
01AP004,KENNEBECASIS RIVER AT APOHAQUI,2026-08-31T03:30:00Z,7.452,5.69,-65.60169,45.70139,FLOOD,2026-09-29T052155Z
01AP004,KENNEBECASIS RIVER AT APOHAQUI,2026-08-31T03:35:00Z,7.452,5.69,-65.60169,45.70139,FLOOD,2026-09-29T052155Z
01AP004,KENNEBECASIS RIVER AT APOHAQUI,2026-08-31T03:40:00Z,7.451,5.67,-65.60169,45.70139,FLOOD,2026-09-29T052155Z
01AP004,KENNEBECASIS RIVER AT APOHAQUI,2026-08-31T03:45:00Z,7.451,5.67,-65.60169,45.70139,FLOOD,2026-09-29T052155Z
01AP004,KENNEBECASIS RIVER AT APOHAQUI,2026-08-31T03:50:00Z,7.45,5.64,-65.60169,45.70139,FLOOD,2026-09-29T052155Z
01AP004,KENNEBECASIS RIVER AT APOHAQUI,2026-08-31T03:55:00Z,7.451,5.67,-65.60169,45.70139,FLOOD,2026-09-29T052155Z
01AP004,KENNEBECASIS RIVER AT APOHAQUI,2026-08-31T04:00:00Z,7.451,5.67,-65.60169,45.70139,FLOOD,2026-09-29T052155Z
01AP004,KENNEBECASIS RIVER AT APOHAQUI,2026-08-31T04:05:00Z,7.451,5.67,-65.60169,45.70139,FLOOD,2026-09-29T052155Z
01AP004,KENNEBECASIS RIVER AT APOHAQUI,2026-08-31T04:10:00Z,7.451,5.67,-65.60169,45.70139,FLOOD,2026-09-29T052155Z
01AP004,KENNEBECASIS RIVER AT APOHAQUI,2026-08-31T04:15:00Z,7.45,5.64,-65.60169,45.70139,FLOOD,2026-09-29T052155Z
01AP004,KENNEBECASIS RIVER AT APOHAQUI,2026-08-31T04:20:00Z,7.45,5.64,-65.60169,45.70139,FLOOD,2026-09-29T052155Z
01AP004,KENNEBECASIS RIVER AT APOHAQUI,2026-08-31T04:25:00Z,7.451,5.67,-65.60169,45.70139,FLOOD,2026-09-29T052155Z
01AP004,KENNEBECASIS RIVER AT APOHAQUI,2026-08-31T04:30:00Z,7.45,5.64,-65.60169,45.70139,FLOOD,2026-09-29T052155Z
01AP004,KENNEBECASIS RIVER AT APOHAQUI,2026-08-31T04:35:00Z,7.45,5.64,-65.60169,45.70139,FLOOD,2026-09-29T052155Z
01AP004,KENNEBECASIS RIVER AT APOHAQUI,2026-08-31T04:40:00Z,7.45,5.64,-65.60169,45.70139,FLOOD,2026-09-29T052155Z
01AP004,KENNEBECASIS RIVER AT APOHAQUI,2026-08-31T04:45:00Z,7.45,5.64,-65.60169,45.70139,FLOOD,2026-09-29T052155Z
01AP004,KENNEBECASIS RIVER AT APOHAQUI,2026-08-31T04:50:00Z,7.45,5.64,-65.60169,45.70139,FLOOD,2026-09-29T052155Z
01AP004,KENNEBECASIS RIVER AT APOHAQUI,2026-08-31T04:55:00Z,7.449,5.61,-65.60169,45.70139,FLOOD,2026-09-29T052155Z
01AP004,KENNEBECASIS RIVER AT APOHAQUI,2026-08-31T05:00:00Z,7.45,5.64,-65.60169,45.70139,FLOOD,2026-09-29T052155Z
01AP004,KENNEBECASIS RIVER AT APOHAQUI,2026-08-31T05:05:00Z,7.45,5.64,-65.60169,45.70139,FLOOD,2026-09-29T052155Z
01AP004,KENNEBECASIS RIVER AT APOHAQUI,2026-08-31T05:10:00Z,7.451,5.67,-65.60169,45.70139,FLOOD,2026-09-29T052155Z
01AP004,KENNEBECASIS RIVER AT APOHAQUI,2026-08-31T05:15:00Z,7.45,5.64,-65.60169,45.70139,FLOOD,2026-09-29T052155Z
01AP004,KENNEBECASIS RIVER AT APOHAQUI,2026-08-31T05:20:00Z,7.45,5.64,-65.60169,45.70139,FLOOD,2026-09-29T052155Z
01AP004,KENNEBECASIS RIVER AT APOHAQUI,2026-08-31T05:25:00Z,7.45,5.64,-65.60169,45.70139,FLOOD,2026-09-29T052155Z
01AP004,KENNEBECASIS RIVER AT APOHAQUI,2026-08-31T05:30:00Z,7.45,5.64,-65.60169,45.70139,FLOOD,2026-09-29T052155Z
01AP004,KENNEBECASIS RIVER AT APOHAQUI,2026-08-31T05:35:00Z,7.449,5.61,-65.60169,45.70139,FLOOD,2026-09-29T052155Z
01AP004,KENNEBECASIS RIVER AT APOHAQUI,2026-08-31T05:40:00Z,7.449,5.61,-65.60169,45.70139,FLOOD,2026-09-29T052155Z
01AP004,KENNEBECASIS RIVER AT APOHAQUI,2026-08-31T05:45:00Z,7.45,5.64,-65.60169,45.70139,FLOOD,2026-09-29T052155Z
01AP004,KENNEBECASIS RIVER AT APOHAQUI,2026-08-31T05:50:00Z,7.45,5.64,-65.60169,45.70139,FLOOD,2026-09-29T052155Z
01AP004,KENNEBECASIS RIVER AT APOHAQUI,2026-08-31T05:55:00Z,7.449,5.61,-65.60169,45.70139,FLOOD,2026-09-29T052155Z
01AP004,KENNEBECASIS RIVER AT APOHAQUI,2026-08-31T06:00:00Z,7.449,5.61,-65.60169,45.70139,FLOOD,2026-09-29T052155Z
01AP004,KENNEBECASIS RIVER AT APOHAQUI,2026-08-31T06:05:00Z,7.449,5.61,-65.60169,45.70139,FLOOD,2026-09-29T052155Z
01AP004,KENNEBECASIS RIVER AT APOHAQUI,2026-08-31T06:10:00Z,7.448,5.58,-65.60169,45.70139,FLOOD,2026-09-29T052155Z
01AP004,KENNEBECASIS RIVER AT APOHAQUI,2026-08-31T06:15:00Z,7.448,5.58,-65.60169,45.70139,FLOOD,2026-09-29T052155Z
01AP004,KENNEBECASIS RIVER AT APOHAQUI,2026-08-31T06:20:00Z,7.448,5.58,-65.60169,45.70139,FLOOD,2026-09-29T052155Z
01AP004,KENNEBECASIS RIVER AT APOHAQUI,2026-08-31T06:25:00Z,7.448,5.58,-65.60169,45.70139,FLOOD,2026-09-29T052155Z
01AP004,KENNEBECASIS RIVER AT APOHAQUI,2026-08-31T06:30:00Z,7.448,5.58,-65.60169,45.70139,FLOOD,2026-09-29T052155Z
01AP004,KENNEBECASIS RIVER AT APOHAQUI,2026-08-31T06:35:00Z,7.448,5.58,-65.60169,45.70139,FLOOD,2026-09-29T052155Z
01AP004,KENNEBECASIS RIVER AT APOHAQUI,2026-08-31T06:40:00Z,7.447,5.55,-65.60169,45.70139,FLOOD,2026-09-29T052155Z
01AP004,KENNEBECASIS RIVER AT APOHAQUI,2026-08-31T06:45:00Z,7.446,5.52,-65.60169,45.70139,FLOOD,2026-09-29T052155Z
01AP004,KENNEBECASIS RIVER AT APOHAQUI,2026-08-31T06:50:00Z,7.446,5.52,-65.60169,45.70139,FLOOD,2026-09-29T052155Z
01AP004,KENNEBECASIS RIVER AT APOHAQUI,2026-08-31T06:55:00Z,7.446,5.52,-65.60169,45.70139,FLOOD,2026-09-29T052155Z
01AP004,KENNEBECASIS RIVER AT APOHAQUI,2026-08-31T07:00:00Z,7.445,5.49,-65.60169,45.70139,FLOOD,2026-09-29T052155Z
01AP004,KENNEBECASIS RIVER AT APOHAQUI,2026-08-31T07:05:00Z,7.445,5.49,-65.60169,45.70139,FLOOD,2026-09-29T052155Z
01AP004,KENNEBECASIS RIVER AT APOHAQUI,2026-08-31T07:10:00Z,7.444,5.46,-65.60169,45.70139,FLOOD,2026-09-29T052155Z
01AP004,KENNEBECASIS RIVER AT APOHAQUI,2026-08-31T07:15:00Z,7.445,5.49,-65.60169,45.70139,FLOOD,2026-09-29T052155Z
01AP004,KENNEBECASIS RIVER AT APOHAQUI,2026-08-31T07:20:00Z,7.444,5.46,-65.60169,45.70139,FLOOD,2026-09-29T052155Z
01AP004,KENNEBECASIS RIVER AT APOHAQUI,2026-08-31T07:25:00Z,7.444,5.46,-65.60169,45.70139,FLOOD,2026-09-29T052155Z
01AP004,KENNEBECASIS RIVER AT APOHAQUI,2026-08-31T07:30:00Z,7.444,5.46,-65.60169,45.70139,FLOOD,2026-09-29T052155Z
01AP004,KENNEBECASIS RIVER AT APOHAQUI,2026-08-31T07:35:00Z,7.443,5.44,-65.60169,45.70139,FLOOD,2026-09-29T052155Z
01AP004,KENNEBECASIS RIVER AT APOHAQUI,2026-08-31T07:40:00Z,7.443,5.44,-65.60169,45.70139,FLOOD,2026-09-29T052155Z
01AP004,KENNEBECASIS RIVER AT APOHAQUI,2026-08-31T07:45:00Z,7.442,5.41,-65.60169,45.70139,FLOOD,2026-09-29T052155Z
01AP004,KENNEBECASIS RIVER AT APOHAQUI,2026-08-31T07:50:00Z,7.442,5.41,-65.60169,45.70139,FLOOD,2026-09-29T052155Z
01AP004,KENNEBECASIS RIVER AT APOHAQUI,2026-08-31T07:55:00Z,7.441,5.38,-65.60169,45.70139,FLOOD,2026-09-29T052155Z
01AP004,KENNEBECASIS RIVER AT APOHAQUI,2026-08-31T08:00:00Z,7.442,5.41,-65.60169,45.70139,FLOOD,2026-09-29T052155Z
01AP004,KENNEBECASIS RIVER AT APOHAQUI,2026-08-31T08:05:00Z,7.442,5.41,-65.60169,45.70139,FLOOD,2026-09-29T052155Z
01AP004,KENNEBECASIS RIVER AT APOHAQUI,2026-08-31T08:10:00Z,7.441,5.38,-65.60169,45.70139,FLOOD,2026-09-29T052155Z
01AP004,KENNEBECASIS RIVER AT APOHAQUI,2026-08-31T08:15:00Z,7.44,5.35,-65.60169,45.70139,FLOOD,2026-09-29T052155Z
01AP004,KENNEBECASIS RIVER AT APOHAQUI,2026-08-31T08:20:00Z,7.44,5.35,-65.60169,45.70139,FLOOD,2026-09-29T052155Z
01AP004,KENNEBECASIS RIVER AT APOHAQUI,2026-08-31T08:25:00Z,7.439,5.32,-65.60169,45.70139,FLOOD,2026-09-29T052155Z
01AP004,KENNEBECASIS RIVER AT APOHAQUI,2026-08-31T08:30:00Z,7.439,5.32,-65.60169,45.70139,FLOOD,2026-09-29T052155Z
01AP004,KENNEBECASIS RIVER AT APOHAQUI,2026-08-31T08:35:00Z,7.438,5.29,-65.60169,45.70139,FLOOD,2026-09-29T052155Z
01AP004,KENNEBECASIS RIVER AT APOHAQUI,2026-08-31T08:40:00Z,7.438,5.29,-65.60169,45.70139,FLOOD,2026-09-29T052155Z
01AP004,KENNEBECASIS RIVER AT APOHAQUI,2026-08-31T08:45:00Z,7.438,5.29,-65.60169,45.70139,FLOOD,2026-09-29T052155Z
01AP004,KENNEBECASIS RIVER AT APOHAQUI,2026-08-31T08:50:00Z,7.438,5.29,-65.60169,45.70139,FLOOD,2026-09-29T052155Z
01AP004,KENNEBECASIS RIVER AT APOHAQUI,2026-08-31T08:55:00Z,7.437,5.26,-65.60169,45.70139,FLOOD,2026-09-29T052155Z
01AP004,KENNEBECASIS RIVER AT APOHAQUI,2026-08-31T09:00:00Z,7.437,5.26,-65.60169,45.70139,FLOOD,2026-09-29T052155Z
01AP004,KENNEBECASIS RIVER AT APOHAQUI,2026-08-31T09:05:00Z,7.436,5.24,-65.60169,45.70139,FLOOD,2026-09-29T052155Z
01AP004,KENNEBECASIS RIVER AT APOHAQUI,2026-08-31T09:10:00Z,7.436,5.24,-65.60169,45.70139,FLOOD,2026-09-29T052155Z
01AP004,KENNEBECASIS RIVER AT APOHAQUI,2026-08-31T09:15:00Z,7.436,5.24,-65.60169,45.70139,FLOOD,2026-09-29T052155Z
01AP004,KENNEBECASIS RIVER AT APOHAQUI,2026-08-31T09:20:00Z,7.436,5.24,-65.60169,45.70139,FLOOD,2026-09-29T052155Z
01AP004,KENNEBECASIS RIVER AT APOHAQUI,2026-08-31T09:25:00Z,7.436,5.24,-65.60169,45.70139,FLOOD,2026-09-29T052155Z
01AP004,KENNEBECASIS RIVER AT APOHAQUI,2026-08-31T09:30:00Z,7.435,5.21,-65.60169,45.70139,FLOOD,2026-09-29T052155Z
01AP004,KENNEBECASIS RIVER AT APOHAQUI,2026-08-31T21:35:00Z,7.42,4.9,-65.60169,45.70139,FLOOD,2026-09-29T052155Z
01AP004,KENNEBECASIS RIVER AT APOHAQUI,2026-08-31T21:40:00Z,7.42,4.9,-65.60169,45.70139,FLOOD,2026-09-29T052155Z
01AP004,KENNEBECASIS RIVER AT APOHAQUI,2026-08-31T21:45:00Z,7.42,4.9,-65.60169,45.70139,FLOOD,2026-09-29T052155Z
01AP004,KENNEBECASIS RIVER AT APOHAQUI,2026-08-31T21:50:00Z,7.419,4.88,-65.60169,45.70139,FLOOD,2026-09-29T052155Z
01AP004,KENNEBECASIS RIVER AT APOHAQUI,2026-08-31T21:55:00Z,7.419,4.88,-65.60169,45.70139,FLOOD,2026-09-29T052155Z
01AP004,KENNEBECASIS RIVER AT APOHAQUI,2026-08-31T22:00:00Z,7.419,4.88,-65.60169,45.70139,FLOOD,2026-09-29T052155Z
01AP004,KENNEBECASIS RIVER AT APOHAQUI,2026-08-31T22:05:00Z,7.419,4.88,-65.60169,45.70139,FLOOD,2026-09-29T052155Z
01AP004,KENNEBECASIS RIVER AT APOHAQUI,2026-08-31T22:10:00Z,7.419,4.88,-65.60169,45.70139,FLOOD,2026-09-29T052155Z
01AP004,KENNEBECASIS RIVER AT APOHAQUI,2026-08-31T22:15:00Z,7.419,4.88,-65.60169,45.70139,FLOOD,2026-09-29T052155Z
01AP004,KENNEBECASIS RIVER AT APOHAQUI,2026-08-31T22:20:00Z,7.418,4.87,-65.60169,45.70139,FLOOD,2026-09-29T052155Z
01AP004,KENNEBECASIS RIVER AT APOHAQUI,2026-08-31T22:25:00Z,7.418,4.87,-65.60169,45.70139,FLOOD,2026-09-29T052155Z
01AP004,KENNEBECASIS RIVER AT APOHAQUI,2026-08-31T22:30:00Z,7.418,4.87,-65.60169,45.70139,FLOOD,2026-09-29T052155Z
01AP004,KENNEBECASIS RIVER AT APOHAQUI,2026-08-31T22:35:00Z,7.418,4.87,-65.60169,45.70139,FLOOD,2026-09-29T052155Z
01AP004,KENNEBECASIS RIVER AT APOHAQUI,2026-08-31T22:40:00Z,7.419,4.88,-65.60169,45.70139,FLOOD,2026-09-29T052155Z
01AP004,KENNEBECASIS RIVER AT APOHAQUI,2026-08-31T22:45:00Z,7.418,4.87,-65.60169,45.70139,FLOOD,2026-09-29T052155Z
01AP004,KENNEBECASIS RIVER AT APOHAQUI,2026-08-31T22:50:00Z,7.418,4.87,-65.60169,45.70139,FLOOD,2026-09-29T052155Z
01AP004,KENNEBECASIS RIVER AT APOHAQUI,2026-08-31T22:55:00Z,7.418,4.87,-65.60169,45.70139,FLOOD,2026-09-29T052155Z
01AP004,KENNEBECASIS RIVER AT APOHAQUI,2026-08-31T23:00:00Z,7.418,4.87,-65.60169,45.70139,FLOOD,2026-09-29T052155Z
01AP004,KENNEBECASIS RIVER AT APOHAQUI,2026-08-31T23:05:00Z,7.418,4.87,-65.60169,45.70139,FLOOD,2026-09-29T052155Z
01AP004,KENNEBECASIS RIVER AT APOHAQUI,2026-08-31T23:10:00Z,7.418,4.87,-65.60169,45.70139,FLOOD,2026-09-29T052155Z
01AP004,KENNEBECASIS RIVER AT APOHAQUI,2026-08-31T23:15:00Z,7.418,4.87,-65.60169,45.70139,FLOOD,2026-09-29T052155Z
01AP004,KENNEBECASIS RIVER AT APOHAQUI,2026-08-31T23:20:00Z,7.417,4.86,-65.60169,45.70139,FLOOD,2026-09-29T052155Z
01AP004,KENNEBECASIS RIVER AT APOHAQUI,2026-08-31T23:25:00Z,7.417,4.86,-65.60169,45.70139,FLOOD,2026-09-29T052155Z
01AP004,KENNEBECASIS RIVER AT APOHAQUI,2026-08-31T23:30:00Z,7.418,4.87,-65.60169,45.70139,FLOOD,2026-09-29T052155Z
01AP004,KENNEBECASIS RIVER AT APOHAQUI,2026-08-31T20:35:00Z,7.421,4.91,-65.60169,45.70139,FLOOD,2026-09-29T052155Z
01AP004,KENNEBECASIS RIVER AT APOHAQUI,2026-08-31T20:40:00Z,7.421,4.91,-65.60169,45.70139,FLOOD,2026-09-29T052155Z
01AP004,KENNEBECASIS RIVER AT APOHAQUI,2026-08-31T20:45:00Z,7.421,4.91,-65.60169,45.70139,FLOOD,2026-09-29T052155Z
01AP004,KENNEBECASIS RIVER AT APOHAQUI,2026-08-31T20:50:00Z,7.421,4.91,-65.60169,45.70139,FLOOD,2026-09-29T052155Z
01AP004,KENNEBECASIS RIVER AT APOHAQUI,2026-08-31T20:55:00Z,7.422,4.92,-65.60169,45.70139,FLOOD,2026-09-29T052155Z
01AP004,KENNEBECASIS RIVER AT APOHAQUI,2026-08-31T21:00:00Z,7.421,4.91,-65.60169,45.70139,FLOOD,2026-09-29T052155Z
01AP004,KENNEBECASIS RIVER AT APOHAQUI,2026-08-31T21:05:00Z,7.421,4.91,-65.60169,45.70139,FLOOD,2026-09-29T052155Z
01AP004,KENNEBECASIS RIVER AT APOHAQUI,2026-08-31T21:10:00Z,7.421,4.91,-65.60169,45.70139,FLOOD,2026-09-29T052155Z
01AP004,KENNEBECASIS RIVER AT APOHAQUI,2026-08-31T21:15:00Z,7.42,4.9,-65.60169,45.70139,FLOOD,2026-09-29T052155Z
01AP004,KENNEBECASIS RIVER AT APOHAQUI,2026-08-31T21:20:00Z,7.42,4.9,-65.60169,45.70139,FLOOD,2026-09-29T052155Z
01AP004,KENNEBECASIS RIVER AT APOHAQUI,2026-08-31T21:25:00Z,7.42,4.9,-65.60169,45.70139,FLOOD,2026-09-29T052155Z
01AP004,KENNEBECASIS RIVER AT APOHAQUI,2026-08-31T21:30:00Z,7.42,4.9,-65.60169,45.70139,FLOOD,2026-09-29T052155Z
01AP004,KENNEBECASIS RIVER AT APOHAQUI,2026-08-31T19:35:00Z,7.423,4.93,-65.60169,45.70139,FLOOD,2026-09-29T052155Z
01AP004,KENNEBECASIS RIVER AT APOHAQUI,2026-08-31T19:40:00Z,7.423,4.93,-65.60169,45.70139,FLOOD,2026-09-29T052155Z
01AP004,KENNEBECASIS RIVER AT APOHAQUI,2026-08-31T19:45:00Z,7.422,4.92,-65.60169,45.70139,FLOOD,2026-09-29T052155Z
01AP004,KENNEBECASIS RIVER AT APOHAQUI,2026-08-31T19:50:00Z,7.422,4.92,-65.60169,45.70139,FLOOD,2026-09-29T052155Z
01AP004,KENNEBECASIS RIVER AT APOHAQUI,2026-08-31T19:55:00Z,7.422,4.92,-65.60169,45.70139,FLOOD,2026-09-29T052155Z
01AP004,KENNEBECASIS RIVER AT APOHAQUI,2026-08-31T20:00:00Z,7.422,4.92,-65.60169,45.70139,FLOOD,2026-09-29T052155Z
01AP004,KENNEBECASIS RIVER AT APOHAQUI,2026-08-31T20:05:00Z,7.422,4.92,-65.60169,45.70139,FLOOD,2026-09-29T052155Z
01AP004,KENNEBECASIS RIVER AT APOHAQUI,2026-08-31T20:10:00Z,7.422,4.92,-65.60169,45.70139,FLOOD,2026-09-29T052155Z
01AP004,KENNEBECASIS RIVER AT APOHAQUI,2026-08-31T20:15:00Z,7.423,4.93,-65.60169,45.70139,FLOOD,2026-09-29T052155Z
01AP004,KENNEBECASIS RIVER AT APOHAQUI,2026-08-31T20:20:00Z,7.423,4.93,-65.60169,45.70139,FLOOD,2026-09-29T052155Z
01AP004,KENNEBECASIS RIVER AT APOHAQUI,2026-08-31T20:25:00Z,7.422,4.92,-65.60169,45.70139,FLOOD,2026-09-29T052155Z
01AP004,KENNEBECASIS RIVER AT APOHAQUI,2026-08-31T20:30:00Z,7.422,4.92,-65.60169,45.70139,FLOOD,2026-09-29T052155Z
01AP004,KENNEBECASIS RIVER AT APOHAQUI,2026-08-31T23:35:00Z,7.418,4.87,-65.60169,45.70139,FLOOD,2026-09-29T052155Z
01AP004,KENNEBECASIS RIVER AT APOHAQUI,2026-08-31T23:40:00Z,7.417,4.86,-65.60169,45.70139,FLOOD,2026-09-29T052155Z
01AP004,KENNEBECASIS RIVER AT APOHAQUI,2026-08-31T23:45:00Z,7.417,4.86,-65.60169,45.70139,FLOOD,2026-09-29T052155Z
01AP004,KENNEBECASIS RIVER AT APOHAQUI,2026-08-31T23:50:00Z,7.417,4.86,-65.60169,45.70139,FLOOD,2026-09-29T052155Z
01AP004,KENNEBECASIS RIVER AT APOHAQUI,2026-08-31T23:55:00Z,7.416,4.85,-65.60169,45.70139,FLOOD,2026-09-29T052155Z
01AP004,KENNEBECASIS RIVER AT APOHAQUI,2026-09-01T00:00:00Z,7.417,4.86,-65.60169,45.70139,FLOOD,2026-09-29T052155Z
01AP004,KENNEBECASIS RIVER AT APOHAQUI,2026-09-01T00:05:00Z,7.417,4.86,-65.60169,45.70139,FLOOD,2026-09-29T052155Z
01AP004,KENNEBECASIS RIVER AT APOHAQUI,2026-09-01T00:10:00Z,7.416,4.85,-65.60169,45.70139,FLOOD,2026-09-29T052155Z
01AP004,KENNEBECASIS RIVER AT APOHAQUI,2026-09-01T00:15:00Z,7.416,4.85,-65.60169,45.70139,FLOOD,2026-09-29T052155Z
01AP004,KENNEBECASIS RIVER AT APOHAQUI,2026-09-01T00:20:00Z,7.415,4.84,-65.60169,45.70139,FLOOD,2026-09-29T052155Z
01AP004,KENNEBECASIS RIVER AT APOHAQUI,2026-09-01T00:25:00Z,7.415,4.84,-65.60169,45.70139,FLOOD,2026-09-29T052155Z
01AP004,KENNEBECASIS RIVER AT APOHAQUI,2026-09-01T00:30:00Z,7.415,4.84,-65.60169,45.70139,FLOOD,2026-09-29T052155Z
01AP004,KENNEBECASIS RIVER AT APOHAQUI,2026-09-01T00:35:00Z,7.415,4.84,-65.60169,45.70139,FLOOD,2026-09-29T052155Z
01AP004,KENNEBECASIS RIVER AT APOHAQUI,2026-09-01T00:40:00Z,7.415,4.84,-65.60169,45.70139,FLOOD,2026-09-29T052155Z
01AP004,KENNEBECASIS RIVER AT APOHAQUI,2026-09-01T00:45:00Z,7.414,4.82,-65.60169,45.70139,FLOOD,2026-09-29T052155Z
01AP004,KENNEBECASIS RIVER AT APOHAQUI,2026-09-01T00:50:00Z,7.414,4.82,-65.60169,45.70139,FLOOD,2026-09-29T052155Z
01AP004,KENNEBECASIS RIVER AT APOHAQUI,2026-09-01T00:55:00Z,7.414,4.82,-65.60169,45.70139,FLOOD,2026-09-29T052155Z
01AP004,KENNEBECASIS RIVER AT APOHAQUI,2026-09-01T01:00:00Z,7.414,4.82,-65.60169,45.70139,FLOOD,2026-09-29T052155Z
01AP004,KENNEBECASIS RIVER AT APOHAQUI,2026-09-01T01:05:00Z,7.413,4.81,-65.60169,45.70139,FLOOD,2026-09-29T052155Z
01AP004,KENNEBECASIS RIVER AT APOHAQUI,2026-09-01T01:10:00Z,7.413,4.81,-65.60169,45.70139,FLOOD,2026-09-29T052155Z
01AP004,KENNEBECASIS RIVER AT APOHAQUI,2026-09-01T01:15:00Z,7.413,4.81,-65.60169,45.70139,FLOOD,2026-09-29T052155Z
01AP004,KENNEBECASIS RIVER AT APOHAQUI,2026-09-01T01:20:00Z,7.414,4.82,-65.60169,45.70139,FLOOD,2026-09-29T052155Z
01AP004,KENNEBECASIS RIVER AT APOHAQUI,2026-09-01T01:25:00Z,7.413,4.81,-65.60169,45.70139,FLOOD,2026-09-29T052155Z
01AP004,KENNEBECASIS RIVER AT APOHAQUI,2026-09-01T01:30:00Z,7.413,4.81,-65.60169,45.70139,FLOOD,2026-09-29T052155Z
01AP004,KENNEBECASIS RIVER AT APOHAQUI,2026-09-01T01:35:00Z,7.413,4.81,-65.60169,45.70139,FLOOD,2026-09-29T052155Z
01AP004,KENNEBECASIS RIVER AT APOHAQUI,2026-09-01T01:40:00Z,7.412,4.8,-65.60169,45.70139,FLOOD,2026-09-29T052155Z
01AP004,KENNEBECASIS RIVER AT APOHAQUI,2026-09-01T01:45:00Z,7.412,4.8,-65.60169,45.70139,FLOOD,2026-09-29T052155Z
01AP004,KENNEBECASIS RIVER AT APOHAQUI,2026-09-01T01:50:00Z,7.413,4.81,-65.60169,45.70139,FLOOD,2026-09-29T052155Z
01AP004,KENNEBECASIS RIVER AT APOHAQUI,2026-09-01T01:55:00Z,7.412,4.8,-65.60169,45.70139,FLOOD,2026-09-29T052155Z
01AP004,KENNEBECASIS RIVER AT APOHAQUI,2026-09-01T02:00:00Z,7.412,4.8,-65.60169,45.70139,FLOOD,2026-09-29T052155Z
01AP004,KENNEBECASIS RIVER AT APOHAQUI,2026-09-01T02:05:00Z,7.412,4.8,-65.60169,45.70139,FLOOD,2026-09-29T052155Z
01AP004,KENNEBECASIS RIVER AT APOHAQUI,2026-09-01T02:10:00Z,7.411,4.79,-65.60169,45.70139,FLOOD,2026-09-29T052155Z
01AP004,KENNEBECASIS RIVER AT APOHAQUI,2026-09-01T02:15:00Z,7.411,4.79,-65.60169,45.70139,FLOOD,2026-09-29T052155Z
01AP004,KENNEBECASIS RIVER AT APOHAQUI,2026-09-01T02:20:00Z,7.411,4.79,-65.60169,45.70139,FLOOD,2026-09-29T052155Z
01AP004,KENNEBECASIS RIVER AT APOHAQUI,2026-09-01T02:25:00Z,7.411,4.79,-65.60169,45.70139,FLOOD,2026-09-29T052155Z
01AP004,KENNEBECASIS RIVER AT APOHAQUI,2026-09-01T02:30:00Z,7.41,4.77,-65.60169,45.70139,FLOOD,2026-09-29T052155Z
01AP004,KENNEBECASIS RIVER AT APOHAQUI,2026-09-01T02:35:00Z,7.411,4.79,-65.60169,45.70139,FLOOD,2026-09-29T052155Z
01AP004,KENNEBECASIS RIVER AT APOHAQUI,2026-09-01T02:40:00Z,7.411,4.79,-65.60169,45.70139,FLOOD,2026-09-29T052155Z
01AP004,KENNEBECASIS RIVER AT APOHAQUI,2026-09-01T02:45:00Z,7.411,4.79,-65.60169,45.70139,FLOOD,2026-09-29T052155Z
01AP004,KENNEBECASIS RIVER AT APOHAQUI,2026-09-01T02:50:00Z,7.411,4.79,-65.60169,45.70139,FLOOD,2026-09-29T052155Z
01AP004,KENNEBECASIS RIVER AT APOHAQUI,2026-09-01T02:55:00Z,7.41,4.77,-65.60169,45.70139,FLOOD,2026-09-29T052155Z
01AP004,KENNEBECASIS RIVER AT APOHAQUI,2026-09-01T03:00:00Z,7.41,4.77,-65.60169,45.70139,FLOOD,2026-09-29T052155Z
01AP004,KENNEBECASIS RIVER AT APOHAQUI,2026-09-01T03:05:00Z,7.409,4.76,-65.60169,45.70139,FLOOD,2026-09-29T052155Z
01AP004,KENNEBECASIS RIVER AT APOHAQUI,2026-09-01T03:10:00Z,7.409,4.76,-65.60169,45.70139,FLOOD,2026-09-29T052155Z
01AP004,KENNEBECASIS RIVER AT APOHAQUI,2026-09-01T03:15:00Z,7.409,4.76,-65.60169,45.70139,FLOOD,2026-09-29T052155Z
01AP004,KENNEBECASIS RIVER AT APOHAQUI,2026-09-01T03:20:00Z,7.409,4.76,-65.60169,45.70139,FLOOD,2026-09-29T052155Z
01AP004,KENNEBECASIS RIVER AT APOHAQUI,2026-09-01T03:25:00Z,7.409,4.76,-65.60169,45.70139,FLOOD,2026-09-29T052155Z
01AP004,KENNEBECASIS RIVER AT APOHAQUI,2026-09-01T03:30:00Z,7.41,4.77,-65.60169,45.70139,FLOOD,2026-09-29T052155Z
01AP004,KENNEBECASIS RIVER AT APOHAQUI,2026-09-01T03:35:00Z,7.409,4.76,-65.60169,45.70139,FLOOD,2026-09-29T052155Z
01AP004,KENNEBECASIS RIVER AT APOHAQUI,2026-09-01T03:40:00Z,7.409,4.76,-65.60169,45.70139,FLOOD,2026-09-29T052155Z
01AP004,KENNEBECASIS RIVER AT APOHAQUI,2026-09-01T03:45:00Z,7.409,4.76,-65.60169,45.70139,FLOOD,2026-09-29T052155Z
01AP004,KENNEBECASIS RIVER AT APOHAQUI,2026-09-01T03:50:00Z,7.409,4.76,-65.60169,45.70139,FLOOD,2026-09-29T052155Z
01AP004,KENNEBECASIS RIVER AT APOHAQUI,2026-09-01T03:55:00Z,7.409,4.76,-65.60169,45.70139,FLOOD,2026-09-29T052155Z
01AP004,KENNEBECASIS RIVER AT APOHAQUI,2026-09-01T04:00:00Z,7.408,4.75,-65.60169,45.70139,FLOOD,2026-09-29T052155Z
01AP004,KENNEBECASIS RIVER AT APOHAQUI,2026-09-01T04:05:00Z,7.407,4.74,-65.60169,45.70139,FLOOD,2026-09-29T052155Z
01AP004,KENNEBECASIS RIVER AT APOHAQUI,2026-09-01T04:10:00Z,7.407,4.74,-65.60169,45.70139,FLOOD,2026-09-29T052155Z
01AP004,KENNEBECASIS RIVER AT APOHAQUI,2026-09-01T04:15:00Z,7.407,4.74,-65.60169,45.70139,FLOOD,2026-09-29T052155Z
01AP004,KENNEBECASIS RIVER AT APOHAQUI,2026-09-01T04:20:00Z,7.407,4.74,-65.60169,45.70139,FLOOD,2026-09-29T052155Z
01AP004,KENNEBECASIS RIVER AT APOHAQUI,2026-09-01T04:25:00Z,7.408,4.75,-65.60169,45.70139,FLOOD,2026-09-29T052155Z
01AP004,KENNEBECASIS RIVER AT APOHAQUI,2026-09-01T04:30:00Z,7.407,4.74,-65.60169,45.70139,FLOOD,2026-09-29T052155Z
01AP004,KENNEBECASIS RIVER AT APOHAQUI,2026-09-01T04:35:00Z,7.407,4.74,-65.60169,45.70139,FLOOD,2026-09-29T052155Z
01AP004,KENNEBECASIS RIVER AT APOHAQUI,2026-09-01T04:40:00Z,7.407,4.74,-65.60169,45.70139,FLOOD,2026-09-29T052155Z
01AP004,KENNEBECASIS RIVER AT APOHAQUI,2026-09-01T04:45:00Z,7.407,4.74,-65.60169,45.70139,FLOOD,2026-09-29T052155Z
01AP004,KENNEBECASIS RIVER AT APOHAQUI,2026-09-01T04:50:00Z,7.406,4.73,-65.60169,45.70139,FLOOD,2026-09-29T052155Z
01AP004,KENNEBECASIS RIVER AT APOHAQUI,2026-09-01T04:55:00Z,7.406,4.73,-65.60169,45.70139,FLOOD,2026-09-29T052155Z
01AP004,KENNEBECASIS RIVER AT APOHAQUI,2026-09-01T05:00:00Z,7.406,4.73,-65.60169,45.70139,FLOOD,2026-09-29T052155Z
01AP004,KENNEBECASIS RIVER AT APOHAQUI,2026-09-01T05:05:00Z,7.406,4.73,-65.60169,45.70139,FLOOD,2026-09-29T052155Z
01AP004,KENNEBECASIS RIVER AT APOHAQUI,2026-09-01T05:10:00Z,7.406,4.73,-65.60169,45.70139,FLOOD,2026-09-29T052155Z
01AP004,KENNEBECASIS RIVER AT APOHAQUI,2026-09-01T05:15:00Z,7.406,4.73,-65.60169,45.70139,FLOOD,2026-09-29T052155Z
01AP004,KENNEBECASIS RIVER AT APOHAQUI,2026-09-01T05:20:00Z,7.406,4.73,-65.60169,45.70139,FLOOD,2026-09-29T052155Z
01AP004,KENNEBECASIS RIVER AT APOHAQUI,2026-09-01T05:25:00Z,7.405,4.71,-65.60169,45.70139,FLOOD,2026-09-29T052155Z
01AP004,KENNEBECASIS RIVER AT APOHAQUI,2026-09-01T05:30:00Z,7.405,4.71,-65.60169,45.70139,FLOOD,2026-09-29T052155Z
01AP004,KENNEBECASIS RIVER AT APOHAQUI,2026-09-01T05:35:00Z,7.405,4.71,-65.60169,45.70139,FLOOD,2026-09-29T052155Z
01AP004,KENNEBECASIS RIVER AT APOHAQUI,2026-09-01T05:40:00Z,7.405,4.71,-65.60169,45.70139,FLOOD,2026-09-29T052155Z
01AP004,KENNEBECASIS RIVER AT APOHAQUI,2026-09-01T05:45:00Z,7.406,4.73,-65.60169,45.70139,FLOOD,2026-09-29T052155Z
01AP004,KENNEBECASIS RIVER AT APOHAQUI,2026-09-01T05:50:00Z,7.405,4.71,-65.60169,45.70139,FLOOD,2026-09-29T052155Z
01AP004,KENNEBECASIS RIVER AT APOHAQUI,2026-09-01T05:55:00Z,7.405,4.71,-65.60169,45.70139,FLOOD,2026-09-29T052155Z
01AP004,KENNEBECASIS RIVER AT APOHAQUI,2026-09-01T06:00:00Z,7.405,4.71,-65.60169,45.70139,FLOOD,2026-09-29T052155Z
01AP004,KENNEBECASIS RIVER AT APOHAQUI,2026-09-01T06:05:00Z,7.404,4.7,-65.60169,45.70139,FLOOD,2026-09-29T052155Z
01AP004,KENNEBECASIS RIVER AT APOHAQUI,2026-09-01T06:10:00Z,7.405,4.71,-65.60169,45.70139,FLOOD,2026-09-29T052155Z
01AP004,KENNEBECASIS RIVER AT APOHAQUI,2026-09-01T06:15:00Z,7.405,4.71,-65.60169,45.70139,FLOOD,2026-09-29T052155Z
01AP004,KENNEBECASIS RIVER AT APOHAQUI,2026-09-01T06:20:00Z,7.404,4.7,-65.60169,45.70139,FLOOD,2026-09-29T052155Z
01AP004,KENNEBECASIS RIVER AT APOHAQUI,2026-09-01T06:25:00Z,7.404,4.7,-65.60169,45.70139,FLOOD,2026-09-29T052155Z
01AP004,KENNEBECASIS RIVER AT APOHAQUI,2026-09-01T06:30:00Z,7.404,4.7,-65.60169,45.70139,FLOOD,2026-09-29T052155Z
01AP004,KENNEBECASIS RIVER AT APOHAQUI,2026-09-01T06:35:00Z,7.404,4.7,-65.60169,45.70139,FLOOD,2026-09-29T052155Z
01AP004,KENNEBECASIS RIVER AT APOHAQUI,2026-09-01T06:40:00Z,7.403,4.69,-65.60169,45.70139,FLOOD,2026-09-29T052155Z
01AP004,KENNEBECASIS RIVER AT APOHAQUI,2026-09-01T06:45:00Z,7.404,4.7,-65.60169,45.70139,FLOOD,2026-09-29T052155Z
01AP004,KENNEBECASIS RIVER AT APOHAQUI,2026-09-01T06:50:00Z,7.404,4.7,-65.60169,45.70139,FLOOD,2026-09-29T052155Z
01AP004,KENNEBECASIS RIVER AT APOHAQUI,2026-09-01T06:55:00Z,7.404,4.7,-65.60169,45.70139,FLOOD,2026-09-29T052155Z
01AP004,KENNEBECASIS RIVER AT APOHAQUI,2026-09-01T07:00:00Z,7.403,4.69,-65.60169,45.70139,FLOOD,2026-09-29T052155Z
01AP004,KENNEBECASIS RIVER AT APOHAQUI,2026-09-01T07:05:00Z,7.403,4.69,-65.60169,45.70139,FLOOD,2026-09-29T052155Z
01AP004,KENNEBECASIS RIVER AT APOHAQUI,2026-09-01T07:10:00Z,7.403,4.69,-65.60169,45.70139,FLOOD,2026-09-29T052155Z
01AP004,KENNEBECASIS RIVER AT APOHAQUI,2026-09-01T07:15:00Z,7.403,4.69,-65.60169,45.70139,FLOOD,2026-09-29T052155Z
01AP004,KENNEBECASIS RIVER AT APOHAQUI,2026-09-01T07:20:00Z,7.404,4.7,-65.60169,45.70139,FLOOD,2026-09-29T052155Z
01AP004,KENNEBECASIS RIVER AT APOHAQUI,2026-09-01T07:25:00Z,7.403,4.69,-65.60169,45.70139,FLOOD,2026-09-29T052155Z
01AP004,KENNEBECASIS RIVER AT APOHAQUI,2026-09-01T07:30:00Z,7.403,4.69,-65.60169,45.70139,FLOOD,2026-09-29T052155Z
01AP004,KENNEBECASIS RIVER AT APOHAQUI,2026-09-01T07:35:00Z,7.403,4.69,-65.60169,45.70139,FLOOD,2026-09-29T052155Z
01AP004,KENNEBECASIS RIVER AT APOHAQUI,2026-09-01T07:40:00Z,7.402,4.68,-65.60169,45.70139,FLOOD,2026-09-29T052155Z
01AP004,KENNEBECASIS RIVER AT APOHAQUI,2026-09-01T07:45:00Z,7.402,4.68,-65.60169,45.70139,FLOOD,2026-09-29T052155Z
01AP004,KENNEBECASIS RIVER AT APOHAQUI,2026-09-01T07:50:00Z,7.402,4.68,-65.60169,45.70139,FLOOD,2026-09-29T052155Z
01AP004,KENNEBECASIS RIVER AT APOHAQUI,2026-09-01T07:55:00Z,7.402,4.68,-65.60169,45.70139,FLOOD,2026-09-29T052155Z
01AP004,KENNEBECASIS RIVER AT APOHAQUI,2026-09-01T08:00:00Z,7.403,4.69,-65.60169,45.70139,FLOOD,2026-09-29T052155Z
01AP004,KENNEBECASIS RIVER AT APOHAQUI,2026-09-01T08:05:00Z,7.403,4.69,-65.60169,45.70139,FLOOD,2026-09-29T052155Z
01AP004,KENNEBECASIS RIVER AT APOHAQUI,2026-09-01T08:10:00Z,7.402,4.68,-65.60169,45.70139,FLOOD,2026-09-29T052155Z
01AP004,KENNEBECASIS RIVER AT APOHAQUI,2026-09-01T08:15:00Z,7.402,4.68,-65.60169,45.70139,FLOOD,2026-09-29T052155Z
01AP004,KENNEBECASIS RIVER AT APOHAQUI,2026-09-01T08:20:00Z,7.402,4.68,-65.60169,45.70139,FLOOD,2026-09-29T052155Z
01AP004,KENNEBECASIS RIVER AT APOHAQUI,2026-09-01T08:25:00Z,7.402,4.68,-65.60169,45.70139,FLOOD,2026-09-29T052155Z
01AP004,KENNEBECASIS RIVER AT APOHAQUI,2026-09-01T08:30:00Z,7.401,4.66,-65.60169,45.70139,FLOOD,2026-09-29T052155Z
01AP004,KENNEBECASIS RIVER AT APOHAQUI,2026-09-01T08:35:00Z,7.401,4.66,-65.60169,45.70139,FLOOD,2026-09-29T052155Z
01AP004,KENNEBECASIS RIVER AT APOHAQUI,2026-09-01T08:40:00Z,7.401,4.66,-65.60169,45.70139,FLOOD,2026-09-29T052155Z
01AP004,KENNEBECASIS RIVER AT APOHAQUI,2026-09-01T08:45:00Z,7.402,4.68,-65.60169,45.70139,FLOOD,2026-09-29T052155Z
01AP004,KENNEBECASIS RIVER AT APOHAQUI,2026-09-01T08:50:00Z,7.402,4.68,-65.60169,45.70139,FLOOD,2026-09-29T052155Z
01AP004,KENNEBECASIS RIVER AT APOHAQUI,2026-09-01T08:55:00Z,7.402,4.68,-65.60169,45.70139,FLOOD,2026-09-29T052155Z
01AP004,KENNEBECASIS RIVER AT APOHAQUI,2026-09-01T09:00:00Z,7.401,4.66,-65.60169,45.70139,FLOOD,2026-09-29T052155Z
01AP004,KENNEBECASIS RIVER AT APOHAQUI,2026-09-01T09:05:00Z,7.401,4.66,-65.60169,45.70139,FLOOD,2026-09-29T052155Z
01AP004,KENNEBECASIS RIVER AT APOHAQUI,2026-09-01T09:10:00Z,7.401,4.66,-65.60169,45.70139,FLOOD,2026-09-29T052155Z
01AP004,KENNEBECASIS RIVER AT APOHAQUI,2026-09-01T09:15:00Z,7.401,4.66,-65.60169,45.70139,FLOOD,2026-09-29T052155Z
01AP004,KENNEBECASIS RIVER AT APOHAQUI,2026-09-01T09:20:00Z,7.401,4.66,-65.60169,45.70139,FLOOD,2026-09-29T052155Z
01AP004,KENNEBECASIS RIVER AT APOHAQUI,2026-09-01T09:25:00Z,7.401,4.66,-65.60169,45.70139,FLOOD,2026-09-29T052155Z
01AP004,KENNEBECASIS RIVER AT APOHAQUI,2026-09-01T09:30:00Z,7.402,4.68,-65.60169,45.70139,FLOOD,2026-09-29T052155Z
01AP004,KENNEBECASIS RIVER AT APOHAQUI,2026-09-01T09:35:00Z,7.401,4.66,-65.60169,45.70139,FLOOD,2026-09-29T052155Z
01AP004,KENNEBECASIS RIVER AT APOHAQUI,2026-09-01T09:40:00Z,7.402,4.68,-65.60169,45.70139,FLOOD,2026-09-29T052155Z
01AP004,KENNEBECASIS RIVER AT APOHAQUI,2026-09-01T09:45:00Z,7.402,4.68,-65.60169,45.70139,FLOOD,2026-09-29T052155Z
01AP004,KENNEBECASIS RIVER AT APOHAQUI,2026-09-01T09:50:00Z,7.401,4.66,-65.60169,45.70139,FLOOD,2026-09-29T052155Z
01AP004,KENNEBECASIS RIVER AT APOHAQUI,2026-09-01T09:55:00Z,7.401,4.66,-65.60169,45.70139,FLOOD,2026-09-29T052155Z
01AP004,KENNEBECASIS RIVER AT APOHAQUI,2026-09-01T10:00:00Z,7.402,4.68,-65.60169,45.70139,FLOOD,2026-09-29T052155Z
01AP004,KENNEBECASIS RIVER AT APOHAQUI,2026-09-01T10:05:00Z,7.401,4.66,-65.60169,45.70139,FLOOD,2026-09-29T052155Z
01AP004,KENNEBECASIS RIVER AT APOHAQUI,2026-09-01T10:10:00Z,7.401,4.66,-65.60169,45.70139,FLOOD,2026-09-29T052155Z
01AP004,KENNEBECASIS RIVER AT APOHAQUI,2026-09-01T10:15:00Z,7.402,4.68,-65.60169,45.70139,FLOOD,2026-09-29T052155Z
01AP004,KENNEBECASIS RIVER AT APOHAQUI,2026-09-01T10:20:00Z,7.402,4.68,-65.60169,45.70139,FLOOD,2026-09-29T052155Z
01AP004,KENNEBECASIS RIVER AT APOHAQUI,2026-09-01T10:25:00Z,7.401,4.66,-65.60169,45.70139,FLOOD,2026-09-29T052155Z
01AP004,KENNEBECASIS RIVER AT APOHAQUI,2026-09-01T10:30:00Z,7.401,4.66,-65.60169,45.70139,FLOOD,2026-09-29T052155Z
01AP004,KENNEBECASIS RIVER AT APOHAQUI,2026-09-01T10:35:00Z,7.401,4.66,-65.60169,45.70139,FLOOD,2026-09-29T052155Z
01AP004,KENNEBECASIS RIVER AT APOHAQUI,2026-09-01T10:40:00Z,7.401,4.66,-65.60169,45.70139,FLOOD,2026-09-29T052155Z
01AP004,KENNEBECASIS RIVER AT APOHAQUI,2026-09-01T10:45:00Z,7.401,4.66,-65.60169,45.70139,FLOOD,2026-09-29T052155Z
01AP004,KENNEBECASIS RIVER AT APOHAQUI,2026-09-01T10:50:00Z,7.401,4.66,-65.60169,45.70139,FLOOD,2026-09-29T052155Z
01AP004,KENNEBECASIS RIVER AT APOHAQUI,2026-09-01T10:55:00Z,7.401,4.66,-65.60169,45.70139,FLOOD,2026-09-29T052155Z
01AP004,KENNEBECASIS RIVER AT APOHAQUI,2026-09-01T11:00:00Z,7.401,4.66,-65.60169,45.70139,FLOOD,2026-09-29T052155Z
01AP004,KENNEBECASIS RIVER AT APOHAQUI,2026-09-01T11:05:00Z,7.401,4.66,-65.60169,45.70139,FLOOD,2026-09-29T052155Z
01AP004,KENNEBECASIS RIVER AT APOHAQUI,2026-09-01T11:10:00Z,7.401,4.66,-65.60169,45.70139,FLOOD,2026-09-29T052155Z
01AP004,KENNEBECASIS RIVER AT APOHAQUI,2026-09-01T11:15:00Z,7.401,4.66,-65.60169,45.70139,FLOOD,2026-09-29T052155Z
01AP004,KENNEBECASIS RIVER AT APOHAQUI,2026-09-01T11:20:00Z,7.401,4.66,-65.60169,45.70139,FLOOD,2026-09-29T052155Z
01AP004,KENNEBECASIS RIVER AT APOHAQUI,2026-09-01T11:25:00Z,7.401,4.66,-65.60169,45.70139,FLOOD,2026-09-29T052155Z
01AP004,KENNEBECASIS RIVER AT APOHAQUI,2026-09-01T11:30:00Z,7.401,4.66,-65.60169,45.70139,FLOOD,2026-09-29T052155Z
01AP004,KENNEBECASIS RIVER AT APOHAQUI,2026-09-01T11:35:00Z,7.401,4.66,-65.60169,45.70139,FLOOD,2026-09-29T052155Z
01AP004,KENNEBECASIS RIVER AT APOHAQUI,2026-09-01T11:40:00Z,7.401,4.66,-65.60169,45.70139,FLOOD,2026-09-29T052155Z
01AP004,KENNEBECASIS RIVER AT APOHAQUI,2026-09-01T11:45:00Z,7.4,4.65,-65.60169,45.70139,FLOOD,2026-09-29T052155Z
01AP004,KENNEBECASIS RIVER AT APOHAQUI,2026-09-01T11:50:00Z,7.401,4.66,-65.60169,45.70139,FLOOD,2026-09-29T052155Z
01AP004,KENNEBECASIS RIVER AT APOHAQUI,2026-09-01T11:55:00Z,7.401,4.66,-65.60169,45.70139,FLOOD,2026-09-29T052155Z
01AP004,KENNEBECASIS RIVER AT APOHAQUI,2026-09-01T12:00:00Z,7.401,4.66,-65.60169,45.70139,FLOOD,2026-09-29T052155Z
01AP004,KENNEBECASIS RIVER AT APOHAQUI,2026-09-01T12:05:00Z,7.401,4.66,-65.60169,45.70139,FLOOD,2026-09-29T052155Z
01AP004,KENNEBECASIS RIVER AT APOHAQUI,2026-09-01T12:10:00Z,7.401,4.66,-65.60169,45.70139,FLOOD,2026-09-29T052155Z
01AP004,KENNEBECASIS RIVER AT APOHAQUI,2026-09-01T12:15:00Z,7.401,4.66,-65.60169,45.70139,FLOOD,2026-09-29T052155Z
01AP004,KENNEBECASIS RIVER AT APOHAQUI,2026-09-01T12:20:00Z,7.401,4.66,-65.60169,45.70139,FLOOD,2026-09-29T052155Z
01AP004,KENNEBECASIS RIVER AT APOHAQUI,2026-09-01T12:25:00Z,7.401,4.66,-65.60169,45.70139,FLOOD,2026-09-29T052155Z
01AP004,KENNEBECASIS RIVER AT APOHAQUI,2026-09-01T12:30:00Z,7.401,4.66,-65.60169,45.70139,FLOOD,2026-09-29T052155Z
01AP004,KENNEBECASIS RIVER AT APOHAQUI,2026-09-01T12:35:00Z,7.401,4.66,-65.60169,45.70139,FLOOD,2026-09-29T052155Z
01AP004,KENNEBECASIS RIVER AT APOHAQUI,2026-09-01T12:40:00Z,7.4,4.65,-65.60169,45.70139,FLOOD,2026-09-29T052155Z
01AP004,KENNEBECASIS RIVER AT APOHAQUI,2026-09-01T12:45:00Z,7.4,4.65,-65.60169,45.70139,FLOOD,2026-09-29T052155Z
01AP004,KENNEBECASIS RIVER AT APOHAQUI,2026-09-01T12:50:00Z,7.401,4.66,-65.60169,45.70139,FLOOD,2026-09-29T052155Z
01AP004,KENNEBECASIS RIVER AT APOHAQUI,2026-09-01T12:55:00Z,7.401,4.66,-65.60169,45.70139,FLOOD,2026-09-29T052155Z
01AP004,KENNEBECASIS RIVER AT APOHAQUI,2026-09-01T13:00:00Z,7.401,4.66,-65.60169,45.70139,FLOOD,2026-09-29T052155Z
01AP004,KENNEBECASIS RIVER AT APOHAQUI,2026-09-01T13:05:00Z,7.401,4.66,-65.60169,45.70139,FLOOD,2026-09-29T052155Z
01AP004,KENNEBECASIS RIVER AT APOHAQUI,2026-09-01T13:10:00Z,7.401,4.66,-65.60169,45.70139,FLOOD,2026-09-29T052155Z
01AP004,KENNEBECASIS RIVER AT APOHAQUI,2026-09-01T13:15:00Z,7.401,4.66,-65.60169,45.70139,FLOOD,2026-09-29T052155Z
01AP004,KENNEBECASIS RIVER AT APOHAQUI,2026-09-01T13:20:00Z,7.401,4.66,-65.60169,45.70139,FLOOD,2026-09-29T052155Z
01AP004,KENNEBECASIS RIVER AT APOHAQUI,2026-09-01T13:25:00Z,7.401,4.66,-65.60169,45.70139,FLOOD,2026-09-29T052155Z
01AP004,KENNEBECASIS RIVER AT APOHAQUI,2026-09-01T13:30:00Z,7.401,4.66,-65.60169,45.70139,FLOOD,2026-09-29T052155Z
01AP004,KENNEBECASIS RIVER AT APOHAQUI,2026-09-01T13:35:00Z,7.401,4.66,-65.60169,45.70139,FLOOD,2026-09-29T052155Z
01AP004,KENNEBECASIS RIVER AT APOHAQUI,2026-09-01T13:40:00Z,7.401,4.66,-65.60169,45.70139,FLOOD,2026-09-29T052155Z
01AP004,KENNEBECASIS RIVER AT APOHAQUI,2026-09-01T13:45:00Z,7.401,4.66,-65.60169,45.70139,FLOOD,2026-09-29T052155Z
01AP004,KENNEBECASIS RIVER AT APOHAQUI,2026-09-01T13:50:00Z,7.401,4.66,-65.60169,45.70139,FLOOD,2026-09-29T052155Z
01AP004,KENNEBECASIS RIVER AT APOHAQUI,2026-09-01T13:55:00Z,7.402,4.68,-65.60169,45.70139,FLOOD,2026-09-29T052155Z
01AP004,KENNEBECASIS RIVER AT APOHAQUI,2026-09-01T14:00:00Z,7.402,4.68,-65.60169,45.70139,FLOOD,2026-09-29T052155Z
01AP004,KENNEBECASIS RIVER AT APOHAQUI,2026-09-01T14:05:00Z,7.402,4.68,-65.60169,45.70139,FLOOD,2026-09-29T052155Z
01AP004,KENNEBECASIS RIVER AT APOHAQUI,2026-09-01T14:10:00Z,7.402,4.68,-65.60169,45.70139,FLOOD,2026-09-29T052155Z
01AP004,KENNEBECASIS RIVER AT APOHAQUI,2026-09-01T14:15:00Z,7.401,4.66,-65.60169,45.70139,FLOOD,2026-09-29T052155Z
01AP004,KENNEBECASIS RIVER AT APOHAQUI,2026-09-01T14:20:00Z,7.401,4.66,-65.60169,45.70139,FLOOD,2026-09-29T052155Z
01AP004,KENNEBECASIS RIVER AT APOHAQUI,2026-09-01T14:25:00Z,7.401,4.66,-65.60169,45.70139,FLOOD,2026-09-29T052155Z
01AP004,KENNEBECASIS RIVER AT APOHAQUI,2026-09-01T14:30:00Z,7.401,4.66,-65.60169,45.70139,FLOOD,2026-09-29T052155Z
01AP004,KENNEBECASIS RIVER AT APOHAQUI,2026-09-01T14:35:00Z,7.401,4.66,-65.60169,45.70139,FLOOD,2026-09-29T052155Z
01AP004,KENNEBECASIS RIVER AT APOHAQUI,2026-09-01T14:40:00Z,7.401,4.66,-65.60169,45.70139,FLOOD,2026-09-29T052155Z
01AP004,KENNEBECASIS RIVER AT APOHAQUI,2026-09-01T14:45:00Z,7.401,4.66,-65.60169,45.70139,FLOOD,2026-09-29T052155Z
01AP004,KENNEBECASIS RIVER AT APOHAQUI,2026-09-01T14:50:00Z,7.401,4.66,-65.60169,45.70139,FLOOD,2026-09-29T052155Z
01AP004,KENNEBECASIS RIVER AT APOHAQUI,2026-09-01T14:55:00Z,7.401,4.66,-65.60169,45.70139,FLOOD,2026-09-29T052155Z
01AP004,KENNEBECASIS RIVER AT APOHAQUI,2026-09-01T15:00:00Z,7.401,4.66,-65.60169,45.70139,FLOOD,2026-09-29T052155Z
01AP004,KENNEBECASIS RIVER AT APOHAQUI,2026-09-01T15:05:00Z,7.401,4.66,-65.60169,45.70139,FLOOD,2026-09-29T052155Z
01AP004,KENNEBECASIS RIVER AT APOHAQUI,2026-09-01T15:10:00Z,7.401,4.66,-65.60169,45.70139,FLOOD,2026-09-29T052155Z
01AP004,KENNEBECASIS RIVER AT APOHAQUI,2026-09-01T15:15:00Z,7.401,4.66,-65.60169,45.70139,FLOOD,2026-09-29T052155Z
01AP004,KENNEBECASIS RIVER AT APOHAQUI,2026-09-01T15:20:00Z,7.401,4.66,-65.60169,45.70139,FLOOD,2026-09-29T052155Z
01AP004,KENNEBECASIS RIVER AT APOHAQUI,2026-09-01T15:25:00Z,7.402,4.68,-65.60169,45.70139,FLOOD,2026-09-29T052155Z
01AP004,KENNEBECASIS RIVER AT APOHAQUI,2026-09-01T15:30:00Z,7.401,4.66,-65.60169,45.70139,FLOOD,2026-09-29T052155Z
01AP004,KENNEBECASIS RIVER AT APOHAQUI,2026-09-01T15:35:00Z,7.401,4.66,-65.60169,45.70139,FLOOD,2026-09-29T052155Z
01AP004,KENNEBECASIS RIVER AT APOHAQUI,2026-09-01T15:40:00Z,7.402,4.68,-65.60169,45.70139,FLOOD,2026-09-29T052155Z
01AP004,KENNEBECASIS RIVER AT APOHAQUI,2026-09-01T15:45:00Z,7.402,4.68,-65.60169,45.70139,FLOOD,2026-09-29T052155Z
01AP004,KENNEBECASIS RIVER AT APOHAQUI,2026-09-01T15:50:00Z,7.402,4.68,-65.60169,45.70139,FLOOD,2026-09-29T052155Z
01AP004,KENNEBECASIS RIVER AT APOHAQUI,2026-09-01T15:55:00Z,7.402,4.68,-65.60169,45.70139,FLOOD,2026-09-29T052155Z
01AP004,KENNEBECASIS RIVER AT APOHAQUI,2026-09-01T16:00:00Z,7.402,4.68,-65.60169,45.70139,FLOOD,2026-09-29T052155Z
01AP004,KENNEBECASIS RIVER AT APOHAQUI,2026-09-01T16:05:00Z,7.403,4.69,-65.60169,45.70139,FLOOD,2026-09-29T052155Z
01AP004,KENNEBECASIS RIVER AT APOHAQUI,2026-09-01T16:10:00Z,7.403,4.69,-65.60169,45.70139,FLOOD,2026-09-29T052155Z
01AP004,KENNEBECASIS RIVER AT APOHAQUI,2026-09-01T16:15:00Z,7.402,4.68,-65.60169,45.70139,FLOOD,2026-09-29T052155Z
01AP004,KENNEBECASIS RIVER AT APOHAQUI,2026-09-01T16:20:00Z,7.402,4.68,-65.60169,45.70139,FLOOD,2026-09-29T052155Z
01AP004,KENNEBECASIS RIVER AT APOHAQUI,2026-09-01T16:25:00Z,7.402,4.68,-65.60169,45.70139,FLOOD,2026-09-29T052155Z
01AP004,KENNEBECASIS RIVER AT APOHAQUI,2026-09-01T16:30:00Z,7.402,4.68,-65.60169,45.70139,FLOOD,2026-09-29T052155Z
01AP004,KENNEBECASIS RIVER AT APOHAQUI,2026-09-01T16:35:00Z,7.402,4.68,-65.60169,45.70139,FLOOD,2026-09-29T052155Z
01AP004,KENNEBECASIS RIVER AT APOHAQUI,2026-09-01T16:40:00Z,7.401,4.66,-65.60169,45.70139,FLOOD,2026-09-29T052155Z
01AP004,KENNEBECASIS RIVER AT APOHAQUI,2026-09-01T16:45:00Z,7.401,4.66,-65.60169,45.70139,FLOOD,2026-09-29T052155Z
01AP004,KENNEBECASIS RIVER AT APOHAQUI,2026-09-01T16:50:00Z,7.4,4.65,-65.60169,45.70139,FLOOD,2026-09-29T052155Z
01AP004,KENNEBECASIS RIVER AT APOHAQUI,2026-09-01T16:55:00Z,7.401,4.66,-65.60169,45.70139,FLOOD,2026-09-29T052155Z
01AP004,KENNEBECASIS RIVER AT APOHAQUI,2026-09-01T17:00:00Z,7.402,4.68,-65.60169,45.70139,FLOOD,2026-09-29T052155Z
01AP004,KENNEBECASIS RIVER AT APOHAQUI,2026-09-01T17:05:00Z,7.401,4.66,-65.60169,45.70139,FLOOD,2026-09-29T052155Z
01AP004,KENNEBECASIS RIVER AT APOHAQUI,2026-09-01T17:10:00Z,7.401,4.66,-65.60169,45.70139,FLOOD,2026-09-29T052155Z
01AP004,KENNEBECASIS RIVER AT APOHAQUI,2026-09-01T17:15:00Z,7.401,4.66,-65.60169,45.70139,FLOOD,2026-09-29T052155Z
01AP004,KENNEBECASIS RIVER AT APOHAQUI,2026-09-01T17:20:00Z,7.401,4.66,-65.60169,45.70139,FLOOD,2026-09-29T052155Z
01AP004,KENNEBECASIS RIVER AT APOHAQUI,2026-09-01T17:25:00Z,7.401,4.66,-65.60169,45.70139,FLOOD,2026-09-29T052155Z
01AP004,KENNEBECASIS RIVER AT APOHAQUI,2026-09-01T17:30:00Z,7.401,4.66,-65.60169,45.70139,FLOOD,2026-09-29T052155Z
01AP004,KENNEBECASIS RIVER AT APOHAQUI,2026-09-01T17:35:00Z,7.401,4.66,-65.60169,45.70139,FLOOD,2026-09-29T052155Z
01AP004,KENNEBECASIS RIVER AT APOHAQUI,2026-09-01T17:40:00Z,7.4,4.65,-65.60169,45.70139,FLOOD,2026-09-29T052155Z
01AP004,KENNEBECASIS RIVER AT APOHAQUI,2026-09-01T17:45:00Z,7.4,4.65,-65.60169,45.70139,FLOOD,2026-09-29T052155Z
01AP004,KENNEBECASIS RIVER AT APOHAQUI,2026-09-01T17:50:00Z,7.4,4.65,-65.60169,45.70139,FLOOD,2026-09-29T052155Z
01AP004,KENNEBECASIS RIVER AT APOHAQUI,2026-09-01T17:55:00Z,7.401,4.66,-65.60169,45.70139,FLOOD,2026-09-29T052155Z
01AP004,KENNEBECASIS RIVER AT APOHAQUI,2026-09-01T18:00:00Z,7.4,4.65,-65.60169,45.70139,FLOOD,2026-09-29T052155Z
01AP004,KENNEBECASIS RIVER AT APOHAQUI,2026-09-01T18:05:00Z,7.4,4.65,-65.60169,45.70139,FLOOD,2026-09-29T052155Z
01AP004,KENNEBECASIS RIVER AT APOHAQUI,2026-09-01T18:10:00Z,7.4,4.65,-65.60169,45.70139,FLOOD,2026-09-29T052155Z
01AP004,KENNEBECASIS RIVER AT APOHAQUI,2026-09-01T18:15:00Z,7.4,4.65,-65.60169,45.70139,FLOOD,2026-09-29T052155Z
01AP004,KENNEBECASIS RIVER AT APOHAQUI,2026-09-01T18:20:00Z,7.4,4.65,-65.60169,45.70139,FLOOD,2026-09-29T052155Z
01AP004,KENNEBECASIS RIVER AT APOHAQUI,2026-09-01T18:25:00Z,7.399,4.64,-65.60169,45.70139,FLOOD,2026-09-29T052155Z
01AP004,KENNEBECASIS RIVER AT APOHAQUI,2026-09-01T18:30:00Z,7.399,4.64,-65.60169,45.70139,FLOOD,2026-09-29T052155Z
01AP004,KENNEBECASIS RIVER AT APOHAQUI,2026-09-01T18:35:00Z,7.399,4.64,-65.60169,45.70139,FLOOD,2026-09-29T052155Z
01AP004,KENNEBECASIS RIVER AT APOHAQUI,2026-09-01T18:40:00Z,7.4,4.65,-65.60169,45.70139,FLOOD,2026-09-29T052155Z
01AP004,KENNEBECASIS RIVER AT APOHAQUI,2026-09-01T18:45:00Z,7.399,4.64,-65.60169,45.70139,FLOOD,2026-09-29T052155Z
01AP004,KENNEBECASIS RIVER AT APOHAQUI,2026-09-01T18:50:00Z,7.399,4.64,-65.60169,45.70139,FLOOD,2026-09-29T052155Z
01AP004,KENNEBECASIS RIVER AT APOHAQUI,2026-09-01T18:55:00Z,7.399,4.64,-65.60169,45.70139,FLOOD,2026-09-29T052155Z
01AP004,KENNEBECASIS RIVER AT APOHAQUI,2026-09-01T19:00:00Z,7.399,4.64,-65.60169,45.70139,FLOOD,2026-09-29T052155Z
01AP004,KENNEBECASIS RIVER AT APOHAQUI,2026-09-01T19:05:00Z,7.399,4.64,-65.60169,45.70139,FLOOD,2026-09-29T052155Z
01AP004,KENNEBECASIS RIVER AT APOHAQUI,2026-09-01T19:10:00Z,7.398,4.63,-65.60169,45.70139,FLOOD,2026-09-29T052155Z
01AP004,KENNEBECASIS RIVER AT APOHAQUI,2026-09-01T19:15:00Z,7.399,4.64,-65.60169,45.70139,FLOOD,2026-09-29T052155Z
01AP004,KENNEBECASIS RIVER AT APOHAQUI,2026-09-01T19:20:00Z,7.398,4.63,-65.60169,45.70139,FLOOD,2026-09-29T052155Z
01AP004,KENNEBECASIS RIVER AT APOHAQUI,2026-09-01T19:25:00Z,7.399,4.64,-65.60169,45.70139,FLOOD,2026-09-29T052155Z
01AP004,KENNEBECASIS RIVER AT APOHAQUI,2026-09-01T19:30:00Z,7.399,4.64,-65.60169,45.70139,FLOOD,2026-09-29T052155Z
01AP004,KENNEBECASIS RIVER AT APOHAQUI,2026-09-01T19:35:00Z,7.398,4.63,-65.60169,45.70139,FLOOD,2026-09-29T052155Z
01AP004,KENNEBECASIS RIVER AT APOHAQUI,2026-09-01T19:40:00Z,7.398,4.63,-65.60169,45.70139,FLOOD,2026-09-29T052155Z
01AP004,KENNEBECASIS RIVER AT APOHAQUI,2026-09-01T19:45:00Z,7.398,4.63,-65.60169,45.70139,FLOOD,2026-09-29T052155Z
01AP004,KENNEBECASIS RIVER AT APOHAQUI,2026-09-01T19:50:00Z,7.398,4.63,-65.60169,45.70139,FLOOD,2026-09-29T052155Z
01AP004,KENNEBECASIS RIVER AT APOHAQUI,2026-09-01T19:55:00Z,7.397,4.62,-65.60169,45.70139,FLOOD,2026-09-29T052155Z
01AP004,KENNEBECASIS RIVER AT APOHAQUI,2026-09-01T20:00:00Z,7.397,4.62,-65.60169,45.70139,FLOOD,2026-09-29T052155Z
01AP004,KENNEBECASIS RIVER AT APOHAQUI,2026-09-01T20:05:00Z,7.398,4.63,-65.60169,45.70139,FLOOD,2026-09-29T052155Z
01AP004,KENNEBECASIS RIVER AT APOHAQUI,2026-09-01T20:10:00Z,7.397,4.62,-65.60169,45.70139,FLOOD,2026-09-29T052155Z
01AP004,KENNEBECASIS RIVER AT APOHAQUI,2026-09-01T20:15:00Z,7.397,4.62,-65.60169,45.70139,FLOOD,2026-09-29T052155Z
01AP004,KENNEBECASIS RIVER AT APOHAQUI,2026-09-01T20:20:00Z,7.397,4.62,-65.60169,45.70139,FLOOD,2026-09-29T052155Z
01AP004,KENNEBECASIS RIVER AT APOHAQUI,2026-09-01T20:25:00Z,7.397,4.62,-65.60169,45.70139,FLOOD,2026-09-29T052155Z
01AP004,KENNEBECASIS RIVER AT APOHAQUI,2026-09-01T20:30:00Z,7.396,4.6,-65.60169,45.70139,FLOOD,2026-09-29T052155Z
01AP004,KENNEBECASIS RIVER AT APOHAQUI,2026-09-01T20:35:00Z,7.396,4.6,-65.60169,45.70139,FLOOD,2026-09-29T052155Z
01AP004,KENNEBECASIS RIVER AT APOHAQUI,2026-09-01T20:40:00Z,7.395,4.59,-65.60169,45.70139,FLOOD,2026-09-29T052155Z
01AP004,KENNEBECASIS RIVER AT APOHAQUI,2026-09-01T20:45:00Z,7.395,4.59,-65.60169,45.70139,FLOOD,2026-09-29T052155Z
01AP004,KENNEBECASIS RIVER AT APOHAQUI,2026-09-01T20:50:00Z,7.395,4.59,-65.60169,45.70139,FLOOD,2026-09-29T052155Z
01AP004,KENNEBECASIS RIVER AT APOHAQUI,2026-09-01T20:55:00Z,7.395,4.59,-65.60169,45.70139,FLOOD,2026-09-29T052155Z
01AP004,KENNEBECASIS RIVER AT APOHAQUI,2026-09-01T21:00:00Z,7.395,4.59,-65.60169,45.70139,FLOOD,2026-09-29T052155Z
01AP004,KENNEBECASIS RIVER AT APOHAQUI,2026-09-01T21:05:00Z,7.395,4.59,-65.60169,45.70139,FLOOD,2026-09-29T052155Z
01AP004,KENNEBECASIS RIVER AT APOHAQUI,2026-09-01T21:10:00Z,7.394,4.58,-65.60169,45.70139,FLOOD,2026-09-29T052155Z
01AP004,KENNEBECASIS RIVER AT APOHAQUI,2026-09-01T21:15:00Z,7.394,4.58,-65.60169,45.70139,FLOOD,2026-09-29T052155Z
01AP004,KENNEBECASIS RIVER AT APOHAQUI,2026-09-01T21:20:00Z,7.394,4.58,-65.60169,45.70139,FLOOD,2026-09-29T052155Z
01AP004,KENNEBECASIS RIVER AT APOHAQUI,2026-09-01T21:25:00Z,7.394,4.58,-65.60169,45.70139,FLOOD,2026-09-29T052155Z
01AP004,KENNEBECASIS RIVER AT APOHAQUI,2026-09-01T21:30:00Z,7.394,4.58,-65.60169,45.70139,FLOOD,2026-09-29T052155Z
01AP004,KENNEBECASIS RIVER AT APOHAQUI,2026-09-01T21:35:00Z,7.393,4.56,-65.60169,45.70139,FLOOD,2026-09-29T052155Z
01AP004,KENNEBECASIS RIVER AT APOHAQUI,2026-09-01T21:40:00Z,7.394,4.58,-65.60169,45.70139,FLOOD,2026-09-29T052155Z
01AP004,KENNEBECASIS RIVER AT APOHAQUI,2026-09-01T21:45:00Z,7.393,4.56,-65.60169,45.70139,FLOOD,2026-09-29T052155Z
01AP004,KENNEBECASIS RIVER AT APOHAQUI,2026-09-01T21:50:00Z,7.394,4.58,-65.60169,45.70139,FLOOD,2026-09-29T052155Z
01AP004,KENNEBECASIS RIVER AT APOHAQUI,2026-09-01T21:55:00Z,7.394,4.58,-65.60169,45.70139,FLOOD,2026-09-29T052155Z
01AP004,KENNEBECASIS RIVER AT APOHAQUI,2026-09-01T22:00:00Z,7.393,4.56,-65.60169,45.70139,FLOOD,2026-09-29T052155Z
01AP004,KENNEBECASIS RIVER AT APOHAQUI,2026-09-01T22:05:00Z,7.393,4.56,-65.60169,45.70139,FLOOD,2026-09-29T052155Z
01AP004,KENNEBECASIS RIVER AT APOHAQUI,2026-09-01T22:10:00Z,7.393,4.56,-65.60169,45.70139,FLOOD,2026-09-29T052155Z
01AP004,KENNEBECASIS RIVER AT APOHAQUI,2026-09-01T22:15:00Z,7.393,4.56,-65.60169,45.70139,FLOOD,2026-09-29T052155Z
01AP004,KENNEBECASIS RIVER AT APOHAQUI,2026-09-01T22:20:00Z,7.393,4.56,-65.60169,45.70139,FLOOD,2026-09-29T052155Z
01AP004,KENNEBECASIS RIVER AT APOHAQUI,2026-09-01T22:25:00Z,7.393,4.56,-65.60169,45.70139,FLOOD,2026-09-29T052155Z
01AP004,KENNEBECASIS RIVER AT APOHAQUI,2026-09-01T22:30:00Z,7.393,4.56,-65.60169,45.70139,FLOOD,2026-09-29T052155Z
01AP004,KENNEBECASIS RIVER AT APOHAQUI,2026-09-01T22:35:00Z,7.393,4.56,-65.60169,45.70139,FLOOD,2026-09-29T052155Z
01AP004,KENNEBECASIS RIVER AT APOHAQUI,2026-09-01T22:40:00Z,7.393,4.56,-65.60169,45.70139,FLOOD,2026-09-29T052155Z
01AP004,KENNEBECASIS RIVER AT APOHAQUI,2026-09-01T22:45:00Z,7.392,4.54,-65.60169,45.70139,FLOOD,2026-09-29T052155Z
01AP004,KENNEBECASIS RIVER AT APOHAQUI,2026-09-01T22:50:00Z,7.393,4.56,-65.60169,45.70139,FLOOD,2026-09-29T052155Z
01AP004,KENNEBECASIS RIVER AT APOHAQUI,2026-09-01T22:55:00Z,7.393,4.56,-65.60169,45.70139,FLOOD,2026-09-29T052155Z
01AP004,KENNEBECASIS RIVER AT APOHAQUI,2026-09-01T23:00:00Z,7.392,4.54,-65.60169,45.70139,FLOOD,2026-09-29T052155Z
01AP004,KENNEBECASIS RIVER AT APOHAQUI,2026-09-01T23:05:00Z,7.392,4.54,-65.60169,45.70139,FLOOD,2026-09-29T052155Z
01AP004,KENNEBECASIS RIVER AT APOHAQUI,2026-09-01T23:10:00Z,7.393,4.56,-65.60169,45.70139,FLOOD,2026-09-29T052155Z
01AP004,KENNEBECASIS RIVER AT APOHAQUI,2026-09-01T23:15:00Z,7.393,4.56,-65.60169,45.70139,FLOOD,2026-09-29T052155Z
01AP004,KENNEBECASIS RIVER AT APOHAQUI,2026-09-01T23:20:00Z,7.392,4.54,-65.60169,45.70139,FLOOD,2026-09-29T052155Z
01AP004,KENNEBECASIS RIVER AT APOHAQUI,2026-09-01T23:25:00Z,7.392,4.54,-65.60169,45.70139,FLOOD,2026-09-29T052155Z
01AP004,KENNEBECASIS RIVER AT APOHAQUI,2026-09-01T23:30:00Z,7.392,4.54,-65.60169,45.70139,FLOOD,2026-09-29T052155Z
01AP004,KENNEBECASIS RIVER AT APOHAQUI,2026-09-01T23:35:00Z,7.391,4.52,-65.60169,45.70139,FLOOD,2026-09-29T052155Z
01AP004,KENNEBECASIS RIVER AT APOHAQUI,2026-09-01T23:40:00Z,7.392,4.54,-65.60169,45.70139,FLOOD,2026-09-29T052155Z
01AP004,KENNEBECASIS RIVER AT APOHAQUI,2026-09-01T23:45:00Z,7.392,4.54,-65.60169,45.70139,FLOOD,2026-09-29T052155Z
01AP004,KENNEBECASIS RIVER AT APOHAQUI,2026-09-01T23:50:00Z,7.392,4.54,-65.60169,45.70139,FLOOD,2026-09-29T052155Z
01AP004,KENNEBECASIS RIVER AT APOHAQUI,2026-09-01T23:55:00Z,7.392,4.54,-65.60169,45.70139,FLOOD,2026-09-29T052155Z
01AP004,KENNEBECASIS RIVER AT APOHAQUI,2026-09-02T10:35:00Z,7.373,4.15,-65.60169,45.70139,FLOOD,2026-09-29T052155Z
01AP004,KENNEBECASIS RIVER AT APOHAQUI,2026-09-02T10:40:00Z,7.373,4.15,-65.60169,45.70139,FLOOD,2026-09-29T052155Z
01AP004,KENNEBECASIS RIVER AT APOHAQUI,2026-09-02T10:45:00Z,7.373,4.15,-65.60169,45.70139,FLOOD,2026-09-29T052155Z
01AP004,KENNEBECASIS RIVER AT APOHAQUI,2026-09-02T10:50:00Z,7.373,4.15,-65.60169,45.70139,FLOOD,2026-09-29T052155Z
01AP004,KENNEBECASIS RIVER AT APOHAQUI,2026-09-02T10:55:00Z,7.373,4.15,-65.60169,45.70139,FLOOD,2026-09-29T052155Z
01AP004,KENNEBECASIS RIVER AT APOHAQUI,2026-09-02T11:00:00Z,7.373,4.15,-65.60169,45.70139,FLOOD,2026-09-29T052155Z
01AP004,KENNEBECASIS RIVER AT APOHAQUI,2026-09-02T11:05:00Z,7.373,4.15,-65.60169,45.70139,FLOOD,2026-09-29T052155Z
01AP004,KENNEBECASIS RIVER AT APOHAQUI,2026-09-02T11:10:00Z,7.373,4.15,-65.60169,45.70139,FLOOD,2026-09-29T052155Z
01AP004,KENNEBECASIS RIVER AT APOHAQUI,2026-09-02T11:15:00Z,7.373,4.15,-65.60169,45.70139,FLOOD,2026-09-29T052155Z
01AP004,KENNEBECASIS RIVER AT APOHAQUI,2026-09-02T11:20:00Z,7.373,4.15,-65.60169,45.70139,FLOOD,2026-09-29T052155Z
01AP004,KENNEBECASIS RIVER AT APOHAQUI,2026-09-02T11:25:00Z,7.373,4.15,-65.60169,45.70139,FLOOD,2026-09-29T052155Z
01AP004,KENNEBECASIS RIVER AT APOHAQUI,2026-09-02T11:30:00Z,7.373,4.15,-65.60169,45.70139,FLOOD,2026-09-29T052155Z
01AP004,KENNEBECASIS RIVER AT APOHAQUI,2026-09-02T11:35:00Z,7.373,4.15,-65.60169,45.70139,FLOOD,2026-09-29T052155Z
01AP004,KENNEBECASIS RIVER AT APOHAQUI,2026-09-02T11:40:00Z,7.373,4.15,-65.60169,45.70139,FLOOD,2026-09-29T052155Z
01AP004,KENNEBECASIS RIVER AT APOHAQUI,2026-09-02T11:45:00Z,7.372,4.13,-65.60169,45.70139,FLOOD,2026-09-29T052155Z
01AP004,KENNEBECASIS RIVER AT APOHAQUI,2026-09-02T11:50:00Z,7.372,4.13,-65.60169,45.70139,FLOOD,2026-09-29T052155Z
01AP004,KENNEBECASIS RIVER AT APOHAQUI,2026-09-02T11:55:00Z,7.372,4.13,-65.60169,45.70139,FLOOD,2026-09-29T052155Z
01AP004,KENNEBECASIS RIVER AT APOHAQUI,2026-09-02T12:00:00Z,7.372,4.13,-65.60169,45.70139,FLOOD,2026-09-29T052155Z
01AP004,KENNEBECASIS RIVER AT APOHAQUI,2026-09-02T12:05:00Z,7.372,4.13,-65.60169,45.70139,FLOOD,2026-09-29T052155Z
01AP004,KENNEBECASIS RIVER AT APOHAQUI,2026-09-02T12:10:00Z,7.371,4.12,-65.60169,45.70139,FLOOD,2026-09-29T052155Z
01AP004,KENNEBECASIS RIVER AT APOHAQUI,2026-09-02T12:15:00Z,7.372,4.13,-65.60169,45.70139,FLOOD,2026-09-29T052155Z
01AP004,KENNEBECASIS RIVER AT APOHAQUI,2026-09-02T12:20:00Z,7.371,4.12,-65.60169,45.70139,FLOOD,2026-09-29T052155Z
01AP004,KENNEBECASIS RIVER AT APOHAQUI,2026-09-02T12:25:00Z,7.371,4.12,-65.60169,45.70139,FLOOD,2026-09-29T052155Z
01AP004,KENNEBECASIS RIVER AT APOHAQUI,2026-09-02T12:30:00Z,7.371,4.12,-65.60169,45.70139,FLOOD,2026-09-29T052155Z
01AP004,KENNEBECASIS RIVER AT APOHAQUI,2026-09-02T12:35:00Z,7.371,4.12,-65.60169,45.70139,FLOOD,2026-09-29T052155Z
01AP004,KENNEBECASIS RIVER AT APOHAQUI,2026-09-02T12:40:00Z,7.37,4.1,-65.60169,45.70139,FLOOD,2026-09-29T052155Z
01AP004,KENNEBECASIS RIVER AT APOHAQUI,2026-09-02T12:45:00Z,7.37,4.1,-65.60169,45.70139,FLOOD,2026-09-29T052155Z
01AP004,KENNEBECASIS RIVER AT APOHAQUI,2026-09-02T12:50:00Z,7.37,4.1,-65.60169,45.70139,FLOOD,2026-09-29T052155Z
01AP004,KENNEBECASIS RIVER AT APOHAQUI,2026-09-02T12:55:00Z,7.37,4.1,-65.60169,45.70139,FLOOD,2026-09-29T052155Z
01AP004,KENNEBECASIS RIVER AT APOHAQUI,2026-09-02T13:00:00Z,7.37,4.1,-65.60169,45.70139,FLOOD,2026-09-29T052155Z
01AP004,KENNEBECASIS RIVER AT APOHAQUI,2026-09-02T13:05:00Z,7.37,4.1,-65.60169,45.70139,FLOOD,2026-09-29T052155Z
01AP004,KENNEBECASIS RIVER AT APOHAQUI,2026-09-02T13:10:00Z,7.369,4.08,-65.60169,45.70139,FLOOD,2026-09-29T052155Z
01AP004,KENNEBECASIS RIVER AT APOHAQUI,2026-09-02T13:15:00Z,7.369,4.08,-65.60169,45.70139,FLOOD,2026-09-29T052155Z
01AP004,KENNEBECASIS RIVER AT APOHAQUI,2026-09-02T13:20:00Z,7.37,4.1,-65.60169,45.70139,FLOOD,2026-09-29T052155Z
01AP004,KENNEBECASIS RIVER AT APOHAQUI,2026-09-02T13:25:00Z,7.369,4.08,-65.60169,45.70139,FLOOD,2026-09-29T052155Z
01AP004,KENNEBECASIS RIVER AT APOHAQUI,2026-09-02T13:30:00Z,7.37,4.1,-65.60169,45.70139,FLOOD,2026-09-29T052155Z
01AP004,KENNEBECASIS RIVER AT APOHAQUI,2026-09-02T13:35:00Z,7.369,4.08,-65.60169,45.70139,FLOOD,2026-09-29T052155Z
01AP004,KENNEBECASIS RIVER AT APOHAQUI,2026-09-02T13:40:00Z,7.368,4.06,-65.60169,45.70139,FLOOD,2026-09-29T052155Z
01AP004,KENNEBECASIS RIVER AT APOHAQUI,2026-09-02T13:45:00Z,7.368,4.06,-65.60169,45.70139,FLOOD,2026-09-29T052155Z
01AP004,KENNEBECASIS RIVER AT APOHAQUI,2026-09-02T13:50:00Z,7.368,4.06,-65.60169,45.70139,FLOOD,2026-09-29T052155Z
01AP004,KENNEBECASIS RIVER AT APOHAQUI,2026-09-02T13:55:00Z,7.368,4.06,-65.60169,45.70139,FLOOD,2026-09-29T052155Z
01AP004,KENNEBECASIS RIVER AT APOHAQUI,2026-09-02T14:00:00Z,7.368,4.06,-65.60169,45.70139,FLOOD,2026-09-29T052155Z
01AP004,KENNEBECASIS RIVER AT APOHAQUI,2026-09-02T14:05:00Z,7.368,4.06,-65.60169,45.70139,FLOOD,2026-09-29T052155Z
01AP004,KENNEBECASIS RIVER AT APOHAQUI,2026-09-02T14:10:00Z,7.368,4.06,-65.60169,45.70139,FLOOD,2026-09-29T052155Z
01AP004,KENNEBECASIS RIVER AT APOHAQUI,2026-09-02T14:15:00Z,7.368,4.06,-65.60169,45.70139,FLOOD,2026-09-29T052155Z
01AP004,KENNEBECASIS RIVER AT APOHAQUI,2026-09-02T14:20:00Z,7.368,4.06,-65.60169,45.70139,FLOOD,2026-09-29T052155Z
01AP004,KENNEBECASIS RIVER AT APOHAQUI,2026-09-02T14:25:00Z,7.368,4.06,-65.60169,45.70139,FLOOD,2026-09-29T052155Z
01AP004,KENNEBECASIS RIVER AT APOHAQUI,2026-09-02T14:30:00Z,7.368,4.06,-65.60169,45.70139,FLOOD,2026-09-29T052155Z
01AP004,KENNEBECASIS RIVER AT APOHAQUI,2026-09-02T14:35:00Z,7.367,4.04,-65.60169,45.70139,FLOOD,2026-09-29T052155Z
01AP004,KENNEBECASIS RIVER AT APOHAQUI,2026-09-02T14:40:00Z,7.368,4.06,-65.60169,45.70139,FLOOD,2026-09-29T052155Z
01AP004,KENNEBECASIS RIVER AT APOHAQUI,2026-09-02T14:45:00Z,7.368,4.06,-65.60169,45.70139,FLOOD,2026-09-29T052155Z
01AP004,KENNEBECASIS RIVER AT APOHAQUI,2026-09-02T14:50:00Z,7.368,4.06,-65.60169,45.70139,FLOOD,2026-09-29T052155Z
01AP004,KENNEBECASIS RIVER AT APOHAQUI,2026-09-02T14:55:00Z,7.367,4.04,-65.60169,45.70139,FLOOD,2026-09-29T052155Z
01AP004,KENNEBECASIS RIVER AT APOHAQUI,2026-09-02T15:00:00Z,7.367,4.04,-65.60169,45.70139,FLOOD,2026-09-29T052155Z
01AP004,KENNEBECASIS RIVER AT APOHAQUI,2026-09-02T15:05:00Z,7.367,4.04,-65.60169,45.70139,FLOOD,2026-09-29T052155Z
01AP004,KENNEBECASIS RIVER AT APOHAQUI,2026-09-02T15:10:00Z,7.367,4.04,-65.60169,45.70139,FLOOD,2026-09-29T052155Z
01AP004,KENNEBECASIS RIVER AT APOHAQUI,2026-09-02T15:15:00Z,7.366,4.02,-65.60169,45.70139,FLOOD,2026-09-29T052155Z
01AP004,KENNEBECASIS RIVER AT APOHAQUI,2026-09-02T15:20:00Z,7.367,4.04,-65.60169,45.70139,FLOOD,2026-09-29T052155Z
01AP004,KENNEBECASIS RIVER AT APOHAQUI,2026-09-02T15:25:00Z,7.368,4.06,-65.60169,45.70139,FLOOD,2026-09-29T052155Z
01AP004,KENNEBECASIS RIVER AT APOHAQUI,2026-09-02T15:30:00Z,7.367,4.04,-65.60169,45.70139,FLOOD,2026-09-29T052155Z
01AP004,KENNEBECASIS RIVER AT APOHAQUI,2026-09-02T16:35:00Z,7.368,4.06,-65.60169,45.70139,FLOOD,2026-09-29T052155Z
01AP004,KENNEBECASIS RIVER AT APOHAQUI,2026-09-02T16:40:00Z,7.368,4.06,-65.60169,45.70139,FLOOD,2026-09-29T052155Z
01AP004,KENNEBECASIS RIVER AT APOHAQUI,2026-09-02T16:45:00Z,7.368,4.06,-65.60169,45.70139,FLOOD,2026-09-29T052155Z
01AP004,KENNEBECASIS RIVER AT APOHAQUI,2026-09-02T16:50:00Z,7.368,4.06,-65.60169,45.70139,FLOOD,2026-09-29T052155Z
01AP004,KENNEBECASIS RIVER AT APOHAQUI,2026-09-02T16:55:00Z,7.368,4.06,-65.60169,45.70139,FLOOD,2026-09-29T052155Z
01AP004,KENNEBECASIS RIVER AT APOHAQUI,2026-09-02T17:00:00Z,7.368,4.06,-65.60169,45.70139,FLOOD,2026-09-29T052155Z
01AP004,KENNEBECASIS RIVER AT APOHAQUI,2026-09-02T17:05:00Z,7.368,4.06,-65.60169,45.70139,FLOOD,2026-09-29T052155Z
01AP004,KENNEBECASIS RIVER AT APOHAQUI,2026-09-02T17:10:00Z,7.368,4.06,-65.60169,45.70139,FLOOD,2026-09-29T052155Z
01AP004,KENNEBECASIS RIVER AT APOHAQUI,2026-09-02T17:15:00Z,7.368,4.06,-65.60169,45.70139,FLOOD,2026-09-29T052155Z
01AP004,KENNEBECASIS RIVER AT APOHAQUI,2026-09-02T17:20:00Z,7.368,4.06,-65.60169,45.70139,FLOOD,2026-09-29T052155Z
01AP004,KENNEBECASIS RIVER AT APOHAQUI,2026-09-02T17:25:00Z,7.367,4.04,-65.60169,45.70139,FLOOD,2026-09-29T052155Z
01AP004,KENNEBECASIS RIVER AT APOHAQUI,2026-09-02T17:30:00Z,7.367,4.04,-65.60169,45.70139,FLOOD,2026-09-29T052155Z
01AP004,KENNEBECASIS RIVER AT APOHAQUI,2026-09-02T15:35:00Z,7.368,4.06,-65.60169,45.70139,FLOOD,2026-09-29T052155Z
01AP004,KENNEBECASIS RIVER AT APOHAQUI,2026-09-02T15:40:00Z,7.368,4.06,-65.60169,45.70139,FLOOD,2026-09-29T052155Z
01AP004,KENNEBECASIS RIVER AT APOHAQUI,2026-09-02T15:45:00Z,7.368,4.06,-65.60169,45.70139,FLOOD,2026-09-29T052155Z
01AP004,KENNEBECASIS RIVER AT APOHAQUI,2026-09-02T15:50:00Z,7.368,4.06,-65.60169,45.70139,FLOOD,2026-09-29T052155Z
01AP004,KENNEBECASIS RIVER AT APOHAQUI,2026-09-02T15:55:00Z,7.368,4.06,-65.60169,45.70139,FLOOD,2026-09-29T052155Z
01AP004,KENNEBECASIS RIVER AT APOHAQUI,2026-09-02T16:00:00Z,7.368,4.06,-65.60169,45.70139,FLOOD,2026-09-29T052155Z
01AP004,KENNEBECASIS RIVER AT APOHAQUI,2026-09-02T16:05:00Z,7.367,4.04,-65.60169,45.70139,FLOOD,2026-09-29T052155Z
01AP004,KENNEBECASIS RIVER AT APOHAQUI,2026-09-02T16:10:00Z,7.368,4.06,-65.60169,45.70139,FLOOD,2026-09-29T052155Z
01AP004,KENNEBECASIS RIVER AT APOHAQUI,2026-09-02T16:15:00Z,7.367,4.04,-65.60169,45.70139,FLOOD,2026-09-29T052155Z
01AP004,KENNEBECASIS RIVER AT APOHAQUI,2026-09-02T16:20:00Z,7.367,4.04,-65.60169,45.70139,FLOOD,2026-09-29T052155Z
01AP004,KENNEBECASIS RIVER AT APOHAQUI,2026-09-02T16:25:00Z,7.368,4.06,-65.60169,45.70139,FLOOD,2026-09-29T052155Z
01AP004,KENNEBECASIS RIVER AT APOHAQUI,2026-09-02T16:30:00Z,7.367,4.04,-65.60169,45.70139,FLOOD,2026-09-29T052155Z
01AP004,KENNEBECASIS RIVER AT APOHAQUI,2026-09-02T17:35:00Z,7.367,4.04,-65.60169,45.70139,FLOOD,2026-09-29T052155Z
01AP004,KENNEBECASIS RIVER AT APOHAQUI,2026-09-02T17:40:00Z,7.367,4.04,-65.60169,45.70139,FLOOD,2026-09-29T052155Z
01AP004,KENNEBECASIS RIVER AT APOHAQUI,2026-09-02T17:45:00Z,7.367,4.04,-65.60169,45.70139,FLOOD,2026-09-29T052155Z
01AP004,KENNEBECASIS RIVER AT APOHAQUI,2026-09-02T17:50:00Z,7.368,4.06,-65.60169,45.70139,FLOOD,2026-09-29T052155Z
01AP004,KENNEBECASIS RIVER AT APOHAQUI,2026-09-02T17:55:00Z,7.367,4.04,-65.60169,45.70139,FLOOD,2026-09-29T052155Z
01AP004,KENNEBECASIS RIVER AT APOHAQUI,2026-09-02T18:00:00Z,7.367,4.04,-65.60169,45.70139,FLOOD,2026-09-29T052155Z
01AP004,KENNEBECASIS RIVER AT APOHAQUI,2026-09-02T18:05:00Z,7.368,4.06,-65.60169,45.70139,FLOOD,2026-09-29T052155Z
01AP004,KENNEBECASIS RIVER AT APOHAQUI,2026-09-02T18:10:00Z,7.367,4.04,-65.60169,45.70139,FLOOD,2026-09-29T052155Z
01AP004,KENNEBECASIS RIVER AT APOHAQUI,2026-09-02T18:15:00Z,7.368,4.06,-65.60169,45.70139,FLOOD,2026-09-29T052155Z
01AP004,KENNEBECASIS RIVER AT APOHAQUI,2026-09-02T18:20:00Z,7.367,4.04,-65.60169,45.70139,FLOOD,2026-09-29T052155Z
01AP004,KENNEBECASIS RIVER AT APOHAQUI,2026-09-02T18:25:00Z,7.367,4.04,-65.60169,45.70139,FLOOD,2026-09-29T052155Z
01AP004,KENNEBECASIS RIVER AT APOHAQUI,2026-09-02T18:30:00Z,7.367,4.04,-65.60169,45.70139,FLOOD,2026-09-29T052155Z
01AP004,KENNEBECASIS RIVER AT APOHAQUI,2026-09-02T18:35:00Z,7.366,4.02,-65.60169,45.70139,FLOOD,2026-09-29T052155Z
01AP004,KENNEBECASIS RIVER AT APOHAQUI,2026-09-02T18:40:00Z,7.366,4.02,-65.60169,45.70139,FLOOD,2026-09-29T052155Z
01AP004,KENNEBECASIS RIVER AT APOHAQUI,2026-09-02T18:45:00Z,7.366,4.02,-65.60169,45.70139,FLOOD,2026-09-29T052155Z
01AP004,KENNEBECASIS RIVER AT APOHAQUI,2026-09-02T18:50:00Z,7.366,4.02,-65.60169,45.70139,FLOOD,2026-09-29T052155Z
01AP004,KENNEBECASIS RIVER AT APOHAQUI,2026-09-02T18:55:00Z,7.366,4.02,-65.60169,45.70139,FLOOD,2026-09-29T052155Z
01AP004,KENNEBECASIS RIVER AT APOHAQUI,2026-09-02T19:00:00Z,7.367,4.04,-65.60169,45.70139,FLOOD,2026-09-29T052155Z
01AP004,KENNEBECASIS RIVER AT APOHAQUI,2026-09-02T19:05:00Z,7.367,4.04,-65.60169,45.70139,FLOOD,2026-09-29T052155Z
01AP004,KENNEBECASIS RIVER AT APOHAQUI,2026-09-02T19:10:00Z,7.367,4.04,-65.60169,45.70139,FLOOD,2026-09-29T052155Z
01AP004,KENNEBECASIS RIVER AT APOHAQUI,2026-09-02T19:15:00Z,7.367,4.04,-65.60169,45.70139,FLOOD,2026-09-29T052155Z
01AP004,KENNEBECASIS RIVER AT APOHAQUI,2026-09-02T19:20:00Z,7.366,4.02,-65.60169,45.70139,FLOOD,2026-09-29T052155Z
01AP004,KENNEBECASIS RIVER AT APOHAQUI,2026-09-02T19:25:00Z,7.366,4.02,-65.60169,45.70139,FLOOD,2026-09-29T052155Z
01AP004,KENNEBECASIS RIVER AT APOHAQUI,2026-09-02T19:30:00Z,7.366,4.02,-65.60169,45.70139,FLOOD,2026-09-29T052155Z
01AP004,KENNEBECASIS RIVER AT APOHAQUI,2026-09-02T19:35:00Z,7.366,4.02,-65.60169,45.70139,FLOOD,2026-09-29T052155Z
01AP004,KENNEBECASIS RIVER AT APOHAQUI,2026-09-02T19:40:00Z,7.366,4.02,-65.60169,45.70139,FLOOD,2026-09-29T052155Z
01AP004,KENNEBECASIS RIVER AT APOHAQUI,2026-09-02T19:45:00Z,7.366,4.02,-65.60169,45.70139,FLOOD,2026-09-29T052155Z
01AP004,KENNEBECASIS RIVER AT APOHAQUI,2026-09-02T19:50:00Z,7.366,4.02,-65.60169,45.70139,FLOOD,2026-09-29T052155Z
01AP004,KENNEBECASIS RIVER AT APOHAQUI,2026-09-02T19:55:00Z,7.366,4.02,-65.60169,45.70139,FLOOD,2026-09-29T052155Z
01AP004,KENNEBECASIS RIVER AT APOHAQUI,2026-09-02T20:00:00Z,7.366,4.02,-65.60169,45.70139,FLOOD,2026-09-29T052155Z
01AP004,KENNEBECASIS RIVER AT APOHAQUI,2026-09-02T20:05:00Z,7.366,4.02,-65.60169,45.70139,FLOOD,2026-09-29T052155Z
01AP004,KENNEBECASIS RIVER AT APOHAQUI,2026-09-02T20:10:00Z,7.366,4.02,-65.60169,45.70139,FLOOD,2026-09-29T052155Z
01AP004,KENNEBECASIS RIVER AT APOHAQUI,2026-09-02T20:15:00Z,7.367,4.04,-65.60169,45.70139,FLOOD,2026-09-29T052155Z
01AP004,KENNEBECASIS RIVER AT APOHAQUI,2026-09-02T20:20:00Z,7.367,4.04,-65.60169,45.70139,FLOOD,2026-09-29T052155Z
01AP004,KENNEBECASIS RIVER AT APOHAQUI,2026-09-02T20:25:00Z,7.366,4.02,-65.60169,45.70139,FLOOD,2026-09-29T052155Z
01AP004,KENNEBECASIS RIVER AT APOHAQUI,2026-09-02T20:30:00Z,7.366,4.02,-65.60169,45.70139,FLOOD,2026-09-29T052155Z
01AP004,KENNEBECASIS RIVER AT APOHAQUI,2026-09-02T20:35:00Z,7.366,4.02,-65.60169,45.70139,FLOOD,2026-09-29T052155Z
01AP004,KENNEBECASIS RIVER AT APOHAQUI,2026-09-02T20:40:00Z,7.366,4.02,-65.60169,45.70139,FLOOD,2026-09-29T052155Z
01AP004,KENNEBECASIS RIVER AT APOHAQUI,2026-09-02T20:45:00Z,7.366,4.02,-65.60169,45.70139,FLOOD,2026-09-29T052155Z
01AP004,KENNEBECASIS RIVER AT APOHAQUI,2026-09-02T20:50:00Z,7.365,4.0,-65.60169,45.70139,FLOOD,2026-09-29T052155Z
01AP004,KENNEBECASIS RIVER AT APOHAQUI,2026-09-02T20:55:00Z,7.366,4.02,-65.60169,45.70139,FLOOD,2026-09-29T052155Z
01AP004,KENNEBECASIS RIVER AT APOHAQUI,2026-09-02T21:00:00Z,7.366,4.02,-65.60169,45.70139,FLOOD,2026-09-29T052155Z
01AP004,KENNEBECASIS RIVER AT APOHAQUI,2026-09-02T21:05:00Z,7.365,4.0,-65.60169,45.70139,FLOOD,2026-09-29T052155Z
01AP004,KENNEBECASIS RIVER AT APOHAQUI,2026-09-02T21:10:00Z,7.365,4.0,-65.60169,45.70139,FLOOD,2026-09-29T052155Z
01AP004,KENNEBECASIS RIVER AT APOHAQUI,2026-09-02T21:15:00Z,7.365,4.0,-65.60169,45.70139,FLOOD,2026-09-29T052155Z
01AP004,KENNEBECASIS RIVER AT APOHAQUI,2026-09-02T21:20:00Z,7.365,4.0,-65.60169,45.70139,FLOOD,2026-09-29T052155Z
01AP004,KENNEBECASIS RIVER AT APOHAQUI,2026-09-02T21:25:00Z,7.365,4.0,-65.60169,45.70139,FLOOD,2026-09-29T052155Z
01AP004,KENNEBECASIS RIVER AT APOHAQUI,2026-09-02T21:30:00Z,7.365,4.0,-65.60169,45.70139,FLOOD,2026-09-29T052155Z
01AP004,KENNEBECASIS RIVER AT APOHAQUI,2026-09-02T21:35:00Z,7.365,4.0,-65.60169,45.70139,FLOOD,2026-09-29T052155Z
01AP004,KENNEBECASIS RIVER AT APOHAQUI,2026-09-02T21:40:00Z,7.366,4.02,-65.60169,45.70139,FLOOD,2026-09-29T052155Z
01AP004,KENNEBECASIS RIVER AT APOHAQUI,2026-09-02T21:45:00Z,7.365,4.0,-65.60169,45.70139,FLOOD,2026-09-29T052155Z
01AP004,KENNEBECASIS RIVER AT APOHAQUI,2026-09-02T21:50:00Z,7.365,4.0,-65.60169,45.70139,FLOOD,2026-09-29T052155Z
01AP004,KENNEBECASIS RIVER AT APOHAQUI,2026-09-02T21:55:00Z,7.365,4.0,-65.60169,45.70139,FLOOD,2026-09-29T052155Z
01AP004,KENNEBECASIS RIVER AT APOHAQUI,2026-09-02T22:00:00Z,7.365,4.0,-65.60169,45.70139,FLOOD,2026-09-29T052155Z
01AP004,KENNEBECASIS RIVER AT APOHAQUI,2026-09-02T22:05:00Z,7.365,4.0,-65.60169,45.70139,FLOOD,2026-09-29T052155Z
01AP004,KENNEBECASIS RIVER AT APOHAQUI,2026-09-02T22:10:00Z,7.365,4.0,-65.60169,45.70139,FLOOD,2026-09-29T052155Z
01AP004,KENNEBECASIS RIVER AT APOHAQUI,2026-09-02T22:15:00Z,7.366,4.02,-65.60169,45.70139,FLOOD,2026-09-29T052155Z
01AP004,KENNEBECASIS RIVER AT APOHAQUI,2026-09-02T22:20:00Z,7.365,4.0,-65.60169,45.70139,FLOOD,2026-09-29T052155Z
01AP004,KENNEBECASIS RIVER AT APOHAQUI,2026-09-02T22:25:00Z,7.365,4.0,-65.60169,45.70139,FLOOD,2026-09-29T052155Z
01AP004,KENNEBECASIS RIVER AT APOHAQUI,2026-09-02T22:30:00Z,7.365,4.0,-65.60169,45.70139,FLOOD,2026-09-29T052155Z
